-- MySQL dump 10.16  Distrib 10.3.9-MariaDB, for debian-linux-gnu (x86_64)
--
-- Host: localhost    Database: medrec
-- ------------------------------------------------------
-- Server version	10.3.9-MariaDB-1:10.3.9+maria~bionic-log

/*!40101 SET @OLD_CHARACTER_SET_CLIENT=@@CHARACTER_SET_CLIENT */;
/*!40101 SET @OLD_CHARACTER_SET_RESULTS=@@CHARACTER_SET_RESULTS */;
/*!40101 SET @OLD_COLLATION_CONNECTION=@@COLLATION_CONNECTION */;
/*!40101 SET NAMES utf8 */;
/*!40103 SET @OLD_TIME_ZONE=@@TIME_ZONE */;
/*!40103 SET TIME_ZONE='+00:00' */;
/*!40014 SET @OLD_UNIQUE_CHECKS=@@UNIQUE_CHECKS, UNIQUE_CHECKS=0 */;
/*!40014 SET @OLD_FOREIGN_KEY_CHECKS=@@FOREIGN_KEY_CHECKS, FOREIGN_KEY_CHECKS=0 */;
/*!40101 SET @OLD_SQL_MODE=@@SQL_MODE, SQL_MODE='NO_AUTO_VALUE_ON_ZERO' */;
/*!40111 SET @OLD_SQL_NOTES=@@SQL_NOTES, SQL_NOTES=0 */;

--
-- Table structure for table `auth_group`
--

DROP TABLE IF EXISTS `auth_group`;
/*!40101 SET @saved_cs_client     = @@character_set_client */;
/*!40101 SET character_set_client = utf8 */;
CREATE TABLE `auth_group` (
  `id` int(11) NOT NULL AUTO_INCREMENT,
  `name` varchar(80) NOT NULL,
  PRIMARY KEY (`id`),
  UNIQUE KEY `name` (`name`)
) ENGINE=InnoDB DEFAULT CHARSET=latin1;
/*!40101 SET character_set_client = @saved_cs_client */;

--
-- Dumping data for table `auth_group`
--

LOCK TABLES `auth_group` WRITE;
/*!40000 ALTER TABLE `auth_group` DISABLE KEYS */;
/*!40000 ALTER TABLE `auth_group` ENABLE KEYS */;
UNLOCK TABLES;

--
-- Table structure for table `auth_group_permissions`
--

DROP TABLE IF EXISTS `auth_group_permissions`;
/*!40101 SET @saved_cs_client     = @@character_set_client */;
/*!40101 SET character_set_client = utf8 */;
CREATE TABLE `auth_group_permissions` (
  `id` int(11) NOT NULL AUTO_INCREMENT,
  `group_id` int(11) NOT NULL,
  `permission_id` int(11) NOT NULL,
  PRIMARY KEY (`id`),
  UNIQUE KEY `auth_group_permissions_group_id_permission_id_0cd325b0_uniq` (`group_id`,`permission_id`),
  KEY `auth_group_permissio_permission_id_84c5c92e_fk_auth_perm` (`permission_id`),
  CONSTRAINT `auth_group_permissio_permission_id_84c5c92e_fk_auth_perm` FOREIGN KEY (`permission_id`) REFERENCES `auth_permission` (`id`),
  CONSTRAINT `auth_group_permissions_group_id_b120cbf9_fk_auth_group_id` FOREIGN KEY (`group_id`) REFERENCES `auth_group` (`id`)
) ENGINE=InnoDB DEFAULT CHARSET=latin1;
/*!40101 SET character_set_client = @saved_cs_client */;

--
-- Dumping data for table `auth_group_permissions`
--

LOCK TABLES `auth_group_permissions` WRITE;
/*!40000 ALTER TABLE `auth_group_permissions` DISABLE KEYS */;
/*!40000 ALTER TABLE `auth_group_permissions` ENABLE KEYS */;
UNLOCK TABLES;

--
-- Table structure for table `auth_permission`
--

DROP TABLE IF EXISTS `auth_permission`;
/*!40101 SET @saved_cs_client     = @@character_set_client */;
/*!40101 SET character_set_client = utf8 */;
CREATE TABLE `auth_permission` (
  `id` int(11) NOT NULL AUTO_INCREMENT,
  `name` varchar(255) NOT NULL,
  `content_type_id` int(11) NOT NULL,
  `codename` varchar(100) NOT NULL,
  PRIMARY KEY (`id`),
  UNIQUE KEY `auth_permission_content_type_id_codename_01ab375a_uniq` (`content_type_id`,`codename`),
  CONSTRAINT `auth_permission_content_type_id_2f476e4b_fk_django_co` FOREIGN KEY (`content_type_id`) REFERENCES `django_content_type` (`id`)
) ENGINE=InnoDB AUTO_INCREMENT=264 DEFAULT CHARSET=latin1;
/*!40101 SET character_set_client = @saved_cs_client */;

--
-- Dumping data for table `auth_permission`
--

LOCK TABLES `auth_permission` WRITE;
/*!40000 ALTER TABLE `auth_permission` DISABLE KEYS */;
INSERT INTO `auth_permission` VALUES (1,'Can add occupation',1,'add_occupation'),(3,'Can change occupation',1,'change_occupation'),(5,'Can delete occupation',1,'delete_occupation'),(7,'Can add patient',3,'add_patient'),(9,'Can change patient',3,'change_patient'),(11,'Can delete patient',3,'delete_patient'),(13,'Can add province',5,'add_province'),(15,'Can change province',5,'change_province'),(17,'Can delete province',5,'delete_province'),(19,'Can add town',7,'add_town'),(21,'Can change town',7,'change_town'),(23,'Can delete town',7,'delete_town'),(25,'Can add image',9,'add_image'),(27,'Can change image',9,'change_image'),(29,'Can delete image',9,'delete_image'),(31,'Can add biopsy',11,'add_biopsy'),(33,'Can change biopsy',11,'change_biopsy'),(35,'Can delete biopsy',11,'delete_biopsy'),(37,'Can add biopsy name',13,'add_biopsyname'),(39,'Can change biopsy name',13,'change_biopsyname'),(41,'Can delete biopsy name',13,'delete_biopsyname'),(43,'Can add biopsy result',15,'add_biopsyresult'),(45,'Can change biopsy result',15,'change_biopsyresult'),(47,'Can delete biopsy result',15,'delete_biopsyresult'),(49,'Can add complaint name',17,'add_complaintname'),(51,'Can change complaint name',17,'change_complaintname'),(53,'Can delete complaint name',17,'delete_complaintname'),(55,'Can add complaint',19,'add_complaint'),(57,'Can change complaint',19,'change_complaint'),(59,'Can delete complaint',19,'delete_complaint'),(61,'Can add dose',21,'add_dose'),(63,'Can change dose',21,'change_dose'),(65,'Can delete dose',21,'delete_dose'),(67,'Can add exam name',23,'add_examname'),(69,'Can change exam name',23,'change_examname'),(71,'Can delete exam name',23,'delete_examname'),(73,'Can add exam',25,'add_exam'),(75,'Can change exam',25,'change_exam'),(77,'Can delete exam',25,'delete_exam'),(79,'Can add exam result',27,'add_examresult'),(81,'Can change exam result',27,'change_examresult'),(83,'Can delete exam result',27,'delete_examresult'),(85,'Can add exam type',29,'add_examtype'),(87,'Can change exam type',29,'change_examtype'),(89,'Can delete exam type',29,'delete_examtype'),(91,'Can add finding',31,'add_finding'),(93,'Can change finding',31,'change_finding'),(95,'Can delete finding',31,'delete_finding'),(97,'Can add hearing',33,'add_hearing'),(99,'Can change hearing',33,'change_hearing'),(101,'Can delete hearing',33,'delete_hearing'),(103,'Can add hearing test',35,'add_hearingtest'),(105,'Can change hearing test',35,'change_hearingtest'),(107,'Can delete hearing test',35,'delete_hearingtest'),(109,'Can add hearing result',37,'add_hearingresult'),(111,'Can change hearing result',37,'change_hearingresult'),(113,'Can delete hearing result',37,'delete_hearingresult'),(115,'Can add location',39,'add_location'),(117,'Can change location',39,'change_location'),(119,'Can delete location',39,'delete_location'),(121,'Can add medicine',41,'add_medicine'),(123,'Can change medicine',41,'change_medicine'),(125,'Can delete medicine',41,'delete_medicine'),(127,'Can add prescription',43,'add_prescription'),(129,'Can change prescription',43,'change_prescription'),(131,'Can delete prescription',43,'delete_prescription'),(133,'Can add reminder',45,'add_reminder'),(135,'Can change reminder',45,'change_reminder'),(137,'Can delete reminder',45,'delete_reminder'),(139,'Can add treatment',47,'add_treatment'),(141,'Can change treatment',47,'change_treatment'),(143,'Can delete treatment',47,'delete_treatment'),(145,'Can add visit',49,'add_visit'),(147,'Can change visit',49,'change_visit'),(149,'Can delete visit',49,'delete_visit'),(151,'Can add doctor',51,'add_doctor'),(153,'Can change doctor',51,'change_doctor'),(155,'Can delete doctor',51,'delete_doctor'),(157,'Can add log entry',53,'add_logentry'),(159,'Can change log entry',53,'change_logentry'),(161,'Can delete log entry',53,'delete_logentry'),(163,'Can add group',55,'add_group'),(165,'Can change group',55,'change_group'),(167,'Can delete group',55,'delete_group'),(169,'Can add permission',57,'add_permission'),(171,'Can change permission',57,'change_permission'),(173,'Can delete permission',57,'delete_permission'),(175,'Can add user',59,'add_user'),(177,'Can change user',59,'change_user'),(179,'Can delete user',59,'delete_user'),(181,'Can add content type',61,'add_contenttype'),(183,'Can change content type',61,'change_contenttype'),(185,'Can delete content type',61,'delete_contenttype'),(187,'Can add session',63,'add_session'),(189,'Can change session',63,'change_session'),(191,'Can delete session',63,'delete_session'),(192,'Can add diagnosis',64,'add_diagnosis'),(193,'Can change diagnosis',64,'change_diagnosis'),(194,'Can delete diagnosis',64,'delete_diagnosis'),(195,'Can add medicine charge',65,'add_medicinecharge'),(196,'Can change medicine charge',65,'change_medicinecharge'),(197,'Can delete medicine charge',65,'delete_medicinecharge'),(198,'Can add visit charge',66,'add_visitcharge'),(199,'Can change visit charge',66,'change_visitcharge'),(200,'Can delete visit charge',66,'delete_visitcharge'),(201,'Can add visit payment',68,'add_visitpayment'),(202,'Can change visit payment',68,'change_visitpayment'),(203,'Can delete visit payment',68,'delete_visitpayment'),(204,'Can add medicine payment',67,'add_medicinepayment'),(205,'Can change medicine payment',67,'change_medicinepayment'),(206,'Can delete medicine payment',67,'delete_medicinepayment'),(207,'Can add biopsy location',69,'add_biopsylocation'),(208,'Can change biopsy location',69,'change_biopsylocation'),(209,'Can delete biopsy location',69,'delete_biopsylocation'),(210,'Can add num of days',70,'add_numofdays'),(211,'Can change num of days',70,'change_numofdays'),(212,'Can delete num of days',70,'delete_numofdays'),(213,'Can add medicine generic',72,'add_medicinegeneric'),(214,'Can change medicine generic',72,'change_medicinegeneric'),(215,'Can delete medicine generic',72,'delete_medicinegeneric'),(216,'Can add medicine brand',73,'add_medicinebrand'),(217,'Can change medicine brand',73,'change_medicinebrand'),(218,'Can delete medicine brand',73,'delete_medicinebrand'),(219,'Can add medicine quantity',71,'add_medicinequantity'),(220,'Can change medicine quantity',71,'change_medicinequantity'),(221,'Can delete medicine quantity',71,'delete_medicinequantity'),(222,'Can add hospital',74,'add_hospital'),(223,'Can change hospital',74,'change_hospital'),(224,'Can delete hospital',74,'delete_hospital'),(225,'Can view hospital',74,'view_hospital'),(226,'Can view doctor',51,'view_doctor'),(227,'Can view occupation',1,'view_occupation'),(228,'Can view patient',3,'view_patient'),(229,'Can view province',5,'view_province'),(230,'Can view town',7,'view_town'),(231,'Can view image',9,'view_image'),(232,'Can view biopsy',11,'view_biopsy'),(233,'Can view biopsy location',69,'view_biopsylocation'),(234,'Can view biopsy name',13,'view_biopsyname'),(235,'Can view biopsy result',15,'view_biopsyresult'),(236,'Can view complaint name',17,'view_complaintname'),(237,'Can view complaint',19,'view_complaint'),(238,'Can view diagnosis',64,'view_diagnosis'),(239,'Can view dose',21,'view_dose'),(240,'Can view exam',25,'view_exam'),(241,'Can view exam name',23,'view_examname'),(242,'Can view exam result',27,'view_examresult'),(243,'Can view finding',31,'view_finding'),(244,'Can view hearing',33,'view_hearing'),(245,'Can view hearing test',35,'view_hearingtest'),(246,'Can view hearing result',37,'view_hearingresult'),(247,'Can view location',39,'view_location'),(248,'Can view medicine generic',72,'view_medicinegeneric'),(249,'Can view medicine brand',73,'view_medicinebrand'),(250,'Can view medicine payment',67,'view_medicinepayment'),(251,'Can view medicine quantity',71,'view_medicinequantity'),(252,'Can view num of days',70,'view_numofdays'),(253,'Can view prescription',43,'view_prescription'),(254,'Can view reminder',45,'view_reminder'),(255,'Can view treatment',47,'view_treatment'),(256,'Can view visit',49,'view_visit'),(257,'Can view visit payment',68,'view_visitpayment'),(258,'Can view log entry',53,'view_logentry'),(259,'Can view permission',57,'view_permission'),(260,'Can view group',55,'view_group'),(261,'Can view user',59,'view_user'),(262,'Can view content type',61,'view_contenttype'),(263,'Can view session',63,'view_session');
/*!40000 ALTER TABLE `auth_permission` ENABLE KEYS */;
UNLOCK TABLES;

--
-- Table structure for table `auth_user`
--

DROP TABLE IF EXISTS `auth_user`;
/*!40101 SET @saved_cs_client     = @@character_set_client */;
/*!40101 SET character_set_client = utf8 */;
CREATE TABLE `auth_user` (
  `id` int(11) NOT NULL AUTO_INCREMENT,
  `password` varchar(128) NOT NULL,
  `last_login` datetime(6) DEFAULT NULL,
  `is_superuser` tinyint(1) NOT NULL,
  `username` varchar(150) NOT NULL,
  `first_name` varchar(30) NOT NULL,
  `last_name` varchar(150) NOT NULL,
  `email` varchar(254) NOT NULL,
  `is_staff` tinyint(1) NOT NULL,
  `is_active` tinyint(1) NOT NULL,
  `date_joined` datetime(6) NOT NULL,
  PRIMARY KEY (`id`),
  UNIQUE KEY `username` (`username`)
) ENGINE=InnoDB AUTO_INCREMENT=13 DEFAULT CHARSET=latin1;
/*!40101 SET character_set_client = @saved_cs_client */;

--
-- Dumping data for table `auth_user`
--

LOCK TABLES `auth_user` WRITE;
/*!40000 ALTER TABLE `auth_user` DISABLE KEYS */;
INSERT INTO `auth_user` VALUES (1,'pbkdf2_sha256$120000$ybCREQoYRGtg$tZcSYEoWpYo2WKJtprafSmXQu/gQITj34n1REo3B18Q=','2018-09-08 09:31:34.572694',0,'medrec1','','','',1,1,'2018-05-03 11:57:45.000000'),(6,'pbkdf2_sha256$120000$P0V671hLWxT4$oQJIcHbKZ3B3Q/3nCcskyP1BD4YjUd0iCAd4Jmpupzc=','2018-09-08 09:39:29.280661',0,'jamjam2011','janeth','cuizon','',1,1,'2018-05-05 07:14:23.000000'),(11,'pbkdf2_sha256$120000$5GsD1F3uwDTT$fuYiQjUJUmxbMwLP3AeB/kwQoGkwkE+20k1eb0MCBZ0=','2018-09-08 09:38:41.335272',0,'simon','Simon John Eric','Flores','sjetflores@gmail.com',1,1,'2018-05-05 07:16:34.000000'),(12,'pbkdf2_sha256$120000$2mBNxc53se7R$bWT0nYrAJNGZLl0TXZKXIyI7ICaaJV/Y+VFGCYYvJrc=','2018-08-23 17:27:55.256319',1,'gerald','Gerald','Brown','gsbrown43@gmail.com',1,1,'2018-06-13 19:05:57.000000');
/*!40000 ALTER TABLE `auth_user` ENABLE KEYS */;
UNLOCK TABLES;

--
-- Table structure for table `auth_user_groups`
--

DROP TABLE IF EXISTS `auth_user_groups`;
/*!40101 SET @saved_cs_client     = @@character_set_client */;
/*!40101 SET character_set_client = utf8 */;
CREATE TABLE `auth_user_groups` (
  `id` int(11) NOT NULL AUTO_INCREMENT,
  `user_id` int(11) NOT NULL,
  `group_id` int(11) NOT NULL,
  PRIMARY KEY (`id`),
  UNIQUE KEY `auth_user_groups_user_id_group_id_94350c0c_uniq` (`user_id`,`group_id`),
  KEY `auth_user_groups_group_id_97559544_fk_auth_group_id` (`group_id`),
  CONSTRAINT `auth_user_groups_group_id_97559544_fk_auth_group_id` FOREIGN KEY (`group_id`) REFERENCES `auth_group` (`id`),
  CONSTRAINT `auth_user_groups_user_id_6a12ed8b_fk_auth_user_id` FOREIGN KEY (`user_id`) REFERENCES `auth_user` (`id`)
) ENGINE=InnoDB DEFAULT CHARSET=latin1;
/*!40101 SET character_set_client = @saved_cs_client */;

--
-- Dumping data for table `auth_user_groups`
--

LOCK TABLES `auth_user_groups` WRITE;
/*!40000 ALTER TABLE `auth_user_groups` DISABLE KEYS */;
/*!40000 ALTER TABLE `auth_user_groups` ENABLE KEYS */;
UNLOCK TABLES;

--
-- Table structure for table `auth_user_user_permissions`
--

DROP TABLE IF EXISTS `auth_user_user_permissions`;
/*!40101 SET @saved_cs_client     = @@character_set_client */;
/*!40101 SET character_set_client = utf8 */;
CREATE TABLE `auth_user_user_permissions` (
  `id` int(11) NOT NULL AUTO_INCREMENT,
  `user_id` int(11) NOT NULL,
  `permission_id` int(11) NOT NULL,
  PRIMARY KEY (`id`),
  UNIQUE KEY `auth_user_user_permissions_user_id_permission_id_14a6b632_uniq` (`user_id`,`permission_id`),
  KEY `auth_user_user_permi_permission_id_1fbb5f2c_fk_auth_perm` (`permission_id`),
  CONSTRAINT `auth_user_user_permi_permission_id_1fbb5f2c_fk_auth_perm` FOREIGN KEY (`permission_id`) REFERENCES `auth_permission` (`id`),
  CONSTRAINT `auth_user_user_permissions_user_id_a95ead1b_fk_auth_user_id` FOREIGN KEY (`user_id`) REFERENCES `auth_user` (`id`)
) ENGINE=InnoDB AUTO_INCREMENT=1316 DEFAULT CHARSET=latin1;
/*!40101 SET character_set_client = @saved_cs_client */;

--
-- Dumping data for table `auth_user_user_permissions`
--

LOCK TABLES `auth_user_user_permissions` WRITE;
/*!40000 ALTER TABLE `auth_user_user_permissions` DISABLE KEYS */;
INSERT INTO `auth_user_user_permissions` VALUES (1091,1,1),(1092,1,3),(1093,1,5),(1094,1,7),(1095,1,9),(1096,1,11),(1097,1,13),(1098,1,15),(1099,1,17),(1100,1,19),(1101,1,21),(1102,1,23),(1103,1,25),(1104,1,27),(1105,1,29),(1106,1,31),(1107,1,33),(1108,1,35),(1109,1,37),(1110,1,39),(1111,1,41),(1112,1,43),(1113,1,45),(1114,1,47),(1115,1,49),(1116,1,51),(1117,1,53),(1118,1,55),(1119,1,57),(1120,1,59),(1121,1,61),(1122,1,63),(1123,1,65),(1124,1,67),(1125,1,69),(1126,1,71),(1127,1,73),(1128,1,75),(1129,1,77),(1130,1,79),(1131,1,81),(1132,1,83),(1133,1,85),(1134,1,87),(1135,1,89),(1136,1,91),(1137,1,93),(1138,1,95),(1139,1,97),(1140,1,99),(1141,1,101),(1142,1,103),(1143,1,105),(1144,1,107),(1145,1,109),(1146,1,111),(1147,1,113),(1148,1,115),(1149,1,117),(1150,1,119),(1151,1,121),(1152,1,123),(1153,1,125),(1154,1,127),(1155,1,129),(1156,1,131),(1157,1,133),(1158,1,135),(1159,1,137),(1160,1,139),(1161,1,141),(1162,1,143),(1163,1,145),(1164,1,147),(1165,1,149),(1166,1,151),(1167,1,153),(1168,1,155),(1169,1,157),(1170,1,159),(1171,1,161),(1172,1,163),(1173,1,165),(1174,1,167),(1175,1,169),(1176,1,171),(1177,1,173),(1178,1,175),(1179,1,177),(1180,1,179),(1181,1,181),(1182,1,183),(1183,1,185),(1184,1,187),(1185,1,189),(1186,1,191),(1187,1,192),(1188,1,193),(1189,1,194),(1190,1,195),(1191,1,196),(1192,1,197),(1193,1,198),(1194,1,199),(1195,1,200),(1196,1,201),(1197,1,202),(1198,1,203),(1199,1,204),(1200,1,205),(1201,1,206),(1202,1,207),(1203,1,208),(1204,1,209),(1205,1,210),(1206,1,211),(1207,1,212),(1208,1,213),(1209,1,214),(1210,1,215),(1211,1,216),(1212,1,217),(1213,1,218),(1214,1,219),(1215,1,220),(1216,1,221),(1217,1,222),(1218,1,223),(1219,1,224),(1220,1,225),(1221,1,226),(1222,1,227),(1223,1,228),(1224,1,229),(1225,1,230),(1226,1,231),(1227,1,232),(1228,1,233),(1229,1,234),(1230,1,235),(1231,1,236),(1232,1,237),(1233,1,238),(1234,1,239),(1235,1,240),(1236,1,241),(1237,1,242),(1238,1,243),(1239,1,244),(1240,1,245),(1241,1,246),(1242,1,247),(1243,1,248),(1244,1,249),(1245,1,250),(1246,1,251),(1247,1,252),(1248,1,253),(1249,1,254),(1250,1,255),(1251,1,256),(1252,1,257),(1253,1,258),(1254,1,259),(1255,1,260),(1256,1,261),(1257,1,262),(1258,1,263),(1,6,1),(11,6,3),(21,6,7),(31,6,9),(41,6,13),(51,6,15),(61,6,19),(71,6,21),(86,6,25),(91,6,27),(106,6,31),(111,6,33),(126,6,37),(131,6,39),(146,6,43),(151,6,45),(166,6,49),(171,6,51),(186,6,55),(191,6,57),(206,6,61),(211,6,63),(216,6,65),(221,6,67),(226,6,69),(231,6,73),(236,6,75),(241,6,79),(246,6,81),(256,6,85),(261,6,87),(266,6,91),(271,6,93),(276,6,97),(281,6,99),(286,6,103),(291,6,105),(296,6,109),(301,6,111),(306,6,115),(311,6,117),(316,6,121),(321,6,123),(326,6,127),(6,6,129),(16,6,133),(26,6,135),(36,6,139),(46,6,141),(56,6,145),(66,6,147),(990,6,192),(991,6,193),(992,6,195),(993,6,196),(994,6,198),(995,6,199),(996,6,201),(997,6,202),(998,6,204),(999,6,205),(1000,6,207),(1001,6,208),(1002,6,210),(1003,6,211),(1004,6,213),(1005,6,214),(1006,6,216),(1007,6,217),(1008,6,219),(1009,6,220),(1010,6,227),(1011,6,228),(1012,6,229),(1013,6,230),(1014,6,232),(1015,6,233),(1016,6,234),(1017,6,235),(1018,6,237),(1019,6,238),(1020,6,239),(1021,6,240),(1022,6,241),(1023,6,242),(1024,6,243),(1025,6,244),(1026,6,245),(1027,6,246),(1028,6,247),(1029,6,248),(1030,6,249),(1031,6,250),(1032,6,251),(1033,6,252),(1034,6,253),(1035,6,254),(1036,6,255),(988,6,256),(989,6,257),(331,11,1),(341,11,3),(1264,11,5),(351,11,7),(361,11,9),(1268,11,11),(371,11,13),(381,11,15),(1270,11,17),(391,11,19),(401,11,21),(1271,11,23),(421,11,25),(426,11,27),(1274,11,29),(441,11,31),(446,11,33),(1278,11,35),(461,11,37),(466,11,39),(1282,11,41),(481,11,43),(486,11,45),(1285,11,47),(501,11,49),(506,11,51),(1288,11,53),(521,11,55),(526,11,57),(1291,11,59),(541,11,61),(546,11,63),(1293,11,65),(551,11,67),(556,11,69),(1296,11,71),(561,11,73),(566,11,75),(1299,11,77),(571,11,79),(576,11,81),(1302,11,83),(581,11,85),(586,11,87),(1305,11,89),(591,11,91),(596,11,93),(1308,11,95),(601,11,97),(606,11,99),(1310,11,101),(611,11,103),(616,11,105),(1312,11,107),(621,11,109),(626,11,111),(1313,11,113),(631,11,115),(636,11,117),(1314,11,119),(641,11,121),(646,11,123),(1315,11,125),(651,11,127),(336,11,129),(1266,11,131),(346,11,133),(356,11,135),(1267,11,137),(366,11,139),(376,11,141),(1269,11,143),(386,11,145),(396,11,147),(406,11,149),(411,11,151),(416,11,153),(1272,11,155),(1273,11,157),(1275,11,159),(1276,11,161),(1277,11,163),(1279,11,165),(1280,11,167),(1281,11,169),(1283,11,171),(1284,11,173),(491,11,175),(496,11,177),(1286,11,179),(1287,11,181),(1289,11,183),(1290,11,185),(531,11,187),(536,11,189),(1292,11,191),(1039,11,192),(1040,11,193),(1294,11,194),(1041,11,195),(1042,11,196),(1295,11,197),(1043,11,198),(1044,11,199),(1297,11,200),(1045,11,201),(1046,11,202),(1298,11,203),(1047,11,204),(1048,11,205),(1300,11,206),(1049,11,207),(1050,11,208),(1301,11,209),(1051,11,210),(1052,11,211),(1303,11,212),(1053,11,213),(1054,11,214),(1304,11,215),(1055,11,216),(1056,11,217),(1306,11,218),(1057,11,219),(1058,11,220),(1307,11,221),(1059,11,222),(1060,11,223),(1309,11,224),(1061,11,225),(1062,11,226),(1063,11,227),(1064,11,228),(1065,11,229),(1066,11,230),(1311,11,231),(1067,11,232),(1068,11,233),(1069,11,234),(1070,11,235),(1071,11,236),(1072,11,237),(1073,11,238),(1074,11,239),(1075,11,240),(1076,11,241),(1077,11,242),(1078,11,243),(1079,11,244),(1080,11,245),(1081,11,246),(1082,11,247),(1083,11,248),(1084,11,249),(1085,11,250),(1086,11,251),(1087,11,252),(1088,11,253),(1089,11,254),(1090,11,255),(1037,11,256),(1038,11,257),(1259,11,258),(1260,11,259),(1261,11,260),(1262,11,261),(1263,11,262),(1265,11,263),(652,12,1),(653,12,3),(654,12,5),(655,12,7),(656,12,9),(657,12,11),(658,12,13),(659,12,15),(660,12,17),(661,12,19),(662,12,21),(663,12,23),(664,12,25),(665,12,27),(666,12,29),(667,12,31),(668,12,33),(669,12,35),(670,12,37),(671,12,39),(672,12,41),(673,12,43),(674,12,45),(675,12,47),(676,12,49),(677,12,51),(678,12,53),(679,12,55),(680,12,57),(681,12,59),(682,12,61),(683,12,63),(684,12,65),(685,12,67),(686,12,69),(687,12,71),(688,12,73),(689,12,75),(690,12,77),(691,12,79),(692,12,81),(693,12,83),(694,12,85),(695,12,87),(696,12,89),(697,12,91),(698,12,93),(699,12,95),(700,12,97),(701,12,99),(702,12,101),(703,12,103),(704,12,105),(705,12,107),(706,12,109),(707,12,111),(708,12,113),(709,12,115),(710,12,117),(711,12,119),(712,12,121),(713,12,123),(714,12,125),(715,12,127),(716,12,129),(717,12,131),(718,12,133),(719,12,135),(720,12,137),(721,12,139),(722,12,141),(723,12,143),(724,12,145),(725,12,147),(726,12,149),(727,12,151),(728,12,153),(729,12,155),(730,12,157),(731,12,159),(732,12,161),(733,12,163),(734,12,165),(735,12,167),(736,12,169),(737,12,171),(738,12,173),(739,12,175),(740,12,177),(741,12,179),(742,12,181),(743,12,183),(744,12,185),(745,12,187),(746,12,189),(747,12,191),(748,12,192),(749,12,193),(750,12,194),(751,12,195),(752,12,196),(753,12,197),(754,12,198),(755,12,199),(756,12,200),(933,12,201),(934,12,202),(935,12,203),(936,12,204),(937,12,205),(938,12,206),(939,12,207),(940,12,208),(941,12,209),(942,12,210),(943,12,211),(944,12,212),(945,12,213),(946,12,214),(947,12,215),(948,12,216),(949,12,217),(950,12,218),(951,12,219),(952,12,220),(953,12,221),(954,12,222),(955,12,223),(956,12,224),(957,12,225),(958,12,226),(959,12,227),(960,12,228),(961,12,229),(962,12,230),(963,12,231),(964,12,232),(965,12,233),(966,12,234),(967,12,235),(968,12,236),(969,12,237),(970,12,238),(971,12,239),(972,12,240),(973,12,241),(974,12,242),(975,12,243),(976,12,244),(977,12,245),(978,12,246),(979,12,247),(980,12,248),(981,12,249),(982,12,250),(983,12,251),(984,12,252),(985,12,253),(986,12,254),(987,12,255),(925,12,256),(926,12,257),(927,12,258),(928,12,259),(929,12,260),(930,12,261),(931,12,262),(932,12,263);
/*!40000 ALTER TABLE `auth_user_user_permissions` ENABLE KEYS */;
UNLOCK TABLES;

--
-- Table structure for table `django_admin_log`
--

DROP TABLE IF EXISTS `django_admin_log`;
/*!40101 SET @saved_cs_client     = @@character_set_client */;
/*!40101 SET character_set_client = utf8 */;
CREATE TABLE `django_admin_log` (
  `id` int(11) NOT NULL AUTO_INCREMENT,
  `action_time` datetime(6) NOT NULL,
  `object_id` longtext DEFAULT NULL,
  `object_repr` varchar(200) NOT NULL,
  `action_flag` smallint(5) unsigned NOT NULL,
  `change_message` longtext NOT NULL,
  `content_type_id` int(11) DEFAULT NULL,
  `user_id` int(11) NOT NULL,
  PRIMARY KEY (`id`),
  KEY `django_admin_log_content_type_id_c4bce8eb_fk_django_co` (`content_type_id`),
  KEY `django_admin_log_user_id_c564eba6_fk` (`user_id`),
  CONSTRAINT `django_admin_log_content_type_id_c4bce8eb_fk_django_co` FOREIGN KEY (`content_type_id`) REFERENCES `django_content_type` (`id`),
  CONSTRAINT `django_admin_log_user_id_c564eba6_fk` FOREIGN KEY (`user_id`) REFERENCES `auth_user` (`id`)
) ENGINE=InnoDB AUTO_INCREMENT=5298 DEFAULT CHARSET=latin1;
/*!40101 SET character_set_client = @saved_cs_client */;

--
-- Dumping data for table `django_admin_log`
--

LOCK TABLES `django_admin_log` WRITE;
/*!40000 ALTER TABLE `django_admin_log` DISABLE KEYS */;
INSERT INTO `django_admin_log` VALUES (1,'2018-05-05 01:46:42.609341','1','Negros Oriental',1,'[{\"added\": {}}]',5,1),(6,'2018-05-05 01:46:44.933648','1','Dumaguete City',1,'[{\"added\": {}}]',7,1),(11,'2018-05-05 01:47:07.883265','1','Retired',1,'[{\"added\": {}}]',1,1),(16,'2018-05-05 01:47:12.465821','1','Brown, Gerald',1,'[{\"added\": {}}]',3,1),(21,'2018-05-05 01:48:27.660831','1','Comp1',1,'[{\"added\": {}}]',17,1),(26,'2018-05-05 01:48:44.420472','1','Loc1',1,'[{\"added\": {}}]',39,1),(31,'2018-05-05 01:49:02.484140','1','Fins1',1,'[{\"added\": {}}]',31,1),(36,'2018-05-05 01:49:15.469689','1','Treat1',1,'[{\"added\": {}}]',47,1),(41,'2018-05-05 01:49:48.127292','1','Med1 Brand',1,'[{\"added\": {}}]',41,1),(46,'2018-05-05 01:50:08.489158','1','10 mg',1,'[{\"added\": {}}]',21,1),(51,'2018-05-05 01:50:21.355142','1','Take daily',1,'[{\"added\": {}}]',45,1),(56,'2018-05-05 01:51:08.846073','1','Brown, Gerald, 2018-05-05',1,'[{\"added\": {}}, {\"added\": {\"name\": \"complaint\", \"object\": \"Comp1\"}}, {\"added\": {\"name\": \"prescription\", \"object\": \"Prescription object (1)\"}}]',49,1),(61,'2018-05-05 06:54:39.732188','1','Brown, Gerald',2,'[{\"changed\": {\"fields\": [\"contact_num\", \"address\", \"email\"]}}]',3,1),(66,'2018-05-05 06:55:41.666728','6','Amlan',1,'[{\"added\": {}}]',7,1),(71,'2018-05-05 06:56:17.199046','6','Tubac, Milagros',1,'[{\"added\": {}}]',3,1),(76,'2018-05-05 06:57:10.496657','6','Ear pain',1,'[{\"added\": {}}]',17,1),(81,'2018-05-05 06:57:33.571655','6','Right ear',1,'[{\"added\": {}}]',39,1),(86,'2018-05-05 06:57:48.112873','11','Left ear',1,'[{\"added\": {}}]',39,1),(91,'2018-05-05 06:58:02.648890','16','Both ears',1,'[{\"added\": {}}]',39,1),(96,'2018-05-05 06:59:46.334510','6','Perforated ear dru,',1,'[{\"added\": {}}]',31,1),(101,'2018-05-05 07:01:09.574431','6','Perscribed medicine',1,'[{\"added\": {}}]',47,1),(106,'2018-05-05 07:02:06.852479','6','None',1,'[{\"added\": {}}]',41,1),(111,'2018-05-05 07:02:29.562199','6','500 mg',1,'[{\"added\": {}}]',21,1),(116,'2018-05-05 07:02:50.480346','6','Three times aday',1,'[{\"added\": {}}]',45,1),(121,'2018-05-05 07:03:43.368624','6','Amoxil',2,'[{\"changed\": {\"fields\": [\"brand_name\"]}}]',41,1),(126,'2018-05-05 07:05:01.275790','6','Brown, Gerald, 2018-05-05',1,'[{\"added\": {}}, {\"added\": {\"object\": \"Ear pain\", \"name\": \"complaint\"}}, {\"added\": {\"object\": \"Prescription object (6)\", \"name\": \"prescription\"}}]',49,1),(131,'2018-05-05 07:14:23.980339','6','jamjam2011',1,'[{\"added\": {}}]',59,1),(136,'2018-05-05 07:16:00.120579','6','jamjam2011',2,'[{\"changed\": {\"fields\": [\"first_name\", \"last_name\", \"is_staff\"]}}]',59,1),(141,'2018-05-05 07:16:34.323016','11','simon',1,'[{\"added\": {}}]',59,1),(146,'2018-05-05 07:22:40.548412','6','jamjam2011',2,'[{\"changed\": {\"fields\": [\"user_permissions\"]}}]',59,1),(151,'2018-05-05 07:30:54.713475','11','simon',2,'[{\"changed\": {\"fields\": [\"first_name\", \"last_name\", \"email\", \"is_staff\", \"user_permissions\"]}}]',59,1),(156,'2018-05-05 07:52:41.552615','11','Suasin, Pompeo',1,'[{\"added\": {}}]',3,6),(161,'2018-05-05 07:56:55.412658','11','oral check-up',1,'[{\"added\": {}}]',17,6),(166,'2018-05-05 07:59:17.621924','21','mouth',1,'[{\"added\": {}}]',39,6),(171,'2018-05-05 08:00:59.889860','11','refer to dentist',1,'[{\"added\": {}}]',47,6),(176,'2018-05-05 08:01:09.877376','11','None',1,'[{\"added\": {}}]',31,6),(181,'2018-05-05 08:01:33.647420','11','Suasin, Pompeo, 2017-11-12',1,'[{\"added\": {}}, {\"added\": {\"object\": \"oral check-up\", \"name\": \"complaint\"}}]',49,6),(186,'2018-05-05 08:04:26.639675','16','negative swelling',1,'[{\"added\": {}}]',31,6),(191,'2018-05-05 08:04:51.592070','16','advised',1,'[{\"added\": {}}]',47,6),(196,'2018-05-05 08:05:09.147527','16','Suasin, Pompeo, 2018-05-04',1,'[{\"added\": {}}, {\"added\": {\"object\": \"oral check-up\", \"name\": \"complaint\"}}]',49,6),(201,'2018-05-07 01:44:30.520005','16','Dizon, Gaudiosa',1,'[{\"added\": {}}]',3,6),(206,'2018-05-07 01:54:46.867648','6','Siquijor',1,'[{\"added\": {}}]',5,6),(211,'2018-05-07 01:54:50.788298','11','Caticugan',1,'[{\"added\": {}}]',7,6),(216,'2018-05-07 01:56:09.001018','6','Student',1,'[{\"added\": {}}]',1,6),(221,'2018-05-07 02:02:02.396520','16','Siquijor',1,'[{\"added\": {}}]',7,6),(226,'2018-05-07 02:02:08.263344','21','Flores, Nerizze',1,'[{\"added\": {}}]',3,6),(231,'2018-05-07 02:23:14.666900','1','Cebu',2,'[{\"changed\": {\"fields\": [\"name\"]}}]',5,6),(236,'2018-05-07 02:23:18.839568','21','Samboan,Cebu',1,'[{\"added\": {}}]',7,6),(241,'2018-05-07 02:23:45.722879','26','Dinglasa, John Louie',1,'[{\"added\": {}}]',3,6),(246,'2018-05-07 02:34:10.002019','31','Dales, Uriel',1,'[{\"added\": {}}]',3,6),(251,'2018-05-07 02:44:07.048131','11','Negros Oriental',1,'[{\"added\": {}}]',5,6),(256,'2018-05-07 02:44:10.137368','26','Sta Catalina',1,'[{\"added\": {}}]',7,6),(261,'2018-05-07 02:44:29.642852','11','None',1,'[{\"added\": {}}]',1,6),(266,'2018-05-07 02:44:33.438725','36','Edrial, Edric',1,'[{\"added\": {}}]',3,6),(271,'2018-05-07 02:54:57.826788','41','Quirante, Rolf',1,'[{\"added\": {}}]',3,6),(276,'2018-05-07 03:05:25.872492','16','None',1,'[{\"added\": {}}]',1,6),(281,'2018-05-07 03:07:00.709789','16','Zamboanga del Norte',1,'[{\"added\": {}}]',5,6),(286,'2018-05-07 03:07:03.836989','31','Tampilisan',1,'[{\"added\": {}}]',7,6),(291,'2018-05-07 03:07:37.743396','46','Palomar, Vicente',1,'[{\"added\": {}}]',3,6),(296,'2018-05-07 03:13:02.884491','36','Tanjay City',1,'[{\"added\": {}}]',7,6),(301,'2018-05-07 03:14:20.463218','21','Sea ferrer',1,'[{\"added\": {}}]',1,6),(306,'2018-05-07 03:14:24.588414','51','Garcia, Aldrin',1,'[{\"added\": {}}]',3,6),(311,'2018-05-07 03:20:19.284592','41','Tayasan',1,'[{\"added\": {}}]',7,6),(316,'2018-05-07 03:21:04.330955','56','Sandalo, Junebar',1,'[{\"added\": {}}]',3,6),(321,'2018-05-07 03:36:08.732778','46','SanJuan',1,'[{\"added\": {}}]',7,6),(326,'2018-05-07 03:36:57.297477','26','Dress Cutter/Gown',1,'[{\"added\": {}}]',1,6),(331,'2018-05-07 03:37:03.513048','61','Yuson, Juliet',1,'[{\"added\": {}}]',3,6),(336,'2018-05-07 03:48:04.933108','66','Ramas Uypitching, Anietchea',1,'[{\"added\": {}}]',3,6),(341,'2018-05-07 04:00:29.300985','71','Tito, Maribeth',1,'[{\"added\": {}}]',3,6),(346,'2018-05-07 04:03:10.925558','76','Lacnit, Idan Irwin',1,'[{\"added\": {}}]',3,6),(351,'2018-05-07 04:13:46.339213','51','Dauin',1,'[{\"added\": {}}]',7,6),(356,'2018-05-07 04:13:53.280899','81','Alcala, Marife',1,'[{\"added\": {}}]',3,6),(361,'2018-05-07 04:28:08.346080','86','Cornelia, Ingrid',1,'[{\"added\": {}}]',3,6),(366,'2018-05-07 04:30:07.259016','56','Manjuyod',1,'[{\"added\": {}}]',7,6),(371,'2018-05-07 04:30:12.327535','91','Martus, Narciso Jr',1,'[{\"added\": {}}]',3,6),(376,'2018-05-07 04:53:08.826805','96','Bokingkito, Dulcesima',1,'[{\"added\": {}}]',3,6),(381,'2018-05-09 08:25:21.306473','6','jamjam2011',2,'[{\"changed\": {\"fields\": [\"user_permissions\"]}}]',59,1),(386,'2018-05-15 01:40:33.035893','101','Quinicot, Beatriz',1,'[{\"added\": {}}]',3,6),(391,'2018-05-15 01:51:44.949660','106','Kerr, Geoffrey',1,'[{\"added\": {}}]',3,6),(396,'2018-05-15 03:15:48.686257','16','maxillary mass',1,'[{\"added\": {}}]',17,6),(401,'2018-05-16 02:06:07.208391','61','La libertad',1,'[{\"added\": {}}]',7,6),(406,'2018-05-16 02:06:58.723448','31','Content Editor',1,'[{\"added\": {}}]',1,6),(411,'2018-05-16 02:07:00.911798','111','Nuevo, John Mannie',1,'[{\"added\": {}}]',3,6),(416,'2018-05-16 02:14:32.056292','66','Bacong',1,'[{\"added\": {}}]',7,6),(421,'2018-05-16 02:15:00.050752','36','Agriculturist',1,'[{\"added\": {}}]',1,6),(426,'2018-05-16 02:15:03.108842','116','Labradilla, Joseph',1,'[{\"added\": {}}]',3,6),(431,'2018-05-16 02:35:40.358784','21','sneezing, itchiness',1,'[{\"added\": {}}]',17,11),(436,'2018-05-16 02:36:03.256159','26','nose',1,'[{\"added\": {}}]',39,11),(441,'2018-05-16 02:41:13.714424','21','pale, boggy turbinates, (-) polyps',1,'[{\"added\": {}}]',31,11),(446,'2018-05-16 02:43:01.769363','21','zykast OD',1,'[{\"added\": {}}]',47,11),(451,'2018-05-16 02:43:35.148307','26','zykast OD, Nasoflo OD',1,'[{\"added\": {}}]',47,11),(456,'2018-05-16 02:47:46.626322','21','Nuevo, John Mannie, 2018-05-16',1,'[{\"added\": {}}, {\"added\": {\"name\": \"complaint\", \"object\": \"sneezing, itchiness\"}}]',49,11),(461,'2018-05-16 02:52:27.687859','121','Alberto, Joven',1,'[{\"added\": {}}]',3,6),(466,'2018-05-16 02:56:47.801886','26','frontal headache',1,'[{\"added\": {}}]',17,11),(471,'2018-05-16 02:57:28.165863','121','Alberto, Joven',2,'[]',3,6),(476,'2018-05-16 02:58:08.853816','26','hyperemic nasal mucosa, frontal tenderness',1,'[{\"added\": {}}]',31,11),(481,'2018-05-16 03:00:18.855982','101','Quinicot, Beatriz',2,'[]',3,6),(486,'2018-05-16 03:00:25.261070','11','co amox, nasoflo',1,'[{\"added\": {}}]',41,11),(491,'2018-05-16 03:00:25.641544','101','Quinicot, Beatriz',2,'[]',3,6),(496,'2018-05-16 03:00:59.819493','26','Labradilla, Joseph, 2018-05-16',1,'[{\"added\": {}}, {\"added\": {\"name\": \"complaint\", \"object\": \"frontal headache\"}}, {\"added\": {\"name\": \"prescription\", \"object\": \"Prescription object (11)\"}}]',49,11),(501,'2018-05-16 03:04:48.924501','121','Alberto, Joven',2,'[]',3,11),(506,'2018-05-16 03:06:17.826544','31','FB (rice)',1,'[{\"added\": {}}]',17,11),(511,'2018-05-16 03:15:59.692218','71','Siaton',1,'[{\"added\": {}}]',7,6),(516,'2018-05-16 03:16:18.090518','126','Ramirez, Ernesto',1,'[{\"added\": {}}]',3,6),(521,'2018-05-16 03:18:31.799553','31','perforated TM (20%), AS',1,'[{\"added\": {}}]',31,11),(526,'2018-05-16 03:19:01.455331','31','removal of FB',1,'[{\"added\": {}}]',47,11),(531,'2018-05-16 03:19:05.174087','31','Alberto, Joven, 2018-05-16',1,'[{\"added\": {}}, {\"added\": {\"name\": \"complaint\", \"object\": \"FB (rice)\"}}]',49,11),(536,'2018-05-16 03:21:50.386419','31','maxilla, L',1,'[{\"added\": {}}]',39,11),(541,'2018-05-16 03:23:50.350046','36','Quinicot, Beatriz, 2018-05-16',1,'[{\"added\": {}}, {\"added\": {\"name\": \"complaint\", \"object\": \"maxillary mass\"}}, {\"added\": {\"name\": \"biopsy\", \"object\": \"None\"}}]',49,11),(546,'2018-05-16 03:28:26.973092','36','epistaxis',1,'[{\"added\": {}}]',17,11),(551,'2018-05-16 03:28:59.065014','41','Nurse',1,'[{\"added\": {}}]',1,6),(556,'2018-05-16 03:29:02.802532','131','Dagodog, Marianne',1,'[{\"added\": {}}]',3,6),(561,'2018-05-16 03:35:49.372431','76','Bais City',1,'[{\"added\": {}}]',7,6),(566,'2018-05-16 03:35:57.065175','136','Garcia, Jose Juan',1,'[{\"added\": {}}]',3,6),(571,'2018-05-16 03:42:38.955623','36','(-) mass, (-) active bleeding',1,'[{\"added\": {}}]',31,11),(576,'2018-05-16 03:42:53.220983','41','Ramirez, Ernesto, 2018-05-16',1,'[{\"added\": {}}, {\"added\": {\"name\": \"complaint\", \"object\": \"epistaxis\"}}]',49,11),(581,'2018-05-16 03:49:42.870933','41','ear check up',1,'[{\"added\": {}}]',17,11),(586,'2018-05-16 03:54:47.859676','46','Bank Manager',1,'[{\"added\": {}}]',1,6),(591,'2018-05-16 03:54:50.184121','141','Dichoso, William',1,'[{\"added\": {}}]',3,6),(596,'2018-05-16 04:06:55.666102','41','intact TM, (-) d/c',1,'[{\"added\": {}}]',31,11),(601,'2018-05-16 04:07:10.816945','36','suction',1,'[{\"added\": {}}]',47,11),(606,'2018-05-16 04:07:14.881704','46','Garcia, Jose Juan, 2018-05-16',1,'[{\"added\": {}}, {\"added\": {\"name\": \"complaint\", \"object\": \"ear check up\"}}]',49,11),(611,'2018-05-16 04:35:11.617642','46','cough, coryza, itchy throat',1,'[{\"added\": {}}]',17,11),(616,'2018-05-16 04:35:44.477745','36','pharynx',1,'[{\"added\": {}}]',39,11),(621,'2018-05-16 04:36:32.849247','46','(+) mucoid d/c, edematous uvula',1,'[{\"added\": {}}]',31,11),(626,'2018-05-16 04:39:28.452439','16','sinupret',1,'[{\"added\": {}}]',41,11),(631,'2018-05-16 04:39:46.512919','21','kamillosan',1,'[{\"added\": {}}]',41,11),(636,'2018-05-16 04:40:21.746352','51','Dichoso, William, 2018-05-16',1,'[{\"added\": {}}, {\"added\": {\"name\": \"complaint\", \"object\": \"cough, coryza, itchy throat\"}}, {\"added\": {\"name\": \"prescription\", \"object\": \"Prescription object (16)\"}}]',49,11),(641,'2018-05-16 04:41:42.298044','26','nasoflo',1,'[{\"added\": {}}]',41,11),(646,'2018-05-16 04:41:50.542838','51','Dichoso, William, 2018-05-16',2,'[{\"added\": {\"name\": \"prescription\", \"object\": \"Prescription object (21)\"}}, {\"added\": {\"name\": \"prescription\", \"object\": \"Prescription object (26)\"}}]',49,11),(651,'2018-05-16 04:42:48.918937','51','odynophagia',1,'[{\"added\": {}}]',17,11),(656,'2018-05-16 04:45:23.244179','51','gr III tosils, hyperemic',1,'[{\"added\": {}}]',31,11),(661,'2018-05-16 04:46:04.811584','31','clindamycin',1,'[{\"added\": {}}]',41,11),(666,'2018-05-16 04:46:17.835679','11','300mg',1,'[{\"added\": {}}]',21,11),(671,'2018-05-16 04:46:31.359693','56','Dagodog, Marianne, 2018-05-16',1,'[{\"added\": {}}, {\"added\": {\"name\": \"complaint\", \"object\": \"odynophagia\"}}, {\"added\": {\"name\": \"prescription\", \"object\": \"Prescription object (31)\"}}]',49,11),(676,'2018-05-16 04:47:58.455805','51','Government Employee',1,'[{\"added\": {}}]',1,6),(681,'2018-05-16 04:48:01.184070','146','Jalili, Jailani',1,'[{\"added\": {}}]',3,6),(686,'2018-05-16 04:57:13.739597','21','Mindanao',1,'[{\"added\": {}}]',5,6),(691,'2018-05-16 04:57:18.104133','81','Dapitan City',1,'[{\"added\": {}}]',7,6),(696,'2018-05-16 04:58:14.364634','56','(+) d/c',1,'[{\"added\": {}}]',31,11),(701,'2018-05-16 04:58:49.574100','36','Loxeva',1,'[{\"added\": {}}]',41,11),(706,'2018-05-16 04:59:11.088363','11','once daily',1,'[{\"added\": {}}]',45,11),(711,'2018-05-16 04:59:39.578191','61','Jalili, Jailani, 2018-05-16',1,'[{\"added\": {}}, {\"added\": {\"name\": \"complaint\", \"object\": \"ear check up\"}}, {\"added\": {\"name\": \"prescription\", \"object\": \"Prescription object (36)\"}}]',49,11),(716,'2018-05-16 05:00:27.161532','41','otoquad',1,'[{\"added\": {}}]',41,11),(721,'2018-05-16 05:00:40.181772','16','3-4 gtts',1,'[{\"added\": {}}]',21,11),(726,'2018-05-16 05:01:02.203979','16','BID',1,'[{\"added\": {}}]',45,11),(731,'2018-05-16 05:01:06.185618','61','Jalili, Jailani, 2018-05-16',2,'[{\"added\": {\"name\": \"prescription\", \"object\": \"Prescription object (41)\"}}]',49,11),(736,'2018-05-16 05:01:49.677414','86','Dapitan',1,'[{\"added\": {}}]',7,6),(741,'2018-05-16 05:01:55.210271','151','Caermare, Elena',1,'[{\"added\": {}}]',3,6),(746,'2018-05-16 05:03:42.524124','46','allerzet',1,'[{\"added\": {}}]',41,11),(751,'2018-05-16 05:03:53.530139','21','5mg',1,'[{\"added\": {}}]',21,11),(756,'2018-05-16 05:04:01.262757','61','Jalili, Jailani, 2018-05-16',2,'[{\"added\": {\"name\": \"prescription\", \"object\": \"Prescription object (46)\"}}]',49,11),(761,'2018-05-16 05:05:19.430831','56','neck check up',1,'[{\"added\": {}}]',17,11),(766,'2018-05-16 05:05:32.337046','41','neck',1,'[{\"added\": {}}]',39,11),(771,'2018-05-16 05:05:50.654145','156','Elum, Zxyll',1,'[{\"added\": {}}]',3,6),(776,'2018-05-16 05:13:52.956085','51','myelax',1,'[{\"added\": {}}]',41,11),(781,'2018-05-16 05:14:02.017384','26','50mg',1,'[{\"added\": {}}]',21,11),(786,'2018-05-16 05:14:49.937406','61','unremarkable ENT findings',1,'[{\"added\": {}}]',31,11),(791,'2018-05-16 05:14:55.095819','66','Caermare, Elena, 2018-05-16',1,'[{\"added\": {}}, {\"added\": {\"name\": \"complaint\", \"object\": \"neck check up\"}}, {\"added\": {\"name\": \"prescription\", \"object\": \"Prescription object (51)\"}}]',49,11),(796,'2018-05-16 05:21:14.769979','161','Planco, Joni',1,'[{\"added\": {}}]',3,6),(801,'2018-05-16 05:29:16.220695','56','co amox',1,'[{\"added\": {}}]',41,11),(806,'2018-05-16 05:29:27.504668','71','Elum, Zxyll, 2018-05-16',1,'[{\"added\": {}}, {\"added\": {\"name\": \"complaint\", \"object\": \"Ear pain\"}}, {\"added\": {\"name\": \"prescription\", \"object\": \"Prescription object (56)\"}}]',49,11),(811,'2018-05-16 05:34:57.811059','91','Bayawan City',1,'[{\"added\": {}}]',7,6),(816,'2018-05-16 05:34:59.308301','166','Sayre, Segundo',1,'[{\"added\": {}}]',3,6),(821,'2018-05-16 05:41:26.731094','66','perforated TM (80%),AS',1,'[{\"added\": {}}]',31,11),(826,'2018-05-16 05:42:22.541564','71','(+)d/c, (+)mycelia, (+)ulcer',1,'[{\"added\": {}}]',31,11),(831,'2018-05-16 05:43:04.839300','61','otofungic',1,'[{\"added\": {}}]',41,11),(836,'2018-05-16 05:45:09.980924','76','Planco, Joni, 2018-05-16',1,'[{\"added\": {}}, {\"added\": {\"name\": \"complaint\", \"object\": \"ear check up\"}}, {\"added\": {\"name\": \"prescription\", \"object\": \"Prescription object (61)\"}}]',49,11),(841,'2018-05-16 05:47:52.358065','61','otorrhea',1,'[{\"added\": {}}]',17,11),(846,'2018-05-16 05:51:39.177136','171','Badon, Gabriel',1,'[{\"added\": {}}]',3,6),(851,'2018-05-16 05:53:27.871931','176','Temblor, Darren Aaron',1,'[{\"added\": {}}]',3,6),(856,'2018-05-16 06:01:17.732761','76','(+)aural polyp,AS',1,'[{\"added\": {}}]',31,11),(861,'2018-05-16 06:02:40.056546','31','750mg',1,'[{\"added\": {}}]',21,11),(866,'2018-05-16 06:03:12.645229','66','cipro + dexa',1,'[{\"added\": {}}]',41,11),(871,'2018-05-16 06:03:26.875856','81','Sayre, Segundo, 2018-05-16',1,'[{\"added\": {}}, {\"added\": {\"name\": \"complaint\", \"object\": \"otorrhea\"}}, {\"added\": {\"name\": \"prescription\", \"object\": \"Prescription object (66)\"}}, {\"added\": {\"name\": \"prescription\", \"object\": \"Prescription object (71)\"}}]',49,11),(876,'2018-05-16 06:15:50.689208','36','2 spays/nostril',1,'[{\"added\": {}}]',21,11),(881,'2018-05-16 06:16:10.661574','71','zykast',1,'[{\"added\": {}}]',41,11),(886,'2018-05-16 06:16:24.769342','86','Badon, Gabriel, 2018-05-16',1,'[{\"added\": {}}, {\"added\": {\"name\": \"complaint\", \"object\": \"sneezing, itchiness\"}}, {\"added\": {\"name\": \"prescription\", \"object\": \"Prescription object (76)\"}}, {\"added\": {\"name\": \"prescription\", \"object\": \"Prescription object (81)\"}}]',49,11),(891,'2018-05-16 06:29:01.383981','181','Jacoba, Alicia',1,'[{\"added\": {}}]',3,6),(896,'2018-05-16 06:30:01.462957','81','hyperemic TM',1,'[{\"added\": {}}]',31,11),(901,'2018-05-16 06:30:47.059739','41','642/5',1,'[{\"added\": {}}]',21,11),(906,'2018-05-16 06:31:09.250169','91','Temblor, Darren Aaron, 2018-05-16',1,'[{\"added\": {}}, {\"added\": {\"name\": \"complaint\", \"object\": \"Ear pain\"}}, {\"added\": {\"name\": \"prescription\", \"object\": \"Prescription object (86)\"}}]',49,11),(911,'2018-05-16 06:42:08.551825','186','Ponce de leon, Francis',1,'[{\"added\": {}}]',3,6),(916,'2018-05-16 06:42:52.905277','86','(+)tenderness, ant. neck',1,'[{\"added\": {}}]',31,11),(921,'2018-05-16 06:44:11.347233','76','Silgram',1,'[{\"added\": {}}]',41,11),(926,'2018-05-16 06:44:34.914712','81','Faspic',1,'[{\"added\": {}}]',41,11),(931,'2018-05-16 06:44:44.483009','46','400mg',1,'[{\"added\": {}}]',21,11),(936,'2018-05-16 06:44:53.311209','96','Jacoba, Alicia, 2018-05-16',1,'[{\"added\": {}}, {\"added\": {\"name\": \"complaint\", \"object\": \"neck check up\"}}, {\"added\": {\"name\": \"prescription\", \"object\": \"Prescription object (91)\"}}, {\"added\": {\"name\": \"prescription\", \"object\": \"Prescription object (96)\"}}]',49,11),(941,'2018-05-16 06:52:03.337397','96','Guihulngan',1,'[{\"added\": {}}]',7,6),(946,'2018-05-16 06:52:06.556362','191','Pasigna, Peter Warren',1,'[{\"added\": {}}]',3,6),(951,'2018-05-16 07:02:22.176947','66','bloody expectorate',1,'[{\"added\": {}}]',17,11),(956,'2018-05-16 07:02:41.517942','46','oral cavity',1,'[{\"added\": {}}]',39,11),(961,'2018-05-16 07:03:10.448826','91','(+)gingival abscess',1,'[{\"added\": {}}]',31,11),(966,'2018-05-16 07:03:35.062100','101','Ponce de leon, Francis, 2018-05-16',1,'[{\"added\": {}}, {\"added\": {\"name\": \"complaint\", \"object\": \"bloody expectorate\"}}, {\"added\": {\"name\": \"prescription\", \"object\": \"Prescription object (101)\"}}]',49,11),(971,'2018-05-16 07:04:55.226887','56','Dentist',1,'[{\"added\": {}}]',1,6),(976,'2018-05-16 07:05:34.353910','191','Pasigna, Peter Warren',2,'[{\"changed\": {\"fields\": [\"occupation\"]}}]',3,6),(981,'2018-05-16 07:06:32.091988','191','Pasigna, Peter Warren',2,'[]',3,6),(986,'2018-05-16 07:21:32.182344','71','ENT check up',1,'[{\"added\": {}}]',17,11),(991,'2018-05-16 07:21:49.964708','51','Larynx',1,'[{\"added\": {}}]',39,11),(996,'2018-05-16 07:22:40.605557','96','(+)vocal fold plyp, R',1,'[{\"added\": {}}]',31,11),(1001,'2018-05-16 07:23:36.574819','101','(-) LAD',1,'[{\"added\": {}}]',31,11),(1006,'2018-05-16 07:23:57.669626','106','Pasigna, Peter Warren, 2018-05-16',1,'[{\"added\": {}}, {\"added\": {\"name\": \"complaint\", \"object\": \"ENT check up\"}}]',49,11),(1011,'2018-05-17 02:13:54.280485','76','nasal mass',1,'[{\"added\": {}}]',17,11),(1016,'2018-05-17 02:14:25.690114','41','excision',1,'[{\"added\": {}}]',47,11),(1021,'2018-05-17 02:14:40.737575','106','nasal mass',1,'[{\"added\": {}}]',31,11),(1026,'2018-05-17 02:15:03.914385','61','Housewife',1,'[{\"added\": {}}]',1,6),(1031,'2018-05-17 02:15:07.757080','66','None',1,'[{\"added\": {}}]',1,6),(1036,'2018-05-17 02:15:11.569583','196','Friolanita, Mailah Jean',1,'[{\"added\": {}}]',3,6),(1041,'2018-05-17 02:16:38.699394','111','Kerr, Geoffrey, 2018-05-17',1,'[{\"added\": {}}, {\"added\": {\"object\": \"nasal mass\", \"name\": \"complaint\"}}, {\"added\": {\"object\": \"None\", \"name\": \"biopsy\"}}]',49,11),(1046,'2018-05-17 02:23:24.197973','116','Friolanita, Mailah Jean, 2018-05-17',1,'[{\"added\": {}}, {\"added\": {\"object\": \"odynophagia\", \"name\": \"complaint\"}}]',49,11),(1051,'2018-05-17 02:24:02.856104','101','Valencia',1,'[{\"added\": {}}]',7,6),(1056,'2018-05-17 02:24:05.993381','201','Estrada, Gelfred',1,'[{\"added\": {}}]',3,6),(1061,'2018-05-17 02:25:58.001069','56','nasopharynx',1,'[{\"added\": {}}]',39,11),(1066,'2018-05-17 02:33:51.481828','111','hyperemic, nasopharynx',1,'[{\"added\": {}}]',31,11),(1071,'2018-05-17 02:39:04.419860','206','KIrit, Gea Theresa',1,'[{\"added\": {}}]',3,6),(1076,'2018-05-17 02:40:02.168132','51','625mg',1,'[{\"added\": {}}]',21,11),(1081,'2018-05-17 02:40:08.937363','121','Estrada, Gelfred, 2018-05-17',1,'[{\"added\": {}}, {\"added\": {\"object\": \"bloody expectorate\", \"name\": \"complaint\"}}, {\"added\": {\"object\": \"Prescription object (106)\", \"name\": \"prescription\"}}]',49,11),(1086,'2018-05-17 02:44:45.536106','211','Eullaran, Marlita',1,'[{\"added\": {}}]',3,6),(1091,'2018-05-17 02:54:52.574799','116','(+) IC, AU',1,'[{\"added\": {}}]',31,11),(1096,'2018-05-17 02:55:02.405893','126','KIrit, Gea Theresa, 2018-05-17',1,'[{\"added\": {}}, {\"added\": {\"object\": \"Ear pain\", \"name\": \"complaint\"}}]',49,11),(1101,'2018-05-17 03:02:34.276693','71','Retired Teacher',1,'[{\"added\": {}}]',1,6),(1106,'2018-05-17 03:02:42.137181','216','Monte, Emerita',1,'[{\"added\": {}}]',3,6),(1111,'2018-05-17 03:21:49.358557','131','Monte, Emerita, 2018-05-17',1,'[{\"added\": {}}, {\"added\": {\"object\": \"ear check up\", \"name\": \"complaint\"}}, {\"added\": {\"object\": \"Prescription object (111)\", \"name\": \"prescription\"}}]',49,11),(1116,'2018-05-17 03:34:17.306394','106','Samboan',1,'[{\"added\": {}}]',7,6),(1121,'2018-05-17 03:36:18.398109','221','Colina, Tobias',1,'[{\"added\": {}}]',3,6),(1126,'2018-05-17 03:41:57.070343','81','decreased hearing',1,'[{\"added\": {}}]',17,11),(1131,'2018-05-17 03:50:52.704385','226','Baylosis, Johan Chester',1,'[{\"added\": {}}]',3,6),(1136,'2018-05-17 04:01:13.937533','136','Colina, Tobias, 2018-05-17',1,'[{\"added\": {}}, {\"added\": {\"object\": \"decreased hearing\", \"name\": \"complaint\"}}, {\"added\": {\"object\": \"Prescription object (116)\", \"name\": \"prescription\"}}]',49,11),(1141,'2018-05-17 04:07:49.906583','76','Teaching',1,'[{\"added\": {}}]',1,6),(1146,'2018-05-17 04:07:52.425076','231','Quiliope, Annie',1,'[{\"added\": {}}]',3,6),(1151,'2018-05-17 04:16:47.252215','86','Cefurex',1,'[{\"added\": {}}]',41,11),(1156,'2018-05-17 04:16:56.435535','236','Bolandres, Maurita',1,'[{\"added\": {}}]',3,6),(1161,'2018-05-17 04:18:35.740935','241','Bolandres, Jermaine',1,'[{\"added\": {}}]',3,6),(1166,'2018-05-17 04:19:06.690212','141','Quiliope, Annie, 2018-05-17',1,'[{\"added\": {}}, {\"added\": {\"object\": \"odynophagia\", \"name\": \"complaint\"}}, {\"added\": {\"object\": \"Prescription object (121)\", \"name\": \"prescription\"}}]',49,11),(1171,'2018-05-17 04:21:27.444611','241','Bolandres, Jermaine Miguel',2,'[{\"changed\": {\"fields\": [\"first_name\"]}}]',3,6),(1176,'2018-05-17 04:42:00.945396','146','Bolandres, Jermaine Miguel, 2018-05-17',1,'[{\"added\": {}}, {\"added\": {\"object\": \"ear check up\", \"name\": \"complaint\"}}]',49,11),(1181,'2018-05-17 04:43:16.889527','121','stenotic EAC',1,'[{\"added\": {}}]',31,11),(1186,'2018-05-17 04:48:02.452293','151','Bolandres, Maurita, 2018-05-17',1,'[{\"added\": {}}, {\"added\": {\"object\": \"ear check up\", \"name\": \"complaint\"}}, {\"added\": {\"object\": \"Prescription object (126)\", \"name\": \"prescription\"}}]',49,11),(1191,'2018-05-17 04:53:06.304145','101','Ponce de leon, Francis, 2018-05-16',2,'[{\"changed\": {\"object\": \"bloody expectorate\", \"name\": \"complaint\", \"fields\": [\"treatment\"]}}]',49,11),(1196,'2018-05-17 04:55:04.257370','46','nasal endoscopy',1,'[{\"added\": {}}]',47,11),(1201,'2018-05-17 04:55:23.140291','51','per oral endoscopy',1,'[{\"added\": {}}]',47,11),(1206,'2018-05-17 04:56:15.803729','121','Estrada, Gelfred, 2018-05-17',2,'[{\"changed\": {\"object\": \"bloody expectorate\", \"name\": \"complaint\", \"fields\": [\"treatment\"]}}]',49,11),(1211,'2018-05-18 01:59:30.414629','246','Chandirakathan, Belen',1,'[{\"added\": {}}]',3,6),(1216,'2018-05-18 02:14:04.886739','111','Zamboanga del Norte',1,'[{\"added\": {}}]',7,6),(1221,'2018-05-18 02:14:08.024881','251','Cais, Antonieta',1,'[{\"added\": {}}]',3,6),(1226,'2018-05-18 02:25:41.703876','86','dizziness/vertigo',1,'[{\"added\": {}}]',17,11),(1231,'2018-05-18 02:26:37.570873','91','1-6-12',1,'[{\"added\": {}}]',41,11),(1236,'2018-05-18 02:26:47.576991','156','Chandirakathan, Belen, 2018-05-18',1,'[{\"added\": {}}, {\"added\": {\"object\": \"dizziness/vertigo\", \"name\": \"complaint\"}}, {\"added\": {\"object\": \"Prescription object (131)\", \"name\": \"prescription\"}}]',49,11),(1241,'2018-05-18 02:27:57.000080','91','oral check up',1,'[{\"added\": {}}]',17,11),(1246,'2018-05-18 02:28:06.285072','61','tongue',1,'[{\"added\": {}}]',39,11),(1251,'2018-05-18 02:31:23.429518','256','Sumalpong, Perlita',1,'[{\"added\": {}}]',3,6),(1256,'2018-05-18 02:43:25.632625','96','multivit',1,'[{\"added\": {}}]',41,11),(1261,'2018-05-18 02:43:33.320357','161','Cais, Antonieta, 2018-05-18',1,'[{\"added\": {}}, {\"added\": {\"object\": \"oral check up\", \"name\": \"complaint\"}}, {\"added\": {\"object\": \"Prescription object (136)\", \"name\": \"prescription\"}}, {\"added\": {\"object\": \"Prescription object (141)\", \"name\": \"prescription\"}}]',49,11),(1266,'2018-05-18 02:50:56.796366','26','Apo Island',1,'[{\"added\": {}}]',5,6),(1271,'2018-05-18 02:50:59.772885','116','Apo Island',1,'[{\"added\": {}}]',7,6),(1276,'2018-05-18 02:55:20.699788','261','Martinez, Sandra',1,'[{\"added\": {}}]',3,6),(1281,'2018-05-18 02:58:24.312828','266','Young, Kelvin',1,'[{\"added\": {}}]',3,6),(1286,'2018-05-18 02:58:54.936672','166','Sumalpong, Perlita, 2018-05-18',1,'[{\"added\": {}}, {\"added\": {\"object\": \"ear check up\", \"name\": \"complaint\"}}]',49,11),(1291,'2018-05-18 03:07:33.858054','126','hyperemic tonsils w exudates',1,'[{\"added\": {}}]',31,11),(1296,'2018-05-18 03:10:12.216709','271','Andreu, Cora',1,'[{\"added\": {}}]',3,6),(1301,'2018-05-18 03:11:58.299799','276','Dela Pena, Mae',1,'[{\"added\": {}}]',3,6),(1306,'2018-05-18 03:17:23.354309','131','(+)reactive LAD',1,'[{\"added\": {}}]',31,11),(1311,'2018-05-18 03:17:52.571258','101','Coxidia',1,'[{\"added\": {}}]',41,11),(1316,'2018-05-18 03:18:34.839145','106','paracetamol',1,'[{\"added\": {}}]',41,11),(1321,'2018-05-18 03:18:48.948681','21','PRN',1,'[{\"added\": {}}]',45,11),(1326,'2018-05-18 03:18:52.685322','171','Martinez, Sandra, 2018-05-18',1,'[{\"added\": {}}, {\"added\": {\"object\": \"odynophagia\", \"name\": \"complaint\"}}, {\"added\": {\"object\": \"Prescription object (146)\", \"name\": \"prescription\"}}, {\"added\": {\"object\": \"Prescription object (151)\", \"name\": \"prescription\"}}, {\"added\": {\"object\": \"Prescription object (156)\", \"name\": \"prescription\"}}]',49,11),(1331,'2018-05-18 03:20:10.460194','96','rhinorrhea',1,'[{\"added\": {}}]',17,11),(1336,'2018-05-18 03:22:01.142170','166','Sumalpong, Perlita, 2018-05-18',2,'[{\"changed\": {\"fields\": [\"visit_date\"]}}]',49,6),(1341,'2018-05-18 03:32:46.720859','281','Alamillo, Jovita',1,'[{\"added\": {}}]',3,6),(1346,'2018-05-18 03:35:01.850867','286','Reyes, Annabelle',1,'[{\"added\": {}}]',3,6),(1351,'2018-05-18 03:36:39.376115','291','Fabe, Ophelia',1,'[{\"added\": {}}]',3,6),(1356,'2018-05-18 03:39:02.794482','176','Young, Kelvin, 2018-05-18',1,'[{\"added\": {}}, {\"added\": {\"object\": \"rhinorrhea\", \"name\": \"complaint\"}}, {\"added\": {\"object\": \"Prescription object (161)\", \"name\": \"prescription\"}}, {\"added\": {\"object\": \"Prescription object (166)\", \"name\": \"prescription\"}}]',49,11),(1361,'2018-05-18 03:40:57.017262','296','Fabe, Henry',1,'[{\"added\": {}}]',3,6),(1366,'2018-05-18 03:56:37.701990','136','R.C., AU',1,'[{\"added\": {}}]',31,11),(1371,'2018-05-18 03:56:45.329002','181','Andreu, Cora, 2018-05-18',1,'[{\"added\": {}}, {\"added\": {\"object\": \"ENT check up\", \"name\": \"complaint\"}}]',49,11),(1376,'2018-05-18 04:06:08.482092','186','Dela Pena, Mae, 2018-05-18',1,'[{\"added\": {}}, {\"added\": {\"object\": \"ear check up\", \"name\": \"complaint\"}}]',49,11),(1381,'2018-05-18 04:17:12.322707','191','Fabe, Ophelia, 2018-05-18',1,'[{\"added\": {}}, {\"added\": {\"object\": \"ear check up\", \"name\": \"complaint\"}}]',49,11),(1386,'2018-05-18 04:21:26.054011','301','Benjamin, Fernando',1,'[{\"added\": {}}]',3,6),(1391,'2018-05-18 04:27:31.459844','196','Reyes, Annabelle, 2018-05-18',1,'[{\"added\": {}}, {\"added\": {\"object\": \"ear check up\", \"name\": \"complaint\"}}]',49,11),(1396,'2018-05-18 04:39:14.500278','201','Fabe, Henry, 2018-05-18',1,'[{\"added\": {}}, {\"added\": {\"object\": \"ear check up\", \"name\": \"complaint\"}}]',49,11),(1401,'2018-05-18 04:42:32.894556','306','Bueno, Evelia',1,'[{\"added\": {}}]',3,6),(1406,'2018-05-18 04:45:24.239290','101','hard of hearing',1,'[{\"added\": {}}]',17,11),(1411,'2018-05-18 04:46:38.808971','56','hearing aid fitting',1,'[{\"added\": {}}]',47,11),(1416,'2018-05-18 04:46:39.925928','311','Jerusalem, Gay',1,'[{\"added\": {}}]',3,6),(1421,'2018-05-18 04:47:25.842355','1','PTA',1,'[{\"added\": {}}]',35,11),(1426,'2018-05-18 04:48:01.826919','206','Benjamin, Fernando, 2018-05-18',1,'[{\"added\": {}}, {\"added\": {\"object\": \"hard of hearing\", \"name\": \"complaint\"}}, {\"added\": {\"object\": \"Hearing object (1)\", \"name\": \"hearing\"}}]',49,11),(1431,'2018-05-18 04:54:45.212853','141','abrasion, EAC',1,'[{\"added\": {}}]',31,11),(1436,'2018-05-18 04:54:49.794399','211','Bueno, Evelia, 2018-05-18',1,'[{\"added\": {}}, {\"added\": {\"object\": \"otorrhea\", \"name\": \"complaint\"}}]',49,11),(1441,'2018-05-18 05:01:51.862348','316','Daniel, Gina',1,'[{\"added\": {}}]',3,6),(1446,'2018-05-18 05:03:13.463065','106','change of voice',1,'[{\"added\": {}}]',17,11),(1451,'2018-05-18 05:03:32.035726','321','Zerna, Rosario',1,'[{\"added\": {}}]',3,6),(1456,'2018-05-18 05:03:39.703439','61','refer to neuro',1,'[{\"added\": {}}]',47,11),(1461,'2018-05-18 05:06:38.882036','216','Jerusalem, Gay, 2018-05-18',1,'[{\"added\": {}}, {\"added\": {\"object\": \"change of voice\", \"name\": \"complaint\"}}]',49,11),(1466,'2018-05-18 05:07:42.588982','111','dysphagia',1,'[{\"added\": {}}]',17,11),(1471,'2018-05-18 05:18:52.012700','111','mepraz',1,'[{\"added\": {}}]',41,11),(1476,'2018-05-18 05:19:01.558598','56','20mg',1,'[{\"added\": {}}]',21,11),(1481,'2018-05-18 05:19:15.808005','221','Daniel, Gina, 2018-05-18',1,'[{\"added\": {}}, {\"added\": {\"object\": \"dysphagia\", \"name\": \"complaint\"}}, {\"added\": {\"object\": \"Prescription object (171)\", \"name\": \"prescription\"}}]',49,11),(1486,'2018-05-18 05:19:27.329594','326','Belga, Rene',1,'[{\"added\": {}}]',3,6),(1491,'2018-05-18 05:41:14.993354','61','200mg',1,'[{\"added\": {}}]',21,11),(1496,'2018-05-18 05:42:25.004121','226','Zerna, Rosario, 2018-05-18',1,'[{\"added\": {}}, {\"added\": {\"object\": \"Ear pain\", \"name\": \"complaint\"}}, {\"added\": {\"object\": \"Prescription object (176)\", \"name\": \"prescription\"}}]',49,11),(1501,'2018-05-18 05:45:42.872024','81','Mechanic',1,'[{\"added\": {}}]',1,6),(1506,'2018-05-18 05:45:44.731449','331','Soriano, Eugenio',1,'[{\"added\": {}}]',3,6),(1511,'2018-05-18 05:59:27.937223','231','Belga, Rene, 2018-05-18',1,'[{\"added\": {}}, {\"added\": {\"object\": \"ear check up\", \"name\": \"complaint\"}}, {\"added\": {\"object\": \"Prescription object (181)\", \"name\": \"prescription\"}}, {\"added\": {\"object\": \"Prescription object (186)\", \"name\": \"prescription\"}}]',49,11),(1516,'2018-05-18 06:01:28.644829','116','nape pain',1,'[{\"added\": {}}]',17,11),(1521,'2018-05-18 06:09:56.864107','121','Lazi',1,'[{\"added\": {}}]',7,6),(1526,'2018-05-18 06:10:00.508102','336','Rone, Shirley',1,'[{\"added\": {}}]',3,6),(1531,'2018-05-18 06:11:34.104320','341','Rone, Antonino',1,'[{\"added\": {}}]',3,6),(1536,'2018-05-18 06:15:57.656907','236','Soriano, Eugenio, 2018-05-18',1,'[{\"added\": {}}, {\"added\": {\"object\": \"nape pain\", \"name\": \"complaint\"}}, {\"added\": {\"object\": \"Prescription object (191)\", \"name\": \"prescription\"}}]',49,11),(1541,'2018-05-18 06:18:33.727226','241','Sandalo, Junebar, 2018-05-18',1,'[{\"added\": {}}, {\"added\": {\"object\": \"decreased hearing\", \"name\": \"complaint\"}}, {\"added\": {\"object\": \"Hearing object (6)\", \"name\": \"hearing\"}}]',49,11),(1546,'2018-05-18 06:24:20.767453','346','Torado, Cristita',1,'[{\"added\": {}}]',3,6),(1551,'2018-05-18 06:28:49.015485','351','Daliong, Carlina',1,'[{\"added\": {}}]',3,6),(1556,'2018-05-18 06:38:40.145201','146','IC w keratosis',1,'[{\"added\": {}}]',31,11),(1561,'2018-05-18 06:39:07.357125','66','removal of IC',1,'[{\"added\": {}}]',47,11),(1566,'2018-05-18 06:39:28.331057','116','PND',1,'[{\"added\": {}}]',41,11),(1571,'2018-05-18 06:41:13.850101','246','Rone, Shirley, 2018-05-18',1,'[{\"added\": {}}, {\"added\": {\"object\": \"ear check up\", \"name\": \"complaint\"}}, {\"added\": {\"object\": \"Prescription object (196)\", \"name\": \"prescription\"}}]',49,11),(1576,'2018-05-18 06:48:09.439725','151','IC',1,'[{\"added\": {}}]',31,11),(1581,'2018-05-18 06:48:27.634266','251','Rone, Antonino, 2018-05-18',1,'[{\"added\": {}}, {\"added\": {\"object\": \"ear check up\", \"name\": \"complaint\"}}]',49,11),(1586,'2018-05-18 07:05:59.807096','71','PTA',1,'[{\"added\": {}}]',47,11),(1591,'2018-05-18 07:07:03.427522','256','Torado, Cristita, 2018-05-18',1,'[{\"added\": {}}, {\"added\": {\"object\": \"decreased hearing\", \"name\": \"complaint\"}}]',49,11),(1596,'2018-05-18 07:07:36.685417','356','Crayo, Ronnel',1,'[{\"added\": {}}]',3,6),(1601,'2018-05-18 07:15:59.461510','121','facial asymmetry',1,'[{\"added\": {}}]',17,11),(1606,'2018-05-18 07:16:20.837267','66','mandibular area',1,'[{\"added\": {}}]',39,11),(1611,'2018-05-18 07:16:49.801909','156','soft mass',1,'[{\"added\": {}}]',31,11),(1616,'2018-05-18 07:17:07.882344','76','UTZ',1,'[{\"added\": {}}]',47,11),(1621,'2018-05-18 07:23:18.753613','261','Crayo, Ronnel, 2018-05-18',1,'[{\"added\": {}}, {\"added\": {\"object\": \"facial asymmetry\", \"name\": \"complaint\"}}]',49,11),(1626,'2018-05-18 07:34:09.505437','261','Crayo, Ronnel, 2018-05-18',2,'[{\"added\": {\"object\": \"Prescription object (201)\", \"name\": \"prescription\"}}]',49,6),(1631,'2018-05-19 02:12:02.149875','361','Nuique, Felian',1,'[{\"added\": {}}]',3,6),(1636,'2018-05-19 02:16:02.379858','366','Duhaylungsod, Edita',1,'[{\"added\": {}}]',3,6),(1641,'2018-05-19 02:23:51.895007','121','Fluimucil',1,'[{\"added\": {}}]',41,11),(1646,'2018-05-19 02:24:03.875616','66','600mg',1,'[{\"added\": {}}]',21,11),(1651,'2018-05-19 02:26:24.235857','266','Nuique, Felian, 2018-05-19',1,'[{\"added\": {}}, {\"added\": {\"object\": \"odynophagia\", \"name\": \"complaint\"}}, {\"added\": {\"object\": \"Prescription object (206)\", \"name\": \"prescription\"}}, {\"added\": {\"object\": \"Prescription object (211)\", \"name\": \"prescription\"}}]',49,11),(1656,'2018-05-19 02:28:35.847566','266','Nuique, Felian, 2018-05-19',2,'[{\"added\": {\"object\": \"Prescription object (216)\", \"name\": \"prescription\"}}]',49,6),(1661,'2018-05-19 02:30:31.878764','126','hoarseness',1,'[{\"added\": {}}]',17,11),(1666,'2018-05-19 02:30:48.628508','371','Mission, Elnora',1,'[{\"added\": {}}]',3,6),(1671,'2018-05-19 02:34:02.508919','126','Larena',1,'[{\"added\": {}}]',7,6),(1676,'2018-05-19 02:34:13.110315','376','Equia, Leonila',1,'[{\"added\": {}}]',3,6),(1681,'2018-05-19 02:45:07.825467','161','(+) pre nodular lesion, R VF',1,'[{\"added\": {}}]',31,11),(1686,'2018-05-19 02:45:22.456413','81','voice rest',1,'[{\"added\": {}}]',47,11),(1691,'2018-05-19 02:45:40.781177','271','Duhaylungsod, Edita, 2018-05-19',1,'[{\"added\": {}}, {\"added\": {\"object\": \"hoarseness\", \"name\": \"complaint\"}}, {\"added\": {\"object\": \"Prescription object (221)\", \"name\": \"prescription\"}}, {\"added\": {\"object\": \"Prescription object (226)\", \"name\": \"prescription\"}}]',49,11),(1696,'2018-05-19 02:47:17.201929','271','Duhaylungsod, Edita, 2018-05-19',2,'[{\"added\": {\"object\": \"Prescription object (231)\", \"name\": \"prescription\"}}]',49,6),(1701,'2018-05-19 02:52:58.164319','276','Mission, Elnora, 2018-05-19',1,'[{\"added\": {}}, {\"added\": {\"object\": \"nasal mass\", \"name\": \"complaint\"}}]',49,11),(1706,'2018-05-19 02:55:23.700454','276','Mission, Elnora, 2018-05-19',2,'[]',49,6),(1711,'2018-05-19 03:01:52.777958','381','Ojales, Felix',1,'[{\"added\": {}}]',3,6),(1716,'2018-05-19 03:10:43.176958','131','San Jose',1,'[{\"added\": {}}]',7,6),(1721,'2018-05-19 03:10:45.225184','386','Ambayec, John  Walden',1,'[{\"added\": {}}]',3,6),(1726,'2018-05-19 03:17:53.042309','281','Equia, Leonila, 2018-05-19',1,'[{\"added\": {}}, {\"added\": {\"object\": \"dizziness/vertigo\", \"name\": \"complaint\"}}, {\"added\": {\"object\": \"Prescription object (236)\", \"name\": \"prescription\"}}, {\"added\": {\"object\": \"Prescription object (241)\", \"name\": \"prescription\"}}]',49,11),(1731,'2018-05-19 03:20:51.441531','281','Equia, Leonila, 2018-05-19',2,'[]',49,6),(1736,'2018-05-19 03:22:41.660005','136','Santander',1,'[{\"added\": {}}]',7,6),(1741,'2018-05-19 03:22:45.823744','391','Lampaog, Honorato',1,'[{\"added\": {}}]',3,6),(1746,'2018-05-19 03:26:38.622371','166','hyperemic EAC',1,'[{\"added\": {}}]',31,11),(1751,'2018-05-19 03:28:53.327628','286','Ojales, Felix, 2018-05-19',1,'[{\"added\": {}}, {\"added\": {\"object\": \"decreased hearing\", \"name\": \"complaint\"}}, {\"added\": {\"object\": \"Prescription object (246)\", \"name\": \"prescription\"}}]',49,11),(1756,'2018-05-19 03:35:51.980460','86','Bank Employee',1,'[{\"added\": {}}]',1,6),(1761,'2018-05-19 03:37:33.649484','396','Damaso, Dorisa',1,'[{\"added\": {}}]',3,6),(1766,'2018-05-19 03:39:04.805979','401','Jalali, Sittie Elaicah',1,'[{\"added\": {}}]',3,6),(1771,'2018-05-19 03:44:54.677375','171','(+) flakes',1,'[{\"added\": {}}]',31,11),(1776,'2018-05-19 03:46:35.036495','286','Ojales, Felix, 2018-05-19',2,'[{\"added\": {\"object\": \"Prescription object (251)\", \"name\": \"prescription\"}}]',49,6),(1781,'2018-05-19 03:47:16.637276','291','Lampaog, Honorato, 2018-05-19',1,'[{\"added\": {}}, {\"added\": {\"object\": \"ear check up\", \"name\": \"complaint\"}}, {\"added\": {\"object\": \"Prescription object (256)\", \"name\": \"prescription\"}}, {\"added\": {\"object\": \"Prescription object (261)\", \"name\": \"prescription\"}}]',49,11),(1786,'2018-05-19 03:49:55.623496','291','Lampaog, Honorato, 2018-05-19',2,'[]',49,6),(1791,'2018-05-19 04:04:07.387347','296','Damaso, Dorisa, 2018-05-19',1,'[{\"added\": {}}, {\"added\": {\"object\": \"dysphagia\", \"name\": \"complaint\"}}, {\"added\": {\"object\": \"Prescription object (266)\", \"name\": \"prescription\"}}]',49,11),(1796,'2018-05-19 04:05:39.429572','131','nasal congestion',1,'[{\"added\": {}}]',17,11),(1801,'2018-05-19 04:13:54.091969','406','Caballero, Crisanta',1,'[{\"added\": {}}]',3,6),(1806,'2018-05-19 04:15:58.690617','301','Jalali, Sittie Elaicah, 2018-05-19',1,'[{\"added\": {}}, {\"added\": {\"object\": \"nasal congestion\", \"name\": \"complaint\"}}, {\"added\": {\"object\": \"Prescription object (271)\", \"name\": \"prescription\"}}, {\"added\": {\"object\": \"Prescription object (276)\", \"name\": \"prescription\"}}]',49,11),(1811,'2018-05-19 04:18:36.977661','91','Homebase',1,'[{\"added\": {}}]',1,6),(1816,'2018-05-19 04:19:03.104977','411','Gajo, Carmina',1,'[{\"added\": {}}]',3,6),(1821,'2018-05-19 04:19:52.399370','301','Jalali, Sittie Elaicah, 2018-05-19',2,'[{\"added\": {\"object\": \"Prescription object (281)\", \"name\": \"prescription\"}}]',49,6),(1826,'2018-05-19 04:22:55.937899','416','Suasin, Cheryl',1,'[{\"added\": {}}]',3,6),(1831,'2018-05-19 04:31:23.900074','86','refer to gastro',1,'[{\"added\": {}}]',47,11),(1836,'2018-05-19 04:31:31.784634','306','Caballero, Crisanta, 2018-05-19',1,'[{\"added\": {}}, {\"added\": {\"object\": \"dysphagia\", \"name\": \"complaint\"}}]',49,11),(1841,'2018-05-19 04:32:06.871998','306','Caballero, Crisanta, 2018-05-19',2,'[{\"added\": {\"object\": \"Prescription object (286)\", \"name\": \"prescription\"}}]',49,6),(1846,'2018-05-19 04:38:32.176394','421','Paler, Epitacio',1,'[{\"added\": {}}]',3,6),(1851,'2018-05-19 04:45:40.633241','126','Difflam',1,'[{\"added\": {}}]',41,11),(1856,'2018-05-19 04:45:58.394097','71','2 sprays',1,'[{\"added\": {}}]',21,11),(1861,'2018-05-19 04:46:21.461645','131','Zenith',1,'[{\"added\": {}}]',41,11),(1866,'2018-05-19 04:46:34.631176','311','Suasin, Cheryl, 2018-05-19',1,'[{\"added\": {}}, {\"added\": {\"object\": \"odynophagia\", \"name\": \"complaint\"}}, {\"added\": {\"object\": \"Prescription object (291)\", \"name\": \"prescription\"}}, {\"added\": {\"object\": \"Prescription object (296)\", \"name\": \"prescription\"}}]',49,11),(1871,'2018-05-19 04:57:05.358720','176','(+) aural',1,'[{\"added\": {}}]',31,11),(1876,'2018-05-19 04:57:52.490459','426','Ausejo, Cristine Mae',1,'[{\"added\": {}}]',3,6),(1881,'2018-05-19 04:58:57.958189','181','(+)aural polyp, AU',1,'[{\"added\": {}}]',31,11),(1886,'2018-05-19 05:02:01.717707','316','Paler, Epitacio, 2018-05-19',1,'[{\"added\": {}}, {\"added\": {\"object\": \"otorrhea\", \"name\": \"complaint\"}}, {\"added\": {\"object\": \"Prescription object (301)\", \"name\": \"prescription\"}}, {\"added\": {\"object\": \"Prescription object (306)\", \"name\": \"prescription\"}}]',49,11),(1891,'2018-05-19 05:11:59.020976','186','FB (fish bone)',1,'[{\"added\": {}}]',31,11),(1896,'2018-05-19 05:12:10.617267','321','Ausejo, Cristine Mae, 2018-05-19',1,'[{\"added\": {}}, {\"added\": {\"object\": \"odynophagia\", \"name\": \"complaint\"}}]',49,11),(1901,'2018-05-19 05:14:36.946463','141','Sibulan',1,'[{\"added\": {}}]',7,6),(1906,'2018-05-19 05:17:00.307295','431','Mana ay, Rey',1,'[{\"added\": {}}]',3,6),(1911,'2018-05-19 05:37:19.153685','326','Mana ay, Rey, 2018-05-19',1,'[{\"added\": {}}, {\"added\": {\"object\": \"decreased hearing\", \"name\": \"complaint\"}}]',49,11),(1916,'2018-05-19 05:42:15.030799','321','Ausejo, Cristine Mae, 2018-05-19',2,'[{\"added\": {\"object\": \"Prescription object (311)\", \"name\": \"prescription\"}}]',49,6),(1921,'2018-05-19 05:42:30.403570','326','Mana ay, Rey, 2018-05-19',2,'[{\"added\": {\"object\": \"Prescription object (316)\", \"name\": \"prescription\"}}]',49,6),(1926,'2018-05-19 05:42:55.029450','316','Paler, Epitacio, 2018-05-19',2,'[{\"added\": {\"object\": \"Prescription object (321)\", \"name\": \"prescription\"}}]',49,6),(1931,'2018-05-21 02:01:47.536493','436','Galve, Viador',1,'[{\"added\": {}}]',3,6),(1936,'2018-05-21 02:04:32.464369','136','neck mass',1,'[{\"added\": {}}]',17,11),(1941,'2018-05-21 02:06:02.509902','96','Farmer',1,'[{\"added\": {}}]',1,6),(1946,'2018-05-21 02:06:04.545922','191','(+) neck mass,L, 6x6cm',1,'[{\"added\": {}}]',31,11),(1951,'2018-05-21 02:06:44.660913','91','CXR',1,'[{\"added\": {}}]',47,11),(1956,'2018-05-21 02:06:48.535615','441','Nuevo, Nilo',1,'[{\"added\": {}}]',3,6),(1961,'2018-05-21 02:09:25.502933','331','Galve, Viador, 2018-05-21',1,'[{\"added\": {}}, {\"added\": {\"name\": \"complaint\", \"object\": \"neck mass\"}}]',49,11),(1966,'2018-05-21 02:13:06.541286','446','Dales, Adela',1,'[{\"added\": {}}]',3,6),(1971,'2018-05-21 02:23:06.238751','196','(+)mucoid d/c',1,'[{\"added\": {}}]',31,11),(1976,'2018-05-21 02:24:03.817724','136','Nasoclear',1,'[{\"added\": {}}]',41,11),(1981,'2018-05-21 02:27:13.650748','336','Nuevo, Nilo, 2018-05-21',1,'[{\"added\": {}}, {\"added\": {\"name\": \"complaint\", \"object\": \"epistaxis\"}}, {\"added\": {\"name\": \"prescription\", \"object\": \"Prescription object (326)\"}}, {\"added\": {\"name\": \"prescription\", \"object\": \"Prescription object (331)\"}}]',49,11),(1986,'2018-05-21 02:31:00.571336','451','Gio, Mariah Aunica',1,'[{\"added\": {}}]',3,6),(1991,'2018-05-21 02:31:57.873229','331','Galve, Viador, 2018-05-21',2,'[{\"added\": {\"name\": \"prescription\", \"object\": \"Prescription object (336)\"}}]',49,6),(1996,'2018-05-21 02:32:25.031888','336','Nuevo, Nilo, 2018-05-21',2,'[{\"added\": {\"name\": \"prescription\", \"object\": \"Prescription object (341)\"}}]',49,6),(2001,'2018-05-21 02:36:53.538697','201','swollen EAC',1,'[{\"added\": {}}]',31,11),(2006,'2018-05-21 02:37:53.367045','26','TID',1,'[{\"added\": {}}]',45,11),(2011,'2018-05-21 02:42:20.718693','341','Dales, Adela, 2018-05-21',1,'[{\"added\": {}}, {\"added\": {\"name\": \"complaint\", \"object\": \"Ear pain\"}}, {\"added\": {\"name\": \"prescription\", \"object\": \"Prescription object (346)\"}}, {\"added\": {\"name\": \"prescription\", \"object\": \"Prescription object (351)\"}}]',49,11),(2016,'2018-05-21 02:43:58.495803','456','LOpez, Gabriel Xander',1,'[{\"added\": {}}]',3,6),(2021,'2018-05-21 02:44:29.787636','341','Dales, Adela, 2018-05-21',2,'[]',49,6),(2026,'2018-05-21 02:53:15.708716','346','Gio, Mariah Aunica, 2018-05-21',1,'[{\"added\": {}}, {\"added\": {\"name\": \"complaint\", \"object\": \"ear check up\"}}]',49,11),(2031,'2018-05-21 03:00:42.479827','461','Limuaco, Richard',1,'[{\"added\": {}}]',3,6),(2036,'2018-05-21 03:04:13.667111','96','C/S',1,'[{\"added\": {}}]',47,11),(2041,'2018-05-21 03:04:46.286157','76','2 gtts',1,'[{\"added\": {}}]',21,11),(2046,'2018-05-21 03:08:28.549007','351','LOpez, Gabriel Xander, 2018-05-21',1,'[{\"added\": {}}, {\"added\": {\"name\": \"complaint\", \"object\": \"otorrhea\"}}, {\"added\": {\"name\": \"prescription\", \"object\": \"Prescription object (356)\"}}]',49,11),(2051,'2018-05-21 03:10:55.836799','141','FB sensation',1,'[{\"added\": {}}]',17,11),(2056,'2018-05-21 03:12:50.817145','146','Jalali, Jailani',2,'[{\"changed\": {\"fields\": [\"last_name\"]}}]',3,6),(2061,'2018-05-21 03:24:11.125312','356','Limuaco, Richard, 2018-05-21',1,'[{\"added\": {}}, {\"added\": {\"name\": \"complaint\", \"object\": \"FB sensation\"}}, {\"added\": {\"name\": \"prescription\", \"object\": \"Prescription object (361)\"}}]',49,11),(2066,'2018-05-21 03:25:05.440570','351','LOpez, Gabriel Xander, 2018-05-21',2,'[{\"added\": {\"name\": \"prescription\", \"object\": \"Prescription object (366)\"}}]',49,6),(2071,'2018-05-21 03:25:24.800055','356','Limuaco, Richard, 2018-05-21',2,'[{\"added\": {\"name\": \"prescription\", \"object\": \"Prescription object (371)\"}}]',49,6),(2076,'2018-05-21 03:39:39.459952','206','(+)neck mass',1,'[{\"added\": {}}]',31,11),(2081,'2018-05-21 03:39:54.322718','211','(+)LAD',1,'[{\"added\": {}}]',31,11),(2086,'2018-05-21 03:40:16.240121','101','FNAB',1,'[{\"added\": {}}]',47,11),(2091,'2018-05-21 03:40:38.640040','1','FNAB',1,'[{\"added\": {}}]',13,11),(2096,'2018-05-21 03:41:07.791063','71','ant. neck',1,'[{\"added\": {}}]',39,11),(2101,'2018-05-21 03:42:24.170378','1','4/30/2015',1,'[{\"added\": {}}]',15,11),(2106,'2018-05-21 03:42:46.729108','361','Gajo, Carmina, 2018-05-21',1,'[{\"added\": {}}, {\"added\": {\"name\": \"complaint\", \"object\": \"neck mass\"}}, {\"added\": {\"name\": \"biopsy\", \"object\": \"FNAB\"}}]',49,11),(2111,'2018-05-21 03:45:06.620221','146','Bindoy',1,'[{\"added\": {}}]',7,6),(2116,'2018-05-21 03:45:32.729083','466','Apordo, Edith',1,'[{\"added\": {}}]',3,6),(2121,'2018-05-21 03:46:55.803974','146','tinnitus',1,'[{\"added\": {}}]',17,11),(2126,'2018-05-21 03:48:53.335608','366','Edrial, Edric, 2018-05-21',1,'[{\"added\": {}}, {\"added\": {\"name\": \"complaint\", \"object\": \"tinnitus\"}}, {\"added\": {\"name\": \"hearing\", \"object\": \"Hearing object (11)\"}}]',49,11),(2131,'2018-05-21 03:53:46.817815','471','Reckling, Ty',1,'[{\"added\": {}}]',3,6),(2136,'2018-05-21 03:55:02.642758','216','(+)ulcers',1,'[{\"added\": {}}]',31,11),(2141,'2018-05-21 03:55:22.321845','141','diflucan',1,'[{\"added\": {}}]',41,11),(2146,'2018-05-21 03:55:43.126965','31','OD',1,'[{\"added\": {}}]',45,11),(2151,'2018-05-21 03:58:37.577059','371','Apordo, Edith, 2018-05-21',1,'[{\"added\": {}}, {\"added\": {\"name\": \"complaint\", \"object\": \"oral check-up\"}}, {\"added\": {\"name\": \"prescription\", \"object\": \"Prescription object (376)\"}}]',49,11),(2156,'2018-05-21 04:06:21.219939','151','Jimalalud',1,'[{\"added\": {}}]',7,6),(2161,'2018-05-21 04:06:46.204293','476','Gaudan, Jey Rose',1,'[{\"added\": {}}]',3,6),(2166,'2018-05-21 04:17:40.814893','221','(+)VT',1,'[{\"added\": {}}]',31,11),(2171,'2018-05-21 04:18:17.343090','226','(+)nasal polyps',1,'[{\"added\": {}}]',31,11),(2176,'2018-05-21 04:24:15.141977','146','clarithrocid',1,'[{\"added\": {}}]',41,11),(2181,'2018-05-21 04:25:45.844682','376','Reckling, Ty, 2018-05-21',1,'[{\"added\": {}}, {\"added\": {\"name\": \"complaint\", \"object\": \"decreased hearing\"}}, {\"added\": {\"name\": \"complaint\", \"object\": \"rhinorrhea\"}}, {\"added\": {\"name\": \"prescription\", \"object\": \"Prescription object (381)\"}}, {\"added\": {\"name\": \"prescription\", \"object\": \"Prescription object (386)\"}}, {\"added\": {\"name\": \"prescription\", \"object\": \"Prescription object (391)\"}}]',49,11),(2186,'2018-05-21 04:36:36.935398','481','Cuizon, Jhonna Jane',1,'[{\"added\": {}}]',3,6),(2191,'2018-05-21 04:55:14.616952','76','nasomaxillary',1,'[{\"added\": {}}]',39,11),(2196,'2018-05-21 04:56:34.229479','1','ExamName object (1)',1,'[{\"added\": {}}]',23,11),(2201,'2018-05-21 05:00:50.163405','106','for I&D',1,'[{\"added\": {}}]',47,11),(2206,'2018-05-21 05:01:17.033496','381','Daliong, Carlina, 2018-05-21',1,'[{\"added\": {}}, {\"added\": {\"name\": \"complaint\", \"object\": \"maxillary mass\"}}, {\"added\": {\"name\": \"prescription\", \"object\": \"Prescription object (396)\"}}, {\"added\": {\"name\": \"exam\", \"object\": \"2018-05-18, ExamName object (1)\"}}]',49,11),(2211,'2018-05-21 05:08:03.678531','486','GUevarra, Gie-ar Esikiel',1,'[{\"added\": {}}]',3,6),(2216,'2018-05-21 05:13:01.808039','491','Maglinte, Archer',1,'[{\"added\": {}}]',3,6),(2221,'2018-05-21 05:14:17.227243','386','Gaudan, Jey Rose, 2018-05-21',1,'[{\"added\": {}}, {\"added\": {\"name\": \"complaint\", \"object\": \"decreased hearing\"}}]',49,11),(2226,'2018-05-21 05:19:33.083844','231','(+)granulation tissue',1,'[{\"added\": {}}]',31,11),(2231,'2018-05-21 05:20:40.854512','151','trimycin H',1,'[{\"added\": {}}]',41,11),(2236,'2018-05-21 05:30:04.234912','156','medrol',1,'[{\"added\": {}}]',41,11),(2241,'2018-05-21 05:30:16.850626','81','16mg',1,'[{\"added\": {}}]',21,11),(2246,'2018-05-21 05:30:31.060086','391','Maglinte, Archer, 2018-05-21',1,'[{\"added\": {}}, {\"added\": {\"name\": \"complaint\", \"object\": \"neck check up\"}}, {\"added\": {\"name\": \"prescription\", \"object\": \"Prescription object (401)\"}}, {\"added\": {\"name\": \"prescription\", \"object\": \"Prescription object (406)\"}}, {\"added\": {\"name\": \"prescription\", \"object\": \"Prescription object (411)\"}}]',49,11),(2251,'2018-05-21 05:33:10.373767','491','Maglinte, Archer',2,'[{\"changed\": {\"fields\": [\"middle_initial\", \"contact_num\", \"address\"]}}]',3,6),(2256,'2018-05-21 05:35:29.429569','386','Gaudan, Jey Rose, 2018-05-21',2,'[]',49,6),(2261,'2018-05-21 05:35:43.420606','386','Gaudan, Jey Rose, 2018-05-21',2,'[{\"added\": {\"name\": \"prescription\", \"object\": \"Prescription object (416)\"}}]',49,6),(2266,'2018-05-21 05:36:02.554375','391','Maglinte, Archer, 2018-05-21',2,'[{\"added\": {\"name\": \"prescription\", \"object\": \"Prescription object (421)\"}}]',49,6),(2271,'2018-05-21 05:37:35.380029','496','kitane, Alexandra',1,'[{\"added\": {}}]',3,6),(2276,'2018-05-21 05:52:00.550908','396','GUevarra, Gie-ar Esikiel, 2018-05-21',1,'[{\"added\": {}}, {\"added\": {\"name\": \"complaint\", \"object\": \"Ear pain\"}}, {\"added\": {\"name\": \"prescription\", \"object\": \"Prescription object (426)\"}}]',49,11),(2281,'2018-05-21 05:54:26.519336','151','foul smelling breath',1,'[{\"added\": {}}]',17,11),(2286,'2018-05-21 05:56:41.296179','501','Bejar, Jesa',1,'[{\"added\": {}}]',3,6),(2291,'2018-05-21 06:12:01.918813','236','FB(paper)',1,'[{\"added\": {}}]',31,11),(2296,'2018-05-21 06:12:50.699632','86','457/5',1,'[{\"added\": {}}]',21,11),(2301,'2018-05-21 06:16:47.599621','401','kitane, Alexandra, 2018-05-21',1,'[{\"added\": {}}, {\"added\": {\"name\": \"complaint\", \"object\": \"foul smelling breath\"}}, {\"added\": {\"name\": \"prescription\", \"object\": \"Prescription object (431)\"}}, {\"added\": {\"name\": \"prescription\", \"object\": \"Prescription object (436)\"}}]',49,11),(2306,'2018-05-21 06:19:08.826149','401','kitane, Alexandra, 2018-05-21',2,'[{\"added\": {\"name\": \"prescription\", \"object\": \"Prescription object (441)\"}}]',49,6),(2311,'2018-05-21 06:23:10.018515','506','Orlino, Remedios',1,'[{\"added\": {}}]',3,6),(2316,'2018-05-21 06:32:39.877888','241','(+)aural polyp,AD',1,'[{\"added\": {}}]',31,11),(2321,'2018-05-21 06:33:42.315671','56','None',2,'[{\"changed\": {\"fields\": [\"brand_name\"]}}]',41,11),(2326,'2018-05-21 06:34:09.333992','161','Natravox',1,'[{\"added\": {}}]',41,11),(2331,'2018-05-21 06:35:46.447205','246','(+)aural polyp,AD',1,'[{\"added\": {}}]',31,11),(2336,'2018-05-21 06:38:55.049663','406','Bejar, Jesa, 2018-05-21',1,'[{\"added\": {}}, {\"added\": {\"name\": \"complaint\", \"object\": \"Ear pain\"}}, {\"added\": {\"name\": \"prescription\", \"object\": \"Prescription object (446)\"}}, {\"added\": {\"name\": \"prescription\", \"object\": \"Prescription object (451)\"}}]',49,11),(2341,'2018-05-21 06:46:29.779921','511','Patenio, Jenelyn',1,'[{\"added\": {}}]',3,6),(2346,'2018-05-21 06:57:51.071172','411','Orlino, Remedios, 2018-05-21',1,'[{\"added\": {}}, {\"added\": {\"name\": \"complaint\", \"object\": \"oral check-up\"}}, {\"added\": {\"name\": \"complaint\", \"object\": \"ear check up\"}}]',49,11),(2351,'2018-05-21 07:04:17.479880','516','Badon, Alberto',1,'[{\"added\": {}}]',3,6),(2356,'2018-05-21 07:09:28.940173','406','Bejar, Jesa, 2018-05-21',2,'[]',49,6),(2361,'2018-05-21 07:09:56.530757','411','Orlino, Remedios, 2018-05-21',2,'[{\"added\": {\"name\": \"prescription\", \"object\": \"Prescription object (456)\"}}]',49,6),(2366,'2018-05-21 07:11:01.968898','416','Patenio, Jenelyn, 2018-05-21',1,'[{\"added\": {}}, {\"added\": {\"name\": \"complaint\", \"object\": \"neck check up\"}}]',49,11),(2371,'2018-05-21 07:30:37.222713','251','(+)vocal fold mass,L',1,'[{\"added\": {}}]',31,11),(2376,'2018-05-21 07:31:06.731117','111','for biopsy',1,'[{\"added\": {}}]',47,11),(2381,'2018-05-21 07:31:14.946511','421','Badon, Alberto, 2018-05-21',1,'[{\"added\": {}}, {\"added\": {\"name\": \"complaint\", \"object\": \"dysphagia\"}}]',49,11),(2386,'2018-05-21 07:41:02.204157','426','Cuizon, Jhonna Jane, 2018-05-21',1,'[{\"added\": {}}, {\"added\": {\"name\": \"complaint\", \"object\": \"Ear pain\"}}, {\"added\": {\"name\": \"prescription\", \"object\": \"Prescription object (461)\"}}]',49,11),(2391,'2018-05-21 07:47:47.028346','426','Cuizon, Jhonna Jane, 2018-05-21',2,'[]',49,6),(2396,'2018-05-21 07:48:06.108483','421','Badon, Alberto, 2018-05-21',2,'[{\"added\": {\"name\": \"prescription\", \"object\": \"Prescription object (466)\"}}]',49,6),(2401,'2018-05-22 02:18:55.940653','521','Canfield, Brenton',1,'[{\"added\": {}}]',3,6),(2406,'2018-05-22 02:46:09.480111','526','Navarro, Nelly',1,'[{\"added\": {}}]',3,6),(2411,'2018-05-22 05:27:20.992031','531','Sombilon, Maria Elizabeth',1,'[{\"added\": {}}]',3,6),(2416,'2018-05-22 05:36:26.383355','431','Navarro, Nelly, 2018-05-22',1,'[{\"added\": {}}, {\"added\": {\"object\": \"ear check up\", \"name\": \"complaint\"}}, {\"added\": {\"object\": \"Prescription object (471)\", \"name\": \"prescription\"}}]',49,11),(2421,'2018-05-22 05:59:38.247562','256','attic perforation',1,'[{\"added\": {}}]',31,11),(2426,'2018-05-22 06:00:10.695694','166','triocef',1,'[{\"added\": {}}]',41,11),(2431,'2018-05-22 06:00:28.115828','436','Canfield, Brenton, 2018-05-22',1,'[{\"added\": {}}, {\"added\": {\"object\": \"ear check up\", \"name\": \"complaint\"}}, {\"added\": {\"object\": \"Prescription object (476)\", \"name\": \"prescription\"}}]',49,11),(2436,'2018-05-22 06:00:28.853633','431','Navarro, Nelly, 2018-05-22',2,'[{\"added\": {\"object\": \"Prescription object (481)\", \"name\": \"prescription\"}}]',49,6),(2441,'2018-05-22 06:01:12.508119','436','Canfield, Brenton, 2018-05-22',2,'[{\"added\": {\"object\": \"Prescription object (486)\", \"name\": \"prescription\"}}]',49,6),(2446,'2018-05-22 06:02:29.787106','6','ExamName object (6)',1,'[{\"added\": {}}]',23,11),(2451,'2018-05-22 06:03:44.524281','11','ExamName object (11)',1,'[{\"added\": {}}]',23,11),(2456,'2018-05-22 06:04:18.425304','1','CXR',1,'[{\"added\": {}}]',29,11),(2461,'2018-05-22 06:04:57.065209','536','Gica, Francisco Sr',1,'[{\"added\": {}}]',3,6),(2466,'2018-05-22 06:07:27.617905','156','ff up',1,'[{\"added\": {}}]',17,11),(2471,'2018-05-22 06:08:05.338817','116','refer to pulmo',1,'[{\"added\": {}}]',47,11),(2476,'2018-05-22 06:10:11.465342','331','Galve, Viador, 2018-05-21',2,'[{\"added\": {\"object\": \"ff up\", \"name\": \"complaint\"}}, {\"added\": {\"object\": \"2018-05-22, ExamName object (11)\", \"name\": \"exam\"}}]',49,11),(2481,'2018-05-22 06:19:46.402052','331','Galve, Viador, 2018-05-21',2,'[]',49,11),(2486,'2018-05-22 06:26:17.506909','541','Pinero, Almer',1,'[{\"added\": {}}]',3,6),(2491,'2018-05-22 06:29:29.982016','121','for PTA',1,'[{\"added\": {}}]',47,11),(2496,'2018-05-22 06:29:36.087688','441','Gica, Francisco Sr, 2018-05-22',1,'[{\"added\": {}}, {\"added\": {\"object\": \"decreased hearing\", \"name\": \"complaint\"}}]',49,11),(2501,'2018-05-22 06:34:45.739781','261','(+)tremors',1,'[{\"added\": {}}]',31,11),(2506,'2018-05-22 06:34:54.505992','546','COrtes, Joe Marlowe',1,'[{\"added\": {}}]',3,6),(2511,'2018-05-22 06:35:06.206911','126','refer to endo',1,'[{\"added\": {}}]',47,11),(2516,'2018-05-22 06:35:11.100522','446','Pinero, Almer, 2018-05-22',1,'[{\"added\": {}}, {\"added\": {\"object\": \"neck check up\", \"name\": \"complaint\"}}]',49,11),(2521,'2018-05-22 06:44:31.898229','101','Cashier',1,'[{\"added\": {}}]',1,6),(2526,'2018-05-22 06:44:36.078034','551','KIlongkilong, Menchie Mae',1,'[{\"added\": {}}]',3,6),(2531,'2018-05-22 06:49:40.744864','266','(+)RC',1,'[{\"added\": {}}]',31,11),(2536,'2018-05-22 06:49:52.361330','451','COrtes, Joe Marlowe, 2018-05-22',1,'[{\"added\": {}}, {\"added\": {\"object\": \"tinnitus\", \"name\": \"complaint\"}}]',49,11),(2541,'2018-05-22 06:52:57.729048','156','Pamplona',1,'[{\"added\": {}}]',7,6),(2546,'2018-05-22 06:53:15.392831','556','Vecino, Grena',1,'[{\"added\": {}}]',3,6),(2551,'2018-05-22 07:06:52.008962','446','Pinero, Almer, 2018-05-22',2,'[]',49,6),(2556,'2018-05-22 07:07:07.340521','446','Pinero, Almer, 2018-05-22',2,'[{\"added\": {\"object\": \"Prescription object (491)\", \"name\": \"prescription\"}}]',49,6),(2561,'2018-05-22 07:07:23.860103','451','COrtes, Joe Marlowe, 2018-05-22',2,'[{\"added\": {\"object\": \"Prescription object (496)\", \"name\": \"prescription\"}}]',49,6),(2566,'2018-05-22 07:07:43.314644','456','KIlongkilong, Menchie Mae, 2018-05-22',1,'[{\"added\": {}}, {\"added\": {\"object\": \"otorrhea\", \"name\": \"complaint\"}}, {\"added\": {\"object\": \"Prescription object (501)\", \"name\": \"prescription\"}}, {\"added\": {\"object\": \"Prescription object (506)\", \"name\": \"prescription\"}}]',49,11),(2571,'2018-05-22 07:12:18.159481','461','Vecino, Grena, 2018-05-22',1,'[{\"added\": {}}, {\"added\": {\"object\": \"otorrhea\", \"name\": \"complaint\"}}]',49,11),(2576,'2018-05-22 07:14:43.459693','561','Pyponco, Rhia Jane',1,'[{\"added\": {}}]',3,6),(2581,'2018-05-22 07:17:19.085344','566','GUevarra, Odiessy Athena',1,'[{\"added\": {}}]',3,6),(2586,'2018-05-22 07:19:10.913318','571','Reyes, Eleazar',1,'[{\"added\": {}}]',3,6),(2591,'2018-05-22 07:26:11.297113','271','pre auricular sinus',1,'[{\"added\": {}}]',31,11),(2596,'2018-05-22 07:26:20.198280','466','Pyponco, Rhia Jane, 2018-05-22',1,'[{\"added\": {}}, {\"added\": {\"object\": \"otorrhea\", \"name\": \"complaint\"}}]',49,11),(2601,'2018-05-22 08:26:26.148195','471','GUevarra, Odiessy Athena, 2018-05-22',1,'[{\"added\": {}}, {\"added\": {\"object\": \"otorrhea\", \"name\": \"complaint\"}}, {\"added\": {\"object\": \"Prescription object (511)\", \"name\": \"prescription\"}}]',49,11),(2606,'2018-05-22 08:33:15.538462','576','Abordo, Teofila',1,'[{\"added\": {}}]',3,6),(2611,'2018-05-22 08:34:50.518916','476','Reyes, Eleazar, 2018-05-22',1,'[{\"added\": {}}, {\"added\": {\"object\": \"oral check up\", \"name\": \"complaint\"}}, {\"added\": {\"object\": \"Prescription object (516)\", \"name\": \"prescription\"}}, {\"added\": {\"object\": \"Prescription object (521)\", \"name\": \"prescription\"}}]',49,11),(2616,'2018-05-22 08:37:13.501146','576','Abordo, Teofila',2,'[{\"changed\": {\"fields\": [\"contact_num\"]}}]',3,6),(2621,'2018-05-22 08:52:07.690343','171','cefalexin',1,'[{\"added\": {}}]',41,11),(2626,'2018-05-22 08:52:22.686389','36','QID',1,'[{\"added\": {}}]',45,11),(2631,'2018-05-22 08:52:43.568006','276','abscess',1,'[{\"added\": {}}]',31,11),(2636,'2018-05-22 08:55:15.900391','466','Pyponco, Rhia Jane, 2018-05-22',2,'[{\"changed\": {\"object\": \"otorrhea\", \"name\": \"complaint\", \"fields\": [\"finding\"]}}, {\"added\": {\"object\": \"Prescription object (526)\", \"name\": \"prescription\"}}]',49,11),(2641,'2018-05-22 08:57:54.701995','576','Abordo, Sophia',2,'[{\"changed\": {\"fields\": [\"first_name\"]}}]',3,6),(2646,'2018-05-22 09:05:44.566593','281','watery d/c',1,'[{\"added\": {}}]',31,11),(2651,'2018-05-22 09:09:16.809159','481','Abordo, Sophia, 2018-05-22',1,'[{\"added\": {}}, {\"added\": {\"object\": \"tinnitus\", \"name\": \"complaint\"}}, {\"added\": {\"object\": \"rhinorrhea\", \"name\": \"complaint\"}}, {\"added\": {\"object\": \"Prescription object (531)\", \"name\": \"prescription\"}}, {\"added\": {\"object\": \"Prescription object (536)\", \"name\": \"prescription\"}}]',49,11),(2656,'2018-05-22 09:13:25.792470','481','Abordo, Sophia, 2018-05-22',2,'[{\"added\": {\"object\": \"Prescription object (541)\", \"name\": \"prescription\"}}]',49,6),(2661,'2018-05-22 09:13:42.833149','476','Reyes, Eleazar, 2018-05-22',2,'[{\"added\": {\"object\": \"Prescription object (546)\", \"name\": \"prescription\"}}]',49,6),(2666,'2018-05-22 09:14:13.178091','471','GUevarra, Odiessy Athena, 2018-05-22',2,'[]',49,6),(2671,'2018-05-22 09:14:34.041672','466','Pyponco, Rhia Jane, 2018-05-22',2,'[{\"added\": {\"object\": \"Prescription object (551)\", \"name\": \"prescription\"}}]',49,6),(2676,'2018-05-22 09:15:07.320459','456','KIlongkilong, Menchie Mae, 2018-05-22',2,'[]',49,6),(2681,'2018-05-22 09:15:51.173561','461','Vecino, Grena, 2018-05-22',2,'[]',49,6),(2686,'2018-05-23 01:38:38.704522','581','Maquiling, Louella',1,'[{\"added\": {}}]',3,6),(2691,'2018-05-23 01:46:33.285105','106','Beautician',1,'[{\"added\": {}}]',1,6),(2696,'2018-05-23 01:46:41.104373','586','Canque, Ruby',1,'[{\"added\": {}}]',3,6),(2701,'2018-05-23 01:57:16.759253','161','Canla-on City',1,'[{\"added\": {}}]',7,6),(2706,'2018-05-23 01:57:51.968453','591','Calijan, NOrma',1,'[{\"added\": {}}]',3,6),(2711,'2018-05-23 02:00:01.782380','486','Maquiling, Louella, 2018-05-23',1,'[{\"added\": {}}, {\"added\": {\"object\": \"Ear pain\", \"name\": \"complaint\"}}, {\"added\": {\"object\": \"Prescription object (556)\", \"name\": \"prescription\"}}, {\"added\": {\"object\": \"Prescription object (561)\", \"name\": \"prescription\"}}]',49,11),(2716,'2018-05-23 02:15:46.395187','491','Canque, Ruby, 2018-05-23',1,'[{\"added\": {}}, {\"added\": {\"object\": \"decreased hearing\", \"name\": \"complaint\"}}, {\"added\": {\"object\": \"Prescription object (566)\", \"name\": \"prescription\"}}]',49,11),(2721,'2018-05-23 02:20:18.639360','176','tramadol',1,'[{\"added\": {}}]',41,11),(2726,'2018-05-23 02:20:27.228829','331','Galve, Viador, 2018-05-21',2,'[{\"added\": {\"object\": \"Prescription object (571)\", \"name\": \"prescription\"}}, {\"changed\": {\"object\": \"Prescription object (336)\", \"name\": \"prescription\", \"fields\": [\"medicine\", \"medicine_dose\", \"medicine_reminder\"]}}]',49,11),(2731,'2018-05-23 02:20:39.075704','486','Maquiling, Louella, 2018-05-23',2,'[{\"added\": {\"object\": \"Prescription object (576)\", \"name\": \"prescription\"}}]',49,6),(2736,'2018-05-23 02:23:27.801208','486','Maquiling, Louella, 2018-05-23',2,'[{\"changed\": {\"object\": \"Prescription object (576)\", \"name\": \"prescription\", \"fields\": [\"medicine_quantity\"]}}]',49,6),(2741,'2018-05-23 02:23:46.542634','491','Canque, Ruby, 2018-05-23',2,'[{\"added\": {\"object\": \"Prescription object (581)\", \"name\": \"prescription\"}}]',49,6),(2746,'2018-05-23 02:26:18.575625','166','Mabinay',1,'[{\"added\": {}}]',7,6),(2751,'2018-05-23 02:26:20.517978','596','Anasario, Russel',1,'[{\"added\": {}}]',3,6),(2756,'2018-05-23 02:26:50.070711','111','Driver',1,'[{\"added\": {}}]',1,6),(2761,'2018-05-23 02:26:52.868022','596','Anasario, Russel',2,'[{\"changed\": {\"fields\": [\"occupation\"]}}]',3,6),(2766,'2018-05-23 02:29:22.009823','601','Gargar, Violeta',1,'[{\"added\": {}}]',3,6),(2771,'2018-05-23 02:32:29.091079','496','Calijan, NOrma, 2018-05-23',1,'[{\"added\": {}}, {\"added\": {\"object\": \"sneezing, itchiness\", \"name\": \"complaint\"}}, {\"added\": {\"object\": \"Prescription object (586)\", \"name\": \"prescription\"}}, {\"added\": {\"object\": \"Prescription object (591)\", \"name\": \"prescription\"}}]',49,11),(2776,'2018-05-23 02:41:42.068540','606','Austria, Bryan lynn',1,'[{\"added\": {}}]',3,6),(2781,'2018-05-23 02:45:10.568589','501','Anasario, Russel, 2018-05-23',1,'[{\"added\": {}}, {\"added\": {\"object\": \"dysphagia\", \"name\": \"complaint\"}}, {\"added\": {\"object\": \"Prescription object (596)\", \"name\": \"prescription\"}}]',49,11),(2786,'2018-05-23 02:53:26.643922','116','Fiscal',1,'[{\"added\": {}}]',1,6),(2791,'2018-05-23 02:53:32.232952','611','Catalan, Kelly',1,'[{\"added\": {}}]',3,6),(2796,'2018-05-23 02:56:25.641207','501','Anasario, Russel, 2018-05-23',2,'[{\"added\": {\"object\": \"Prescription object (601)\", \"name\": \"prescription\"}}]',49,6),(2801,'2018-05-23 03:05:47.399344','286','(+)tenderness, pinna',1,'[{\"added\": {}}]',31,11),(2806,'2018-05-23 03:06:12.626725','131','refer to hema',1,'[{\"added\": {}}]',47,11),(2811,'2018-05-23 03:08:42.223177','291','(+)pulsating mass, neck',1,'[{\"added\": {}}]',31,11),(2816,'2018-05-23 03:09:31.402306','136','for CT scan',1,'[{\"added\": {}}]',47,11),(2821,'2018-05-23 03:09:37.401904','506','Gargar, Violeta, 2018-05-23',1,'[{\"added\": {}}, {\"added\": {\"object\": \"Ear pain\", \"name\": \"complaint\"}}]',49,11),(2826,'2018-05-23 03:18:44.414888','506','Gargar, Violeta, 2018-05-23',2,'[{\"added\": {\"object\": \"Prescription object (606)\", \"name\": \"prescription\"}}]',49,6),(2831,'2018-05-23 03:20:11.193935','616','Del Carmen, Sofia',1,'[{\"added\": {}}]',3,6),(2836,'2018-05-23 03:22:52.196838','121','Lawyer',1,'[{\"added\": {}}]',1,6),(2841,'2018-05-23 03:23:02.070596','621','Del Carmen, Sherwin',1,'[{\"added\": {}}]',3,6),(2846,'2018-05-23 03:27:19.061999','511','Austria, Bryan lynn, 2018-05-23',1,'[{\"added\": {}}, {\"added\": {\"object\": \"otorrhea\", \"name\": \"complaint\"}}, {\"added\": {\"object\": \"Prescription object (611)\", \"name\": \"prescription\"}}, {\"added\": {\"object\": \"Prescription object (616)\", \"name\": \"prescription\"}}]',49,11),(2851,'2018-05-23 03:30:29.672266','511','Austria, Bryan lynn, 2018-05-23',2,'[]',49,6),(2856,'2018-05-23 03:33:54.423430','126','Rad Tech',1,'[{\"added\": {}}]',1,6),(2861,'2018-05-23 03:33:57.249693','626','Morqueda, Eric',1,'[{\"added\": {}}]',3,6),(2866,'2018-05-23 03:37:03.995022','296','heald TM',1,'[{\"added\": {}}]',31,11),(2871,'2018-05-23 03:37:23.095051','161','halitosis',1,'[{\"added\": {}}]',17,11),(2876,'2018-05-23 03:37:49.435372','516','Catalan, Kelly, 2018-05-23',1,'[{\"added\": {}}, {\"added\": {\"object\": \"ear check up\", \"name\": \"complaint\"}}, {\"added\": {\"object\": \"halitosis\", \"name\": \"complaint\"}}]',49,11),(2881,'2018-05-23 03:58:18.067488','301','hyperemic epiglottis',1,'[{\"added\": {}}]',31,11),(2886,'2018-05-23 03:58:24.020593','521','Del Carmen, Sofia, 2018-05-23',1,'[{\"added\": {}}, {\"added\": {\"object\": \"oral check-up\", \"name\": \"complaint\"}}]',49,11),(2891,'2018-05-23 04:00:01.758985','526','Del Carmen, Sherwin, 2018-05-23',1,'[{\"added\": {}}, {\"added\": {\"object\": \"odynophagia\", \"name\": \"complaint\"}}, {\"added\": {\"object\": \"Prescription object (621)\", \"name\": \"prescription\"}}]',49,11),(2896,'2018-05-23 04:10:04.477649','531','Morqueda, Eric, 2018-05-23',1,'[{\"added\": {}}, {\"added\": {\"object\": \"frontal headache\", \"name\": \"complaint\"}}, {\"added\": {\"object\": \"Prescription object (626)\", \"name\": \"prescription\"}}]',49,11),(2901,'2018-05-23 04:12:36.233940','16','ExamName object (16)',1,'[{\"added\": {}}]',23,11),(2906,'2018-05-23 04:13:04.933285','1','C/S',1,'[{\"added\": {}}]',27,11),(2911,'2018-05-23 04:13:45.000270','351','LOpez, Gabriel Xander, 2018-05-21',2,'[{\"added\": {\"object\": \"None, ExamName object (16)\", \"name\": \"exam\"}}]',49,11),(2916,'2018-05-23 05:14:56.019055','631','KIrit, Jaeram',1,'[{\"added\": {}}]',3,6),(2921,'2018-05-23 05:28:02.823568','636','Mora, Janice',1,'[{\"added\": {}}]',3,6),(2926,'2018-05-23 05:34:32.421258','641','Fortuito, Cherry Joy',1,'[{\"added\": {}}]',3,6),(2931,'2018-05-23 05:36:24.510418','306','(+)wet cerumen',1,'[{\"added\": {}}]',31,11),(2936,'2018-05-23 05:38:23.281125','536','KIrit, Jaeram, 2018-05-23',1,'[{\"added\": {}}, {\"added\": {\"object\": \"decreased hearing\", \"name\": \"complaint\"}}, {\"added\": {\"object\": \"Prescription object (631)\", \"name\": \"prescription\"}}]',49,11),(2941,'2018-05-23 05:43:17.154801','181','Trimycin-H',1,'[{\"added\": {}}]',41,11),(2946,'2018-05-23 05:45:13.609972','541','Mora, Janice, 2018-05-23',1,'[{\"added\": {}}, {\"added\": {\"object\": \"nasal mass\", \"name\": \"complaint\"}}, {\"added\": {\"object\": \"Prescription object (636)\", \"name\": \"prescription\"}}]',49,11),(2951,'2018-05-23 05:56:02.843571','546','Fortuito, Cherry Joy, 2018-05-23',1,'[{\"added\": {}}, {\"added\": {\"object\": \"Ear pain\", \"name\": \"complaint\"}}, {\"added\": {\"object\": \"Prescription object (641)\", \"name\": \"prescription\"}}]',49,11),(2956,'2018-05-23 06:01:08.108460','131','employee',1,'[{\"added\": {}}]',1,6),(2961,'2018-05-23 06:01:09.566345','646','Salboro, Hermosila',1,'[{\"added\": {}}]',3,6),(2966,'2018-05-23 06:05:10.786380','651','Montemayor, Suzanna',1,'[{\"added\": {}}]',3,6),(2971,'2018-05-23 06:10:15.295491','141','vestibular exercise',1,'[{\"added\": {}}]',47,11),(2976,'2018-05-23 06:12:37.395189','546','Fortuito, Cherry Joy, 2018-05-23',2,'[{\"added\": {\"object\": \"Prescription object (646)\", \"name\": \"prescription\"}}]',49,6),(2981,'2018-05-23 06:13:13.931578','551','Salboro, Hermosila, 2018-05-23',1,'[{\"added\": {}}, {\"added\": {\"object\": \"dizziness/vertigo\", \"name\": \"complaint\"}}]',49,11),(2986,'2018-05-23 06:19:02.024634','551','Salboro, Hermosila, 2018-05-23',2,'[{\"added\": {\"object\": \"Prescription object (651)\", \"name\": \"prescription\"}}]',49,6),(2991,'2018-05-23 06:21:07.849864','656','Tuballa, Rica',1,'[{\"added\": {}}]',3,6),(2996,'2018-05-23 06:36:03.913066','556','Montemayor, Suzanna, 2018-05-23',1,'[{\"added\": {}}, {\"added\": {\"object\": \"nasal mass\", \"name\": \"complaint\"}}]',49,11),(3001,'2018-05-23 06:38:28.438524','556','Montemayor, Suzanna, 2018-05-23',2,'[{\"added\": {\"object\": \"Prescription object (656)\", \"name\": \"prescription\"}}]',49,6),(3006,'2018-05-23 06:43:45.103711','661','Gadingan, Dandy',1,'[{\"added\": {}}]',3,6),(3011,'2018-05-23 06:46:08.500887','666','Cernal, Betty',1,'[{\"added\": {}}]',3,6),(3016,'2018-05-23 06:51:30.669098','311','perforated TM, AU',1,'[{\"added\": {}}]',31,11),(3021,'2018-05-23 06:52:33.062876','561','Tuballa, Rica, 2018-05-23',1,'[{\"added\": {}}, {\"added\": {\"object\": \"Ear pain\", \"name\": \"complaint\"}}, {\"added\": {\"object\": \"Prescription object (661)\", \"name\": \"prescription\"}}, {\"added\": {\"object\": \"Prescription object (666)\", \"name\": \"prescription\"}}]',49,11),(3026,'2018-05-23 07:00:46.750871','561','Tuballa, Rica, 2018-05-23',2,'[]',49,6),(3031,'2018-05-23 07:04:29.248368','561','Tuballa, Rica, 2018-05-23',2,'[]',49,11),(3036,'2018-05-23 07:13:15.703454','316','gr III hypertrophic tonsils',1,'[{\"added\": {}}]',31,11),(3041,'2018-05-23 07:13:35.520219','146','for tonsillectomy',1,'[{\"added\": {}}]',47,11),(3046,'2018-05-23 07:16:23.736979','566','Cernal, Betty, 2018-05-23',1,'[{\"added\": {}}, {\"added\": {\"object\": \"oral check-up\", \"name\": \"complaint\"}}]',49,11),(3051,'2018-05-23 07:25:14.049583','566','Cernal, Betty, 2018-05-23',2,'[{\"added\": {\"object\": \"Prescription object (671)\", \"name\": \"prescription\"}}]',49,6),(3056,'2018-05-23 08:08:42.059457','571','Nuique, Felian, 2018-05-23',1,'[{\"added\": {}}]',49,6),(3061,'2018-05-23 08:40:13.705769','566','Nuique, Felian, 2018-05-23',2,'[{\"changed\": {\"fields\": [\"patient\"]}}, {\"changed\": {\"object\": \"Prescription object (671)\", \"name\": \"prescription\", \"fields\": [\"medicine_quantity\"]}}]',49,6),(3066,'2018-05-23 08:40:40.968907','566','Nuique, Felian, 2018-05-23',2,'[]',49,6),(3071,'2018-05-24 02:09:28.649869','671','Eullaran, Alejandro Jr',1,'[{\"added\": {}}]',3,6),(3076,'2018-05-24 02:17:47.535222','676','Anito, Joanna Marie',1,'[{\"added\": {}}]',3,6),(3081,'2018-05-24 02:28:21.734722','321','(+)bleeder, inf. concha',1,'[{\"added\": {}}]',31,11),(3086,'2018-05-24 02:28:52.700472','681','Tuble, Francisco Sr',1,'[{\"added\": {}}]',3,6),(3091,'2018-05-24 02:29:13.719305','186','tranexamic acid',1,'[{\"added\": {}}]',41,11),(3096,'2018-05-24 02:32:05.497318','576','Eullaran, Alejandro Jr, 2018-05-24',1,'[{\"added\": {}}, {\"added\": {\"object\": \"epistaxis\", \"name\": \"complaint\"}}, {\"added\": {\"object\": \"Prescription object (676)\", \"name\": \"prescription\"}}, {\"added\": {\"object\": \"Prescription object (681)\", \"name\": \"prescription\"}}]',49,11),(3101,'2018-05-24 02:44:31.474050','581','Tuble, Francisco Sr, 2018-05-24',1,'[{\"added\": {}}, {\"added\": {\"object\": \"ear check up\", \"name\": \"complaint\"}}]',49,11),(3106,'2018-05-24 02:47:06.879239','576','Eullaran, Alejandro Jr, 2018-05-24',2,'[{\"added\": {\"object\": \"Prescription object (686)\", \"name\": \"prescription\"}}]',49,6),(3111,'2018-05-24 02:47:32.689170','581','Tuble, Francisco Sr, 2018-05-24',2,'[{\"added\": {\"object\": \"Prescription object (691)\", \"name\": \"prescription\"}}]',49,6),(3116,'2018-05-24 02:51:08.131909','686','Lawas, Kristoffer',1,'[{\"added\": {}}]',3,6),(3121,'2018-05-24 03:06:05.544846','81','maxilla',1,'[{\"added\": {}}]',39,11),(3126,'2018-05-24 03:07:14.476628','326','maxillary cyst',1,'[{\"added\": {}}]',31,11),(3131,'2018-05-24 03:07:31.562319','151','aspiration',1,'[{\"added\": {}}]',47,11),(3136,'2018-05-24 03:19:16.867107','586','Daliong, Carlina, 2018-05-24',1,'[{\"added\": {}}, {\"added\": {\"object\": \"maxillary mass\", \"name\": \"complaint\"}}, {\"added\": {\"object\": \"Prescription object (696)\", \"name\": \"prescription\"}}]',49,11),(3141,'2018-05-24 03:20:36.399769','586','Daliong, Carlina, 2018-05-24',2,'[]',49,11),(3146,'2018-05-24 03:28:44.389466','166','post nasal drip',1,'[{\"added\": {}}]',17,11),(3151,'2018-05-24 03:34:14.803501','691','Jarabay, Jaywell  Ritz',1,'[{\"added\": {}}]',3,6),(3156,'2018-05-24 03:36:08.583470','586','Daliong, Carlina, 2018-05-24',2,'[{\"added\": {\"object\": \"Prescription object (701)\", \"name\": \"prescription\"}}]',49,6),(3161,'2018-05-24 03:36:41.636801','591','Lawas, Kristoffer, 2018-05-24',1,'[{\"added\": {}}, {\"added\": {\"object\": \"post nasal drip\", \"name\": \"complaint\"}}, {\"added\": {\"object\": \"Prescription object (706)\", \"name\": \"prescription\"}}, {\"added\": {\"object\": \"Prescription object (711)\", \"name\": \"prescription\"}}]',49,11),(3166,'2018-05-24 03:38:02.938137','591','Lawas, Kristoffer, 2018-05-24',2,'[]',49,6),(3171,'2018-05-24 03:46:27.966618','696','Quezon, Ashlee',1,'[{\"added\": {}}]',3,6),(3176,'2018-05-24 03:52:52.574703','191','alnix',1,'[{\"added\": {}}]',41,11),(3181,'2018-05-24 03:53:02.132289','91','10mg',1,'[{\"added\": {}}]',21,11),(3186,'2018-05-24 03:53:24.698447','576','Eullaran, Alejandro Jr, 2018-05-24',2,'[{\"changed\": {\"fields\": [\"medicine_quantity\"], \"object\": \"Prescription object (686)\", \"name\": \"prescription\"}}]',49,6),(3191,'2018-05-24 03:54:50.155784','596','Jarabay, Jaywell  Ritz, 2018-05-24',1,'[{\"added\": {}}, {\"added\": {\"object\": \"ear check up\", \"name\": \"complaint\"}}, {\"added\": {\"object\": \"rhinorrhea\", \"name\": \"complaint\"}}, {\"added\": {\"object\": \"Prescription object (716)\", \"name\": \"prescription\"}}, {\"added\": {\"object\": \"Prescription object (721)\", \"name\": \"prescription\"}}]',49,11),(3196,'2018-05-24 04:10:55.816078','701','Uy, Iverson Kent',1,'[{\"added\": {}}]',3,6),(3201,'2018-05-24 04:12:54.249927','596','Jarabay, Jaywell  Ritz, 2018-05-24',2,'[{\"added\": {\"object\": \"Prescription object (726)\", \"name\": \"prescription\"}}]',49,6),(3206,'2018-05-24 04:13:01.807134','331','(+) pre nodular lesion, L VF',1,'[{\"added\": {}}]',31,11),(3211,'2018-05-24 04:13:35.229418','601','Anito, Joanna Marie, 2018-05-24',1,'[{\"added\": {}}, {\"added\": {\"object\": \"hoarseness\", \"name\": \"complaint\"}}, {\"added\": {\"object\": \"ear check up\", \"name\": \"complaint\"}}]',49,11),(3216,'2018-05-24 04:16:02.140915','706','Rio, Irma',1,'[{\"added\": {}}]',3,6),(3221,'2018-05-24 04:26:44.512140','336','(+)film',1,'[{\"added\": {}}]',31,11),(3226,'2018-05-24 04:26:54.857723','606','Quezon, Ashlee, 2018-05-24',1,'[{\"added\": {}}, {\"added\": {\"object\": \"ear check up\", \"name\": \"complaint\"}}]',49,11),(3231,'2018-05-24 04:28:21.731354','606','Quezon, Ashlee, 2018-05-24',2,'[{\"added\": {\"object\": \"Prescription object (731)\", \"name\": \"prescription\"}}]',49,6),(3236,'2018-05-24 04:37:43.432877','611','Uy, Iverson Kent, 2018-05-24',1,'[{\"added\": {}}, {\"added\": {\"object\": \"ear check up\", \"name\": \"complaint\"}}, {\"added\": {\"object\": \"Prescription object (736)\", \"name\": \"prescription\"}}]',49,11),(3241,'2018-05-24 04:38:48.104356','611','Uy, Iverson Kent, 2018-05-24',2,'[{\"added\": {\"object\": \"Prescription object (741)\", \"name\": \"prescription\"}}]',49,6),(3246,'2018-05-24 04:39:58.915960','171','itchiness',1,'[{\"added\": {}}]',17,11),(3251,'2018-05-24 04:42:13.813497','136','Cabin  crew',1,'[{\"added\": {}}]',1,6),(3256,'2018-05-24 04:42:17.798329','711','Jayari, Candice',1,'[{\"added\": {}}]',3,6),(3261,'2018-05-24 04:47:11.021102','171','Basay City',1,'[{\"added\": {}}]',7,6),(3266,'2018-05-24 04:47:13.043677','716','Luang, Dolores',1,'[{\"added\": {}}]',3,6),(3271,'2018-05-24 04:51:39.663301','616','Rio, Irma, 2018-05-24',1,'[{\"added\": {}}, {\"added\": {\"object\": \"itchiness\", \"name\": \"complaint\"}}, {\"added\": {\"object\": \"Prescription object (746)\", \"name\": \"prescription\"}}]',49,11),(3276,'2018-05-24 04:56:32.389690','721','Maghinay, John',1,'[{\"added\": {}}]',3,6),(3281,'2018-05-24 05:16:05.592015','621','Jayari, Candice, 2018-05-24',1,'[{\"added\": {}}, {\"added\": {\"object\": \"ear check up\", \"name\": \"complaint\"}}]',49,11),(3286,'2018-05-24 05:17:31.215258','726','Gentuya, Cheska Suzanne',1,'[{\"added\": {}}]',3,6),(3291,'2018-05-24 05:24:28.232859','626','Luang, Dolores, 2018-05-24',1,'[{\"added\": {}}, {\"added\": {\"object\": \"ear check up\", \"name\": \"complaint\"}}, {\"added\": {\"object\": \"Prescription object (751)\", \"name\": \"prescription\"}}]',49,11),(3296,'2018-05-24 05:25:54.680756','341','septal perforation',1,'[{\"added\": {}}]',31,11),(3301,'2018-05-24 05:26:32.829055','156','s/p removal of FB(battery)',1,'[{\"added\": {}}]',47,11),(3306,'2018-05-24 05:29:37.500960','626','Luang, Dolores, 2018-05-24',2,'[]',49,6),(3311,'2018-05-24 05:32:41.518614','631','Maghinay, John, 2018-05-24',1,'[{\"added\": {}}, {\"added\": {\"object\": \"ff up\", \"name\": \"complaint\"}}]',49,11),(3316,'2018-05-24 05:38:28.642186','731','Cadiz, LOisa',1,'[{\"added\": {}}]',3,6),(3321,'2018-05-24 05:39:40.488479','176','check up',1,'[{\"added\": {}}]',17,11),(3326,'2018-05-24 05:39:54.599309','86','eye',1,'[{\"added\": {}}]',39,11),(3331,'2018-05-24 05:40:09.830682','161','refer to ophtha',1,'[{\"added\": {}}]',47,11),(3336,'2018-05-24 05:40:49.011123','636','Gentuya, Cheska Suzanne, 2018-05-24',1,'[{\"added\": {}}, {\"added\": {\"object\": \"check up\", \"name\": \"complaint\"}}]',49,11),(3341,'2018-05-24 05:43:01.641765','736','Birtudazo, Edsel',1,'[{\"added\": {}}]',3,6),(3346,'2018-05-24 05:48:30.088382','741','Tahum, Prickly',1,'[{\"added\": {}}]',3,6),(3351,'2018-05-24 05:51:13.994052','166','cont nasoflo',1,'[{\"added\": {}}]',47,11),(3356,'2018-05-24 05:52:14.936150','641','Cadiz, LOisa, 2018-05-24',1,'[{\"added\": {}}, {\"added\": {\"object\": \"ff up\", \"name\": \"complaint\"}}, {\"added\": {\"object\": \"ff up\", \"name\": \"complaint\"}}]',49,11),(3361,'2018-05-24 05:57:57.919845','346','FB(pebble)',1,'[{\"added\": {}}]',31,11),(3366,'2018-05-24 05:58:09.895860','646','Birtudazo, Edsel, 2018-05-24',1,'[{\"added\": {}}, {\"added\": {\"object\": \"ear check up\", \"name\": \"complaint\"}}]',49,11),(3371,'2018-05-24 05:58:46.598837','141','Businessman',1,'[{\"added\": {}}]',1,6),(3376,'2018-05-24 05:58:52.161814','746','Hernandez, Herbert',1,'[{\"added\": {}}]',3,6),(3381,'2018-05-24 06:15:32.053533','751','Tahum, Rosely',1,'[{\"added\": {}}]',3,6),(3386,'2018-05-24 06:24:57.318465','651','Tahum, Prickly, 2018-05-24',1,'[{\"added\": {}}, {\"added\": {\"object\": \"decreased hearing\", \"name\": \"complaint\"}}]',49,11),(3391,'2018-05-24 06:29:44.763803','656','Tahum, Rosely, 2018-05-24',1,'[{\"added\": {}}, {\"added\": {\"object\": \"ear check up\", \"name\": \"complaint\"}}, {\"added\": {\"object\": \"ear check up\", \"name\": \"complaint\"}}, {\"added\": {\"object\": \"Prescription object (756)\", \"name\": \"prescription\"}}, {\"added\": {\"object\": \"Prescription object (761)\", \"name\": \"prescription\"}}]',49,11),(3396,'2018-05-24 06:37:51.638668','756','Olis, Joel',1,'[{\"added\": {}}]',3,6),(3401,'2018-05-24 06:45:02.994784','351','hyperemic mucosa',1,'[{\"added\": {}}]',31,11),(3406,'2018-05-24 06:48:37.761202','661','Hernandez, Herbert, 2018-05-24',1,'[{\"added\": {}}, {\"added\": {\"object\": \"odynophagia\", \"name\": \"complaint\"}}, {\"added\": {\"object\": \"Prescription object (766)\", \"name\": \"prescription\"}}, {\"added\": {\"object\": \"Prescription object (771)\", \"name\": \"prescription\"}}]',49,11),(3411,'2018-05-24 06:50:15.247640','661','Hernandez, Herbert, 2018-05-24',2,'[]',49,6),(3416,'2018-05-24 06:50:33.608946','661','Hernandez, Herbert, 2018-05-24',2,'[{\"added\": {\"object\": \"Prescription object (776)\", \"name\": \"prescription\"}}]',49,6),(3421,'2018-05-24 06:50:54.156609','656','Tahum, Rosely, 2018-05-24',2,'[]',49,6),(3426,'2018-05-24 06:51:11.049908','651','Tahum, Prickly, 2018-05-24',2,'[{\"added\": {\"object\": \"Prescription object (781)\", \"name\": \"prescription\"}}]',49,6),(3431,'2018-05-24 06:54:48.984674','761','Gador, Robie Jhimz',1,'[{\"added\": {}}]',3,6),(3436,'2018-05-24 07:01:06.000618','666','Olis, Joel, 2018-05-24',1,'[{\"added\": {}}, {\"added\": {\"object\": \"decreased hearing\", \"name\": \"complaint\"}}]',49,11),(3441,'2018-05-24 07:03:57.959149','766','Villasis, Regie',1,'[{\"added\": {}}]',3,6),(3446,'2018-05-24 07:10:02.599540','771','Pernito, Jade Joshua',1,'[{\"added\": {}}]',3,6),(3451,'2018-05-24 07:16:32.037200','671','Gador, Robie Jhimz, 2018-05-24',1,'[{\"added\": {}}, {\"added\": {\"object\": \"otorrhea\", \"name\": \"complaint\"}}, {\"added\": {\"object\": \"Prescription object (786)\", \"name\": \"prescription\"}}, {\"added\": {\"object\": \"Prescription object (791)\", \"name\": \"prescription\"}}]',49,11),(3456,'2018-05-24 07:30:38.029336','776','Avanzado, Jhon Zean Rex',1,'[{\"added\": {}}]',3,6),(3461,'2018-05-24 07:33:27.372697','781','Japin, Ann Gabrielle',1,'[{\"added\": {}}]',3,6),(3466,'2018-05-24 07:44:18.679047','356','s/p thyroidectomy,R lobe',1,'[{\"added\": {}}]',31,11),(3471,'2018-05-24 07:44:45.504841','171','for completion thyroidectomy',1,'[{\"added\": {}}]',47,11),(3476,'2018-05-24 07:45:11.836479','6','biopsy',1,'[{\"added\": {}}]',27,11),(3481,'2018-05-24 07:45:23.799853','676','Pernito, Jade Joshua, 2018-05-24',1,'[{\"added\": {}}, {\"added\": {\"object\": \"neck check up\", \"name\": \"complaint\"}}, {\"added\": {\"object\": \"None, None\", \"name\": \"exam\"}}]',49,11),(3486,'2018-05-24 07:45:43.305469','671','Gador, Robie Jhimz, 2018-05-24',2,'[]',49,6),(3491,'2018-05-24 07:45:59.674425','676','Pernito, Jade Joshua, 2018-05-24',2,'[{\"added\": {\"object\": \"Prescription object (796)\", \"name\": \"prescription\"}}]',49,6),(3496,'2018-05-24 07:51:04.470924','651','Tahum, Prickly, 2018-05-24',2,'[{\"added\": {\"object\": \"Hearing object (16)\", \"name\": \"hearing\"}}]',49,11),(3501,'2018-05-24 07:52:20.703225','181','otorrhagia',1,'[{\"added\": {}}]',17,11),(3506,'2018-05-24 08:00:34.994265','681','Avanzado, Jhon Zean Rex, 2018-05-24',1,'[{\"added\": {}}, {\"added\": {\"object\": \"otorrhagia\", \"name\": \"complaint\"}}, {\"added\": {\"object\": \"Prescription object (801)\", \"name\": \"prescription\"}}, {\"added\": {\"object\": \"Prescription object (806)\", \"name\": \"prescription\"}}]',49,11),(3511,'2018-05-24 08:08:40.535369','686','Japin, Ann Gabrielle, 2018-05-24',1,'[{\"added\": {}}, {\"added\": {\"object\": \"Ear pain\", \"name\": \"complaint\"}}, {\"added\": {\"object\": \"Prescription object (811)\", \"name\": \"prescription\"}}]',49,11),(3516,'2018-05-24 08:12:26.648598','176','Vallehermoso',1,'[{\"added\": {}}]',7,6),(3521,'2018-05-24 08:12:31.644688','786','Avenido, Rogelio',1,'[{\"added\": {}}]',3,6),(3526,'2018-05-24 08:21:59.241292','691','Avenido, Rogelio, 2018-05-24',1,'[{\"added\": {}}, {\"added\": {\"object\": \"ear check up\", \"name\": \"complaint\"}}]',49,11),(3531,'2018-05-24 08:39:13.469848','691','Avenido, Rogelio, 2018-05-24',2,'[{\"added\": {\"object\": \"Prescription object (816)\", \"name\": \"prescription\"}}]',49,6),(3536,'2018-05-24 09:19:18.635659','646','Birtudazo, Edsel, 2018-05-24',2,'[{\"added\": {\"object\": \"Prescription object (821)\", \"name\": \"prescription\"}}]',49,6),(3541,'2018-05-25 01:33:27.056809','791','Ramos, Kathlyn',1,'[{\"added\": {}}]',3,6),(3546,'2018-05-25 01:37:16.274570','796','Ramos, Nilo',1,'[{\"added\": {}}]',3,6),(3551,'2018-05-25 01:50:10.430221','801','Bucad, Danikka',1,'[{\"added\": {}}]',3,6),(3556,'2018-05-25 01:53:16.581049','696','Ramos, Kathlyn, 2018-05-25',1,'[{\"added\": {}}, {\"added\": {\"name\": \"complaint\", \"object\": \"decreased hearing\"}}]',49,11),(3561,'2018-05-25 01:54:06.689042','701','Ramos, Nilo, 2018-05-25',1,'[{\"added\": {}}, {\"added\": {\"name\": \"complaint\", \"object\": \"decreased hearing\"}}]',49,11),(3566,'2018-05-25 01:56:29.422742','806','del Mar, Rio',1,'[{\"added\": {}}]',3,6),(3571,'2018-05-25 01:56:58.121177','696','Ramos, Kathlyn, 2018-05-25',2,'[{\"added\": {\"name\": \"prescription\", \"object\": \"Prescription object (826)\"}}]',49,6),(3576,'2018-05-25 01:57:11.011666','701','Ramos, Nilo, 2018-05-25',2,'[{\"added\": {\"name\": \"prescription\", \"object\": \"Prescription object (831)\"}}]',49,6),(3581,'2018-05-25 02:01:49.137275','706','Bucad, Danikka, 2018-05-25',1,'[{\"added\": {}}, {\"added\": {\"name\": \"complaint\", \"object\": \"ear check up\"}}]',49,11),(3586,'2018-05-25 02:05:06.381045','811','Ansok, Samuel',1,'[{\"added\": {}}]',3,6),(3591,'2018-05-25 02:21:00.859116','711','del Mar, Rio, 2018-05-25',1,'[{\"added\": {}}, {\"added\": {\"name\": \"complaint\", \"object\": \"Ear pain\"}}, {\"added\": {\"name\": \"complaint\", \"object\": \"ear check up\"}}, {\"added\": {\"name\": \"prescription\", \"object\": \"Prescription object (836)\"}}, {\"added\": {\"name\": \"prescription\", \"object\": \"Prescription object (841)\"}}]',49,11),(3596,'2018-05-25 02:29:45.237663','31','Northern Samar',1,'[{\"added\": {}}]',5,6),(3601,'2018-05-25 02:31:01.966654','181','Catarman',1,'[{\"added\": {}}]',7,6),(3606,'2018-05-25 02:31:25.054475','816','Dugan, Tiburcio',1,'[{\"added\": {}}]',3,6),(3611,'2018-05-25 02:33:44.758698','821','Callao, Preciosa',1,'[{\"added\": {}}]',3,6),(3616,'2018-05-25 02:34:08.522266','716','Ansok, Samuel, 2018-05-25',1,'[{\"added\": {}}, {\"added\": {\"name\": \"complaint\", \"object\": \"neck check up\"}}, {\"added\": {\"name\": \"prescription\", \"object\": \"Prescription object (846)\"}}]',49,11),(3621,'2018-05-25 02:35:24.691346','716','Ansok, Samuel, 2018-05-25',2,'[{\"added\": {\"name\": \"prescription\", \"object\": \"Prescription object (851)\"}}]',49,11),(3626,'2018-05-25 02:37:20.882236','826','Cantley, Larry',1,'[{\"added\": {}}]',3,6),(3631,'2018-05-25 02:40:09.694366','706','Bucad, Danikka, 2018-05-25',2,'[{\"added\": {\"name\": \"prescription\", \"object\": \"Prescription object (856)\"}}]',49,6),(3636,'2018-05-25 02:40:29.584393','711','del Mar, Rio, 2018-05-25',2,'[]',49,6),(3641,'2018-05-25 02:40:43.601670','716','Ansok, Samuel, 2018-05-25',2,'[{\"added\": {\"name\": \"prescription\", \"object\": \"Prescription object (861)\"}}]',49,6),(3646,'2018-05-25 02:42:03.159985','721','Callao, Preciosa, 2018-05-25',1,'[{\"added\": {}}, {\"added\": {\"name\": \"complaint\", \"object\": \"tinnitus\"}}]',49,11),(3651,'2018-05-25 02:48:02.117434','831','Sun, Chad Nathaniel',1,'[{\"added\": {}}]',3,6),(3656,'2018-05-25 03:19:51.794337','196','overt',1,'[{\"added\": {}}]',41,11),(3661,'2018-05-25 03:20:19.285077','726','Cantley, Larry, 2018-05-25',1,'[{\"added\": {}}, {\"added\": {\"name\": \"complaint\", \"object\": \"ear check up\"}}, {\"added\": {\"name\": \"complaint\", \"object\": \"dizziness/vertigo\"}}, {\"added\": {\"name\": \"prescription\", \"object\": \"Prescription object (866)\"}}, {\"added\": {\"name\": \"prescription\", \"object\": \"Prescription object (871)\"}}]',49,11),(3666,'2018-05-25 03:29:10.730722','701','Ramos, Nilo, 2018-05-25',2,'[{\"added\": {\"name\": \"hearing\", \"object\": \"Hearing object (21)\"}}]',49,11),(3671,'2018-05-25 03:29:56.251209','696','Ramos, Kathlyn, 2018-05-25',2,'[{\"added\": {\"name\": \"hearing\", \"object\": \"Hearing object (26)\"}}]',49,11),(3676,'2018-05-25 03:42:57.767193','731','Sun, Chad Nathaniel, 2018-05-25',1,'[{\"added\": {}}, {\"added\": {\"name\": \"complaint\", \"object\": \"decreased hearing\"}}]',49,11),(3681,'2018-05-25 03:45:08.579057','836','Tumulak, Renfredo Sr',1,'[{\"added\": {}}]',3,6),(3686,'2018-05-25 03:48:06.384651','731','Sun, Chad Nathaniel, 2018-05-25',2,'[{\"added\": {\"name\": \"prescription\", \"object\": \"Prescription object (876)\"}}]',49,6),(3691,'2018-05-25 04:01:00.693930','736','Dugan, Tiburcio, 2018-05-25',1,'[{\"added\": {}}, {\"added\": {\"name\": \"complaint\", \"object\": \"ear check up\"}}, {\"added\": {\"name\": \"complaint\", \"object\": \"ear check up\"}}]',49,11),(3696,'2018-05-25 04:03:11.748921','736','Dugan, Tiburcio, 2018-05-25',2,'[{\"added\": {\"name\": \"prescription\", \"object\": \"Prescription object (881)\"}}]',49,6),(3701,'2018-05-25 04:08:31.482932','146','Nursing Aide',1,'[{\"added\": {}}]',1,6),(3706,'2018-05-25 04:08:35.748259','841','Fonollera, Marlina',1,'[{\"added\": {}}]',3,6),(3711,'2018-05-25 04:14:31.872079','741','Tumulak, Renfredo Sr, 2018-05-25',1,'[{\"added\": {}}, {\"added\": {\"name\": \"complaint\", \"object\": \"dizziness/vertigo\"}}, {\"added\": {\"name\": \"prescription\", \"object\": \"Prescription object (886)\"}}]',49,11),(3716,'2018-05-25 04:17:11.425953','741','Tumulak, Renfredo Sr, 2018-05-25',2,'[{\"added\": {\"name\": \"prescription\", \"object\": \"Prescription object (891)\"}}]',49,6),(3721,'2018-05-25 04:21:34.058135','846','Malhin, Lelly',1,'[{\"added\": {}}]',3,6),(3726,'2018-05-25 04:23:50.271730','361','(+)middle ear fluid',1,'[{\"added\": {}}]',31,11),(3731,'2018-05-25 04:28:54.965323','746','Fonollera, Marlina, 2018-05-25',1,'[{\"added\": {}}, {\"added\": {\"name\": \"complaint\", \"object\": \"decreased hearing\"}}, {\"added\": {\"name\": \"prescription\", \"object\": \"Prescription object (896)\"}}]',49,11),(3736,'2018-05-25 04:30:35.267276','746','Fonollera, Marlina, 2018-05-25',2,'[]',49,6),(3741,'2018-05-25 04:32:14.570736','731','Sun, Chad Nathaniel, 2018-05-25',2,'[{\"added\": {\"name\": \"hearing\", \"object\": \"Hearing object (31)\"}}]',49,11),(3746,'2018-05-25 04:34:30.605509','851','Villagracia, Prince Carl Angelo',1,'[{\"added\": {}}]',3,6),(3751,'2018-05-25 04:34:55.658849','746','Fonollera, Marlina, 2018-05-25',2,'[]',49,6),(3756,'2018-05-25 04:37:33.820356','856','Vallejo, Douglas',1,'[{\"added\": {}}]',3,6),(3761,'2018-05-25 04:48:46.791930','751','Malhin, Lelly, 2018-05-25',1,'[{\"added\": {}}, {\"added\": {\"name\": \"complaint\", \"object\": \"ear check up\"}}, {\"added\": {\"name\": \"prescription\", \"object\": \"Prescription object (901)\"}}, {\"added\": {\"name\": \"prescription\", \"object\": \"Prescription object (906)\"}}]',49,11),(3766,'2018-05-25 04:51:37.618725','751','Malhin, Lelly, 2018-05-25',2,'[{\"added\": {\"name\": \"prescription\", \"object\": \"Prescription object (911)\"}}]',49,6),(3771,'2018-05-25 05:03:10.495742','756','Villagracia, Prince Carl Angelo, 2018-05-25',1,'[{\"added\": {}}, {\"added\": {\"name\": \"complaint\", \"object\": \"decreased hearing\"}}, {\"added\": {\"name\": \"prescription\", \"object\": \"Prescription object (916)\"}}, {\"added\": {\"name\": \"prescription\", \"object\": \"Prescription object (921)\"}}]',49,11),(3776,'2018-05-25 05:05:58.109172','756','Villagracia, Prince Carl Angelo, 2018-05-25',2,'[{\"added\": {\"name\": \"prescription\", \"object\": \"Prescription object (926)\"}}]',49,6),(3781,'2018-05-25 05:11:50.897582','861','Vendiola, Elvira',1,'[{\"added\": {}}]',3,6),(3786,'2018-05-25 05:18:28.504954','866','Pajunar, Pantaleon',1,'[{\"added\": {}}]',3,6),(3791,'2018-05-25 05:18:31.209945','366','(+)molar problem',1,'[{\"added\": {}}]',31,11),(3796,'2018-05-25 05:18:50.235663','176','warm compress',1,'[{\"added\": {}}]',47,11),(3801,'2018-05-25 05:19:10.398127','761','Vallejo, Douglas, 2018-05-25',1,'[{\"added\": {}}, {\"added\": {\"name\": \"complaint\", \"object\": \"oral check up\"}}]',49,11),(3806,'2018-05-25 05:20:27.343004','761','Vallejo, Douglas, 2018-05-25',2,'[{\"added\": {\"name\": \"prescription\", \"object\": \"Prescription object (931)\"}}]',49,6),(3811,'2018-05-25 05:25:02.496679','726','Cantley, Larry, 2018-05-25',2,'[]',49,6),(3816,'2018-05-25 05:34:22.008490','186','proptosis',1,'[{\"added\": {}}]',17,11),(3821,'2018-05-25 05:34:42.036278','91','sinus',1,'[{\"added\": {}}]',39,11),(3826,'2018-05-25 05:35:53.919589','371','(-)intranasal mass',1,'[{\"added\": {}}]',31,11),(3831,'2018-05-25 05:36:27.165624','11','CT scan',1,'[{\"added\": {}}]',27,11),(3836,'2018-05-25 05:37:09.017637','766','Vendiola, Elvira, 2018-05-25',1,'[{\"added\": {}}, {\"added\": {\"name\": \"complaint\", \"object\": \"proptosis\"}}, {\"added\": {\"name\": \"exam\", \"object\": \"None, None\"}}]',49,11),(3841,'2018-05-25 05:43:57.948949','871','pacatang, Jhone Antony',1,'[{\"added\": {}}]',3,6),(3846,'2018-05-25 05:44:41.698251','871','Pacatang, Jhone Antony',2,'[{\"changed\": {\"fields\": [\"last_name\"]}}]',3,6),(3851,'2018-05-25 05:50:17.295850','771','Pajunar, Pantaleon, 2018-05-25',1,'[{\"added\": {}}, {\"added\": {\"name\": \"complaint\", \"object\": \"Ear pain\"}}]',49,11),(3856,'2018-05-25 05:54:44.600568','151','self employed',1,'[{\"added\": {}}]',1,6),(3861,'2018-05-25 05:59:27.890908','776','Pacatang, Jhone Antony, 2018-05-25',1,'[{\"added\": {}}, {\"added\": {\"name\": \"complaint\", \"object\": \"ear check up\"}}]',49,11),(3866,'2018-05-25 06:01:15.035123','186','Ayungon',1,'[{\"added\": {}}]',7,6),(3871,'2018-05-25 06:01:27.458753','876','Romano, Xyne',1,'[{\"added\": {}}]',3,6),(3876,'2018-05-25 06:11:53.685595','881','Balungcas, Adonis',1,'[{\"added\": {}}]',3,6),(3881,'2018-05-25 06:19:20.285223','781','Romano, Xyne, 2018-05-25',1,'[{\"added\": {}}, {\"added\": {\"name\": \"complaint\", \"object\": \"otorrhea\"}}, {\"added\": {\"name\": \"prescription\", \"object\": \"Prescription object (936)\"}}, {\"added\": {\"name\": \"prescription\", \"object\": \"Prescription object (941)\"}}]',49,11),(3886,'2018-05-25 06:20:11.505224','376','perforated TM',1,'[{\"added\": {}}]',31,11),(3891,'2018-05-25 06:20:45.196279','786','Balungcas, Adonis, 2018-05-25',1,'[{\"added\": {}}, {\"added\": {\"name\": \"complaint\", \"object\": \"otorrhea\"}}, {\"added\": {\"name\": \"prescription\", \"object\": \"Prescription object (946)\"}}]',49,11),(3896,'2018-05-25 06:24:57.485838','781','Romano, Xyne, 2018-05-25',2,'[]',49,6),(3901,'2018-05-25 06:25:15.358731','786','Balungcas, Adonis, 2018-05-25',2,'[]',49,6),(3906,'2018-05-25 06:25:51.767556','786','Balungcas, Adonis, 2018-05-25',2,'[]',49,6),(3911,'2018-05-25 06:26:11.227687','786','Balungcas, Adonis, 2018-05-25',2,'[]',49,6),(3916,'2018-05-25 06:26:57.038359','781','Romano, Xyne, 2018-05-25',2,'[]',49,6),(3921,'2018-05-25 06:27:29.056238','781','Romano, Xyne, 2018-05-25',2,'[]',49,6),(3926,'2018-05-26 02:10:36.446116','886','Ghimire, Subhani',1,'[{\"added\": {}}]',3,6),(3931,'2018-05-26 02:16:17.163814','156','fisherman',1,'[{\"added\": {}}]',1,6),(3936,'2018-05-26 02:16:20.206826','891','Cimafranca, Art',1,'[{\"added\": {}}]',3,6),(3941,'2018-05-26 02:19:35.006295','896','Dagonton, Julia',1,'[{\"added\": {}}]',3,6),(3946,'2018-05-26 02:23:58.662714','381','(+)mucosal tag',1,'[{\"added\": {}}]',31,11),(3951,'2018-05-26 02:24:28.065252','791','Ghimire, Subhani, 2018-05-26',1,'[{\"added\": {}}, {\"added\": {\"object\": \"oral check-up\", \"name\": \"complaint\"}}]',49,11),(3956,'2018-05-26 02:28:18.546046','161','office clerk',1,'[{\"added\": {}}]',1,6),(3961,'2018-05-26 02:28:22.028825','901','Hamis, Alma',1,'[{\"added\": {}}]',3,6),(3966,'2018-05-26 02:38:30.886045','796','Cimafranca, Art, 2018-05-26',1,'[{\"added\": {}}, {\"added\": {\"object\": \"decreased hearing\", \"name\": \"complaint\"}}, {\"added\": {\"object\": \"Prescription object (951)\", \"name\": \"prescription\"}}]',49,11),(3971,'2018-05-26 02:45:59.566511','96','pinna',1,'[{\"added\": {}}]',39,11),(3976,'2018-05-26 02:46:51.059529','386','(-)d/c',1,'[{\"added\": {}}]',31,11),(3981,'2018-05-26 02:47:03.718412','391','hyperemic pinna',1,'[{\"added\": {}}]',31,11),(3986,'2018-05-26 02:47:43.981700','906','Crusio, Marialen',1,'[{\"added\": {}}]',3,6),(3991,'2018-05-26 02:51:45.549189','801','Dagonton, Julia, 2018-05-26',1,'[{\"added\": {}}, {\"added\": {\"object\": \"Ear pain\", \"name\": \"complaint\"}}, {\"added\": {\"object\": \"Prescription object (956)\", \"name\": \"prescription\"}}, {\"added\": {\"object\": \"Prescription object (961)\", \"name\": \"prescription\"}}]',49,11),(3996,'2018-05-26 02:53:46.007340','191','facial pain',1,'[{\"added\": {}}]',17,11),(4001,'2018-05-26 03:07:24.209372','806','Hamis, Alma, 2018-05-26',1,'[{\"added\": {}}, {\"added\": {\"object\": \"facial pain\", \"name\": \"complaint\"}}, {\"added\": {\"object\": \"Prescription object (966)\", \"name\": \"prescription\"}}, {\"added\": {\"object\": \"Prescription object (971)\", \"name\": \"prescription\"}}, {\"added\": {\"object\": \"Prescription object (976)\", \"name\": \"prescription\"}}, {\"added\": {\"object\": \"None, None\", \"name\": \"exam\"}}]',49,11),(4006,'2018-05-26 03:13:41.900698','911','De La Cruz, Hermoine Sheirwell',1,'[{\"added\": {}}]',3,6),(4011,'2018-05-26 03:16:26.410848','916','Bayotas, Rosemarie',1,'[{\"added\": {}}]',3,6),(4016,'2018-05-26 03:22:53.973850','811','Crusio, Marialen, 2018-05-26',1,'[{\"added\": {}}, {\"added\": {\"object\": \"dysphagia\", \"name\": \"complaint\"}}, {\"added\": {\"object\": \"Prescription object (981)\", \"name\": \"prescription\"}}, {\"added\": {\"object\": \"Prescription object (986)\", \"name\": \"prescription\"}}]',49,11),(4021,'2018-05-26 03:30:36.572297','921','Calijan, Errol',1,'[{\"added\": {}}]',3,6),(4026,'2018-05-26 03:33:18.584256','201','ibuprofen',1,'[{\"added\": {}}]',41,11),(4031,'2018-05-26 03:33:48.446014','96','100/5',1,'[{\"added\": {}}]',21,11),(4036,'2018-05-26 03:33:54.868380','816','De La Cruz, Hermoine Sheirwell, 2018-05-26',1,'[{\"added\": {}}, {\"added\": {\"object\": \"Ear pain\", \"name\": \"complaint\"}}, {\"added\": {\"object\": \"Prescription object (991)\", \"name\": \"prescription\"}}, {\"added\": {\"object\": \"Prescription object (996)\", \"name\": \"prescription\"}}]',49,11),(4041,'2018-05-26 03:41:30.720563','926','Diao, Aaron',1,'[{\"added\": {}}]',3,6),(4046,'2018-05-26 03:42:39.804554','396','FB(cockroach)',1,'[{\"added\": {}}]',31,11),(4051,'2018-05-26 03:44:19.204130','821','Bayotas, Rosemarie, 2018-05-26',1,'[{\"added\": {}}, {\"added\": {\"object\": \"ear check up\", \"name\": \"complaint\"}}]',49,11),(4056,'2018-05-26 03:44:50.627531','821','Bayotas, Rosemarie, 2018-05-26',2,'[{\"added\": {\"object\": \"Prescription object (1001)\", \"name\": \"prescription\"}}]',49,11),(4061,'2018-05-26 03:55:18.710058','931','Generalao, Elgie',1,'[{\"added\": {}}]',3,6),(4066,'2018-05-26 04:11:10.892016','401','intact TM',1,'[{\"added\": {}}]',31,11),(4071,'2018-05-26 04:11:49.748396','826','Diao, Aaron, 2018-05-26',1,'[{\"added\": {}}, {\"added\": {\"object\": \"decreased hearing\", \"name\": \"complaint\"}}, {\"added\": {\"object\": \"Prescription object (1006)\", \"name\": \"prescription\"}}]',49,11),(4076,'2018-05-26 04:12:10.009073','936','Sermagno, Shifra',1,'[{\"added\": {}}]',3,6),(4081,'2018-05-26 04:25:51.266387','941','Miranda, Celso',1,'[{\"added\": {}}]',3,6),(4086,'2018-05-26 04:34:27.156780','831','Generalao, Elgie, 2018-05-26',1,'[{\"added\": {}}, {\"added\": {\"object\": \"facial pain\", \"name\": \"complaint\"}}, {\"added\": {\"object\": \"Prescription object (1011)\", \"name\": \"prescription\"}}]',49,11),(4091,'2018-05-26 04:41:29.695219','101','inf auricular,R',1,'[{\"added\": {}}]',39,11),(4096,'2018-05-26 04:53:59.107083','836','Miranda, Celso, 2018-05-26',1,'[{\"added\": {}}, {\"added\": {\"object\": \"neck mass\", \"name\": \"complaint\"}}]',49,11),(4101,'2018-05-26 04:55:00.825957','936','Sermagno, Shifra Adrea Iresse',2,'[{\"changed\": {\"fields\": [\"first_name\"]}}]',3,6),(4106,'2018-05-26 04:57:15.609704','946','Banogon, Danny Mark',1,'[{\"added\": {}}]',3,6),(4111,'2018-05-26 05:09:54.083442','406','(+)abscess',1,'[{\"added\": {}}]',31,11),(4116,'2018-05-26 05:10:38.382157','206','stafloxin',1,'[{\"added\": {}}]',41,11),(4121,'2018-05-26 05:13:36.637323','841','Sermagno, Shifra Adrea Iresse, 2018-05-26',1,'[{\"added\": {}}, {\"added\": {\"object\": \"Ear pain\", \"name\": \"complaint\"}}, {\"added\": {\"object\": \"Prescription object (1016)\", \"name\": \"prescription\"}}, {\"added\": {\"object\": \"Prescription object (1021)\", \"name\": \"prescription\"}}]',49,11),(4126,'2018-05-26 05:21:07.030811','951','Fernandez, Phil Jei',1,'[{\"added\": {}}]',3,6),(4131,'2018-05-26 05:23:17.754797','956','Medes, Alyssa Gabrielle',1,'[{\"added\": {}}]',3,6),(4136,'2018-05-26 05:28:53.326252','846','Banogon, Danny Mark, 2018-05-26',1,'[{\"added\": {}}, {\"added\": {\"object\": \"otorrhagia\", \"name\": \"complaint\"}}, {\"added\": {\"object\": \"Prescription object (1026)\", \"name\": \"prescription\"}}, {\"added\": {\"object\": \"Prescription object (1031)\", \"name\": \"prescription\"}}]',49,11),(4141,'2018-05-26 05:36:52.740894','961','Omisol, Angelica Mae',1,'[{\"added\": {}}]',3,6),(4146,'2018-05-26 06:10:17.153483','851','Fernandez, Phil Jei, 2018-05-26',1,'[{\"added\": {}}, {\"added\": {\"object\": \"Ear pain\", \"name\": \"complaint\"}}, {\"added\": {\"object\": \"Prescription object (1036)\", \"name\": \"prescription\"}}, {\"added\": {\"object\": \"Prescription object (1041)\", \"name\": \"prescription\"}}]',49,11),(4151,'2018-05-26 06:12:47.540118','851','Fernandez, Phil Jei, 2018-05-26',2,'[]',49,6),(4156,'2018-05-26 06:13:16.189709','851','Fernandez, Phil Jei, 2018-05-26',2,'[]',49,6),(4161,'2018-05-26 06:17:44.480361','166','private employee',1,'[{\"added\": {}}]',1,6),(4166,'2018-05-26 06:17:47.295242','966','Villo, Claver',1,'[{\"added\": {}}]',3,6),(4171,'2018-05-26 06:28:37.991885','411','(+)septal bleeder',1,'[{\"added\": {}}]',31,11),(4176,'2018-05-26 06:31:01.266086','856','Medes, Alyssa Gabrielle, 2018-05-26',1,'[{\"added\": {}}, {\"added\": {\"object\": \"neck check up\", \"name\": \"complaint\"}}, {\"added\": {\"object\": \"epistaxis\", \"name\": \"complaint\"}}, {\"added\": {\"object\": \"Prescription object (1046)\", \"name\": \"prescription\"}}, {\"added\": {\"object\": \"Prescription object (1051)\", \"name\": \"prescription\"}}]',49,11),(4181,'2018-05-26 06:35:22.374431','971','Epa, Trixie Ann Marie',1,'[{\"added\": {}}]',3,6),(4186,'2018-05-26 06:37:04.650937','861','Omisol, Angelica Mae, 2018-05-26',1,'[{\"added\": {}}, {\"added\": {\"object\": \"hard of hearing\", \"name\": \"complaint\"}}]',49,11),(4191,'2018-05-26 06:42:17.335524','976','Chavez, Clarise Gale',1,'[{\"added\": {}}]',3,6),(4196,'2018-05-26 06:43:35.378199','971','Epa, Trixy Ann Marie',2,'[{\"changed\": {\"fields\": [\"first_name\"]}}]',3,6),(4201,'2018-05-26 06:53:49.693451','866','Villo, Claver, 2018-05-26',1,'[{\"added\": {}}, {\"added\": {\"object\": \"tinnitus\", \"name\": \"complaint\"}}, {\"added\": {\"object\": \"Prescription object (1056)\", \"name\": \"prescription\"}}, {\"added\": {\"object\": \"Prescription object (1061)\", \"name\": \"prescription\"}}]',49,11),(4206,'2018-05-26 07:04:01.305481','171','Accountant',1,'[{\"added\": {}}]',1,6),(4211,'2018-05-26 07:22:55.511725','871','Epa, Trixy Ann Marie, 2018-05-26',1,'[{\"added\": {}}, {\"added\": {\"object\": \"itchiness\", \"name\": \"complaint\"}}, {\"added\": {\"object\": \"Prescription object (1066)\", \"name\": \"prescription\"}}]',49,11),(4216,'2018-05-26 07:23:55.667631','981','Ege, Shaira Mae',1,'[{\"added\": {}}]',3,6),(4221,'2018-05-26 07:29:37.990446','191','Salug',1,'[{\"added\": {}}]',7,6),(4226,'2018-05-26 07:29:41.284815','986','Juan, Sophia Argel',1,'[{\"added\": {}}]',3,6),(4231,'2018-05-26 07:44:20.534418','416','(+)phelgmon',1,'[{\"added\": {}}]',31,11),(4236,'2018-05-26 07:45:07.181631','876','Chavez, Clarise Gale, 2018-05-26',1,'[{\"added\": {}}, {\"added\": {\"object\": \"odynophagia\", \"name\": \"complaint\"}}, {\"added\": {\"object\": \"Prescription object (1071)\", \"name\": \"prescription\"}}]',49,11),(4241,'2018-05-26 07:58:51.551073','881','Juan, Sophia Argel, 2018-05-26',1,'[{\"added\": {}}, {\"added\": {\"object\": \"neck check up\", \"name\": \"complaint\"}}]',49,11),(4246,'2018-05-26 08:09:01.754372','881','Juan, Sophia Argel, 2018-05-26',2,'[]',49,6),(4251,'2018-05-26 08:10:21.221055','886','Ege, Shaira Mae, 2018-05-26',1,'[{\"added\": {}}, {\"added\": {\"object\": \"decreased hearing\", \"name\": \"complaint\"}}]',49,11),(4256,'2018-05-28 01:41:06.864396','991','Gabutero, Annilyn',1,'[{\"added\": {}}]',3,6),(4261,'2018-05-28 01:43:22.136544','996','Gersan, Quine Ezra',1,'[{\"added\": {}}]',3,6),(4266,'2018-05-28 02:05:01.453548','106','occipital mass',1,'[{\"added\": {}}]',39,11),(4271,'2018-05-28 02:05:15.054583','891','Gersan, Quine Ezra, 2018-05-28',1,'[{\"added\": {}}, {\"added\": {\"object\": \"ENT check up\", \"name\": \"complaint\"}}]',49,11),(4276,'2018-05-28 02:08:41.816617','1001','Mahinay, Florencia',1,'[{\"added\": {}}]',3,6),(4281,'2018-05-28 02:12:16.025910','896','Gabutero, Annilyn, 2018-05-28',1,'[{\"added\": {}}, {\"added\": {\"object\": \"ear check up\", \"name\": \"complaint\"}}]',49,11),(4286,'2018-05-28 02:16:58.771174','1006','Briones, Jo Anthony',1,'[{\"added\": {}}]',3,6),(4291,'2018-05-28 02:18:42.408554','1011','Elnas, Gaudencia',1,'[{\"added\": {}}]',3,6),(4296,'2018-05-28 02:26:18.974745','421','(+)vocal fold paralysis,L',1,'[{\"added\": {}}]',31,11),(4301,'2018-05-28 02:26:27.851904','901','Mahinay, Florencia, 2018-05-28',1,'[{\"added\": {}}, {\"added\": {\"object\": \"change of voice\", \"name\": \"complaint\"}}]',49,11),(4306,'2018-05-28 02:35:54.892469','906','Briones, Jo Anthony, 2018-05-28',1,'[{\"added\": {}}, {\"added\": {\"object\": \"Ear pain\", \"name\": \"complaint\"}}]',49,11),(4311,'2018-05-28 02:37:06.386725','906','Briones, Jo Anthony, 2018-05-28',2,'[{\"added\": {\"object\": \"Prescription object (1076)\", \"name\": \"prescription\"}}]',49,11),(4316,'2018-05-28 02:38:51.871608','196','nasal pain',1,'[{\"added\": {}}]',17,11),(4321,'2018-05-28 02:39:25.408596','111','nasal vestibule',1,'[{\"added\": {}}]',39,11),(4326,'2018-05-28 02:41:40.819705','1016','Lago, Jenesusa',1,'[{\"added\": {}}]',3,6),(4331,'2018-05-28 02:44:15.025738','426','swollen nasal vestibule',1,'[{\"added\": {}}]',31,11),(4336,'2018-05-28 02:51:29.229690','911','Elnas, Gaudencia, 2018-05-28',1,'[{\"added\": {}}, {\"added\": {\"object\": \"nasal pain\", \"name\": \"complaint\"}}, {\"added\": {\"object\": \"Prescription object (1081)\", \"name\": \"prescription\"}}, {\"added\": {\"object\": \"Prescription object (1086)\", \"name\": \"prescription\"}}]',49,11),(4341,'2018-05-28 02:55:16.950246','1021','Levick, Lailanie',1,'[{\"added\": {}}]',3,6),(4346,'2018-05-28 02:57:00.401102','1026','Levick, Kristian',1,'[{\"added\": {}}]',3,6),(4351,'2018-05-28 02:58:13.942261','1031','Levick, Lani',1,'[{\"added\": {}}]',3,6),(4356,'2018-05-28 03:07:10.998131','916','Lago, Jenesusa, 2018-05-28',1,'[{\"added\": {}}, {\"added\": {\"object\": \"ENT check up\", \"name\": \"complaint\"}}, {\"added\": {\"object\": \"Prescription object (1091)\", \"name\": \"prescription\"}}]',49,11),(4361,'2018-05-28 03:15:18.497236','921','Levick, Lailanie, 2018-05-28',1,'[{\"added\": {}}, {\"added\": {\"object\": \"ear check up\", \"name\": \"complaint\"}}]',49,11),(4366,'2018-05-28 03:20:12.408902','926','Levick, Kristian, 2018-05-28',1,'[{\"added\": {}}, {\"added\": {\"object\": \"ear check up\", \"name\": \"complaint\"}}]',49,11),(4371,'2018-05-28 03:35:03.766832','931','Levick, Lani, 2018-05-28',1,'[{\"added\": {}}, {\"added\": {\"object\": \"ear check up\", \"name\": \"complaint\"}}]',49,11),(4376,'2018-05-28 03:35:55.803364','1036','Aquino, Rhaine',1,'[{\"added\": {}}]',3,6),(4381,'2018-05-28 03:37:26.310041','936','Aquino, Rhaine, 2018-05-28',1,'[{\"added\": {}}, {\"added\": {\"object\": \"ENT check up\", \"name\": \"complaint\"}}]',49,11),(4386,'2018-05-28 03:42:27.109188','1041','Ramirez, Alma',1,'[{\"added\": {}}]',3,6),(4391,'2018-05-28 03:53:04.808372','941','Sayre, Segundo, 2018-05-28',1,'[{\"added\": {}}, {\"added\": {\"object\": \"ff up\", \"name\": \"complaint\"}}, {\"added\": {\"object\": \"Prescription object (1096)\", \"name\": \"prescription\"}}, {\"added\": {\"object\": \"Prescription object (1101)\", \"name\": \"prescription\"}}]',49,11),(4396,'2018-05-28 03:57:01.605081','1046','Samson, Charmaine',1,'[{\"added\": {}}]',3,6),(4401,'2018-05-28 04:00:51.860665','946','Ramirez, Alma, 2018-05-28',1,'[{\"added\": {}}, {\"added\": {\"object\": \"odynophagia\", \"name\": \"complaint\"}}, {\"added\": {\"object\": \"Prescription object (1106)\", \"name\": \"prescription\"}}]',49,11),(4406,'2018-05-28 04:07:01.361759','1051','Sibuco, Arcelita',1,'[{\"added\": {}}]',3,6),(4411,'2018-05-28 04:13:05.922697','951','Samson, Charmaine, 2018-05-28',1,'[{\"added\": {}}, {\"added\": {\"object\": \"dysphagia\", \"name\": \"complaint\"}}]',49,11),(4416,'2018-05-28 04:23:45.523334','1056','Pagharion, Victorioso',1,'[{\"added\": {}}]',3,6),(4421,'2018-05-28 04:38:41.765223','956','Sibuco, Arcelita, 2018-05-28',1,'[{\"added\": {}}, {\"added\": {\"object\": \"neck check up\", \"name\": \"complaint\"}}]',49,11),(4426,'2018-05-28 04:50:21.063905','961','Pagharion, Victorioso, 2018-05-28',1,'[{\"added\": {}}, {\"added\": {\"object\": \"nasal pain\", \"name\": \"complaint\"}}, {\"added\": {\"object\": \"Prescription object (1111)\", \"name\": \"prescription\"}}]',49,11),(4431,'2018-05-29 01:52:35.940103','176','OFW',1,'[{\"added\": {}}]',1,6),(4436,'2018-05-29 01:57:15.207799','1061','Lomoljo, Lorenzo',1,'[{\"added\": {}}]',3,6),(4441,'2018-05-29 02:01:27.849255','1066','Dumapit, Nicolas',1,'[{\"added\": {}}]',3,6),(4446,'2018-05-29 02:03:59.079102','711','del Mar, Rio, 2018-05-25',2,'[]',49,6),(4451,'2018-05-29 02:06:06.049197','431','(+)attic perforation',1,'[{\"added\": {}}]',31,11),(4456,'2018-05-29 02:06:24.556363','966','Lomoljo, Lorenzo, 2018-05-29',1,'[{\"added\": {}}, {\"added\": {\"object\": \"ear check up\", \"name\": \"complaint\"}}]',49,11),(4461,'2018-05-29 02:13:30.721214','1071','Calamohoy, Beato',1,'[{\"added\": {}}]',3,6),(4466,'2018-05-29 02:16:58.098104','971','Dumapit, Nicolas, 2018-05-29',1,'[{\"added\": {}}, {\"added\": {\"object\": \"decreased hearing\", \"name\": \"complaint\"}}, {\"added\": {\"object\": \"Prescription object (1116)\", \"name\": \"prescription\"}}]',49,11),(4471,'2018-05-29 02:38:33.448068','181','removal of aural polyp',1,'[{\"added\": {}}]',47,11),(4476,'2018-05-29 02:40:45.417814','976','del Mar, Rio, 2018-05-29',1,'[{\"added\": {}}, {\"added\": {\"object\": \"ff up\", \"name\": \"complaint\"}}, {\"added\": {\"object\": \"Prescription object (1121)\", \"name\": \"prescription\"}}, {\"added\": {\"object\": \"Prescription object (1126)\", \"name\": \"prescription\"}}]',49,11),(4481,'2018-05-29 02:47:32.205051','1076','Gargoles, Mary Claire',1,'[{\"added\": {}}]',3,6),(4486,'2018-05-29 02:59:26.115107','436','atalectatic TM',1,'[{\"added\": {}}]',31,11),(4491,'2018-05-29 02:59:50.531622','186','for hearing aid fitting',1,'[{\"added\": {}}]',47,11),(4496,'2018-05-29 03:01:03.819834','441','atalectatic TM',1,'[{\"added\": {}}]',31,11),(4501,'2018-05-29 03:01:33.937661','981','Calamohoy, Beato, 2018-05-29',1,'[{\"added\": {}}, {\"added\": {\"object\": \"otorrhea\", \"name\": \"complaint\"}}, {\"added\": {\"object\": \"ear check up\", \"name\": \"complaint\"}}]',49,11),(4506,'2018-05-29 03:13:48.362372','986','Gargoles, Mary Claire, 2018-05-29',1,'[{\"added\": {}}, {\"added\": {\"object\": \"itchiness\", \"name\": \"complaint\"}}, {\"added\": {\"object\": \"Prescription object (1131)\", \"name\": \"prescription\"}}, {\"added\": {\"object\": \"Prescription object (1136)\", \"name\": \"prescription\"}}]',49,11),(4511,'2018-05-29 03:22:41.911180','181','Engineer',1,'[{\"added\": {}}]',1,6),(4516,'2018-05-29 03:22:48.809324','1081','Gomez, Aaron',1,'[{\"added\": {}}]',3,6),(4521,'2018-05-29 03:26:21.795021','841','Sermagno, Shifra Adrea Iresse, 2018-05-26',2,'[{\"changed\": {\"fields\": [\"treatment\"], \"object\": \"Ear pain\", \"name\": \"complaint\"}}]',49,11),(4526,'2018-05-29 03:32:51.262329','186','Fish vendor',1,'[{\"added\": {}}]',1,6),(4531,'2018-05-29 03:32:53.567242','1086','Hobro, Shela Mae',1,'[{\"added\": {}}]',3,6),(4536,'2018-05-29 03:36:57.669922','991','Gomez, Aaron, 2018-05-29',1,'[{\"added\": {}}, {\"added\": {\"object\": \"ear check up\", \"name\": \"complaint\"}}]',49,11),(4541,'2018-05-29 03:44:52.169959','191','Admin Assistant',1,'[{\"added\": {}}]',1,6),(4546,'2018-05-29 03:44:55.342538','1091','Alviola, Ida',1,'[{\"added\": {}}]',3,6),(4551,'2018-05-29 03:46:53.233196','1096','Abregana, Juliane',1,'[{\"added\": {}}]',3,6),(4556,'2018-05-29 03:52:52.050919','996','Hobro, Shela Mae, 2018-05-29',1,'[{\"added\": {}}, {\"added\": {\"object\": \"Ear pain\", \"name\": \"complaint\"}}, {\"added\": {\"object\": \"Prescription object (1141)\", \"name\": \"prescription\"}}, {\"added\": {\"object\": \"Prescription object (1146)\", \"name\": \"prescription\"}}]',49,11),(4561,'2018-05-29 04:05:53.119152','1001','Alviola, Ida, 2018-05-29',1,'[{\"added\": {}}, {\"added\": {\"object\": \"otorrhea\", \"name\": \"complaint\"}}, {\"added\": {\"object\": \"Prescription object (1151)\", \"name\": \"prescription\"}}, {\"added\": {\"object\": \"Prescription object (1156)\", \"name\": \"prescription\"}}]',49,11),(4566,'2018-05-29 04:19:55.617804','1006','Abregana, Juliane, 2018-05-29',1,'[{\"added\": {}}, {\"added\": {\"object\": \"decreased hearing\", \"name\": \"complaint\"}}]',49,11),(4571,'2018-05-29 04:23:01.113339','1101','Sales, Janice',1,'[{\"added\": {}}]',3,6),(4576,'2018-05-29 04:48:47.899164','1011','Fernandez, Phil Jei, 2018-05-29',1,'[{\"added\": {}}, {\"added\": {\"object\": \"ff up\", \"name\": \"complaint\"}}]',49,11),(4581,'2018-05-29 04:52:28.609073','196','Front Desk',1,'[{\"added\": {}}]',1,6),(4586,'2018-05-29 04:52:31.301746','1106','Cornelio, Jessica',1,'[{\"added\": {}}]',3,6),(4591,'2018-05-29 04:58:49.887889','446','edematous VF',1,'[{\"added\": {}}]',31,11),(4596,'2018-05-29 05:03:37.257589','451','(+)pre nodular lesion',1,'[{\"added\": {}}]',31,11),(4601,'2018-05-29 05:03:48.747772','1016','Sales, Janice, 2018-05-29',1,'[{\"added\": {}}, {\"added\": {\"object\": \"hoarseness\", \"name\": \"complaint\"}}, {\"added\": {\"object\": \"Prescription object (1161)\", \"name\": \"prescription\"}}, {\"added\": {\"object\": \"Prescription object (1166)\", \"name\": \"prescription\"}}]',49,11),(4606,'2018-05-29 05:12:17.947796','1021','Cornelio, Jessica, 2018-05-29',1,'[{\"added\": {}}, {\"added\": {\"object\": \"tinnitus\", \"name\": \"complaint\"}}]',49,11),(4611,'2018-05-29 05:15:53.231610','1111','Encierto, Delia',1,'[{\"added\": {}}]',3,6),(4616,'2018-05-29 05:20:52.158953','1116','Lastimoso, Joenedes',1,'[{\"added\": {}}]',3,6),(4621,'2018-05-29 05:26:54.951661','456','(+)mass',1,'[{\"added\": {}}]',31,11),(4626,'2018-05-29 05:27:08.639482','1026','Encierto, Delia, 2018-05-29',1,'[{\"added\": {}}, {\"added\": {\"object\": \"ear check up\", \"name\": \"complaint\"}}]',49,11),(4631,'2018-05-29 05:30:32.739003','1121','Sta. Ana, Joven',1,'[{\"added\": {}}]',3,6),(4636,'2018-05-29 05:30:33.522531','1126','Sta. Ana, Joven',1,'[{\"added\": {}}]',3,6),(4641,'2018-05-29 05:33:31.392032','461','sagging EAC',1,'[{\"added\": {}}]',31,11),(4646,'2018-05-29 05:33:58.224807','191','for mastoidectomy',1,'[{\"added\": {}}]',47,11),(4651,'2018-05-29 05:35:29.888672','1031','Lastimoso, Joenedes, 2018-05-29',1,'[{\"added\": {}}, {\"added\": {\"object\": \"decreased hearing\", \"name\": \"complaint\"}}, {\"added\": {\"object\": \"Prescription object (1171)\", \"name\": \"prescription\"}}]',49,11),(4656,'2018-05-29 05:40:20.544050','1131','Deguit, Teresita',1,'[{\"added\": {}}]',3,6),(4661,'2018-05-29 05:41:08.550187','201','mandibular mass',1,'[{\"added\": {}}]',17,11),(4666,'2018-05-29 05:42:05.086294','1036','Sta. Ana, Joven, 2018-05-29',1,'[{\"added\": {}}, {\"added\": {\"object\": \"mandibular mass\", \"name\": \"complaint\"}}]',49,11),(4671,'2018-05-29 05:51:27.785110','1041','Brown, Gerald, 2018-05-29',1,'[{\"added\": {}}, {\"added\": {\"object\": \"odynophagia\", \"name\": \"complaint\"}}, {\"added\": {\"object\": \"Prescription object (1176)\", \"name\": \"prescription\"}}]',49,11),(4676,'2018-05-30 01:56:05.999551','1136','Lopez, Wilma',1,'[{\"added\": {}}]',3,6),(4681,'2018-05-30 02:08:50.307653','1141','Jocutan, Marcelo',1,'[{\"added\": {}}]',3,6),(4686,'2018-05-30 02:11:20.255289','1046','Lopez, Wilma, 2018-05-30',1,'[{\"added\": {}}, {\"added\": {\"name\": \"complaint\", \"object\": \"decreased hearing\"}}]',49,11),(4691,'2018-05-30 02:25:40.359631','1051','Balungcas, Adonis, 2018-05-30',1,'[{\"added\": {}}, {\"added\": {\"name\": \"complaint\", \"object\": \"ff up\"}}, {\"added\": {\"name\": \"prescription\", \"object\": \"Prescription object (1181)\"}}]',49,11),(4696,'2018-05-30 02:32:08.914870','201','Draftsman',1,'[{\"added\": {}}]',1,6),(4701,'2018-05-30 02:32:16.094161','1146','Flores, Gilbert',1,'[{\"added\": {}}]',3,6),(4706,'2018-05-30 02:36:19.161428','1151','Letegio, Nena',1,'[{\"added\": {}}]',3,6),(4711,'2018-05-30 02:43:50.138439','1056','Jocutan, Marcelo, 2018-05-30',1,'[{\"added\": {}}, {\"added\": {\"name\": \"complaint\", \"object\": \"decreased hearing\"}}, {\"added\": {\"name\": \"prescription\", \"object\": \"Prescription object (1186)\"}}]',49,11),(4716,'2018-05-30 02:49:53.006881','116','R nostril',1,'[{\"added\": {}}]',39,11),(4721,'2018-05-30 03:00:45.960259','1061','Letegio, Nena, 2018-05-30',1,'[{\"added\": {}}, {\"added\": {\"name\": \"complaint\", \"object\": \"epistaxis\"}}]',49,11),(4726,'2018-05-30 03:07:56.014861','1156','Catan, Noah',1,'[{\"added\": {}}]',3,6),(4731,'2018-05-30 03:08:16.258067','466','(+)vescicular lesions',1,'[{\"added\": {}}]',31,11),(4736,'2018-05-30 03:08:39.142220','196','refer to infectious',1,'[{\"added\": {}}]',47,11),(4741,'2018-05-30 03:08:43.436426','1066','Flores, Gilbert, 2018-05-30',1,'[{\"added\": {}}, {\"added\": {\"name\": \"complaint\", \"object\": \"Ear pain\"}}]',49,11),(4746,'2018-05-30 03:10:09.903134','1161','Catan, Nathaniel',1,'[{\"added\": {}}]',3,6),(4751,'2018-05-30 03:14:14.950075','1166','Aldecoa, Vivienne',1,'[{\"added\": {}}]',3,6),(4756,'2018-05-30 03:22:33.110597','1071','Catan, Noah, 2018-05-30',1,'[{\"added\": {}}, {\"added\": {\"name\": \"complaint\", \"object\": \"ear check up\"}}]',49,11),(4761,'2018-05-30 03:23:12.609606','1076','Catan, Nathaniel, 2018-05-30',1,'[{\"added\": {}}, {\"added\": {\"name\": \"complaint\", \"object\": \"ear check up\"}}]',49,11),(4766,'2018-05-30 03:29:07.818934','206','cook/hospital',1,'[{\"added\": {}}]',1,6),(4771,'2018-05-30 03:29:10.644761','1171','Gonzaga, Teresita',1,'[{\"added\": {}}]',3,6),(4776,'2018-05-30 03:29:39.702253','1081','Aldecoa, Vivienne, 2018-05-30',1,'[{\"added\": {}}, {\"added\": {\"name\": \"complaint\", \"object\": \"ear check up\"}}, {\"added\": {\"name\": \"prescription\", \"object\": \"Prescription object (1191)\"}}]',49,11),(4781,'2018-05-30 03:32:55.539189','1176','Tito, Jaqueline',1,'[{\"added\": {}}]',3,6),(4786,'2018-05-30 03:40:41.254470','1086','Gonzaga, Teresita, 2018-05-30',1,'[{\"added\": {}}, {\"added\": {\"name\": \"complaint\", \"object\": \"decreased hearing\"}}]',49,11),(4791,'2018-05-30 03:49:10.867491','1091','Tito, Jaqueline, 2018-05-30',1,'[{\"added\": {}}, {\"added\": {\"name\": \"complaint\", \"object\": \"ear check up\"}}, {\"added\": {\"name\": \"prescription\", \"object\": \"Prescription object (1196)\"}}]',49,11),(4796,'2018-05-30 04:20:48.312335','1181','Wady, Aisha',1,'[{\"added\": {}}]',3,6),(4801,'2018-05-30 04:22:14.768769','1186','Wady, Fatima',1,'[{\"added\": {}}]',3,6),(4806,'2018-05-30 04:31:22.874336','211','sofinox',1,'[{\"added\": {}}]',41,11),(4811,'2018-05-30 04:31:29.004249','1096','Elnas, Gaudencia, 2018-05-30',1,'[{\"added\": {}}, {\"added\": {\"name\": \"complaint\", \"object\": \"ff up\"}}, {\"added\": {\"name\": \"prescription\", \"object\": \"Prescription object (1201)\"}}]',49,11),(4816,'2018-05-30 04:51:59.139332','1101','Cantley, Larry, 2018-05-30',1,'[{\"added\": {}}, {\"added\": {\"name\": \"complaint\", \"object\": \"ff up\"}}, {\"added\": {\"name\": \"complaint\", \"object\": \"dizziness/vertigo\"}}, {\"added\": {\"name\": \"prescription\", \"object\": \"Prescription object (1206)\"}}]',49,11),(4821,'2018-05-30 04:58:25.486271','1191','Elum, Celerina',1,'[{\"added\": {}}]',3,6),(4826,'2018-05-30 05:05:44.630499','1106','Wady, Aisha, 2018-05-30',1,'[{\"added\": {}}, {\"added\": {\"name\": \"complaint\", \"object\": \"dizziness/vertigo\"}}]',49,11),(4831,'2018-05-30 05:21:43.307645','1111','Wady, Fatima, 2018-05-30',1,'[{\"added\": {}}, {\"added\": {\"name\": \"complaint\", \"object\": \"ear check up\"}}, {\"added\": {\"name\": \"complaint\", \"object\": \"rhinorrhea\"}}]',49,11),(4836,'2018-05-30 05:32:09.828066','1196','Fabugais, Sheena Lorraine',1,'[{\"added\": {}}]',3,6),(4841,'2018-05-30 05:36:02.158313','1116','Elum, Celerina, 2018-05-30',1,'[{\"added\": {}}, {\"added\": {\"name\": \"complaint\", \"object\": \"decreased hearing\"}}]',49,11),(4846,'2018-05-30 05:44:06.291156','1201','Caducoy, Beatriz Ellaine',1,'[{\"added\": {}}]',3,6),(4851,'2018-05-30 05:45:52.849896','1206','Caducoy, Bethany Rhosyn',1,'[{\"added\": {}}]',3,6),(4856,'2018-05-30 05:54:00.672028','216','mineral oil',1,'[{\"added\": {}}]',41,11),(4861,'2018-05-30 05:54:12.151712','1121','Fabugais, Sheena Lorraine, 2018-05-30',1,'[{\"added\": {}}, {\"added\": {\"name\": \"complaint\", \"object\": \"Ear pain\"}}, {\"added\": {\"name\": \"complaint\", \"object\": \"ear check up\"}}, {\"added\": {\"name\": \"prescription\", \"object\": \"Prescription object (1211)\"}}, {\"added\": {\"name\": \"prescription\", \"object\": \"Prescription object (1216)\"}}]',49,11),(4866,'2018-05-30 06:02:34.474396','1211','Bantigue, Althea Zane',1,'[{\"added\": {}}]',3,6),(4871,'2018-05-30 06:05:29.193082','1126','Caducoy, Bethany Rhosyn, 2018-05-30',1,'[{\"added\": {}}, {\"added\": {\"name\": \"complaint\", \"object\": \"ear check up\"}}]',49,11),(4876,'2018-05-30 06:11:05.445096','1131','Caducoy, Beatriz Ellaine, 2018-05-30',1,'[{\"added\": {}}, {\"added\": {\"name\": \"complaint\", \"object\": \"ear check up\"}}]',49,11),(4881,'2018-05-30 06:19:42.782040','1136','Bantigue, Althea Zane, 2018-05-30',1,'[{\"added\": {}}, {\"added\": {\"name\": \"complaint\", \"object\": \"Ear pain\"}}, {\"added\": {\"name\": \"prescription\", \"object\": \"Prescription object (1221)\"}}]',49,11),(4886,'2018-06-07 02:31:00.844023','221','nystatin',1,'[{\"added\": {}}]',41,11),(4891,'2018-06-07 02:36:57.001228','1141','Apordo, Edith, 2018-06-07',1,'[{\"added\": {}}, {\"added\": {\"name\": \"complaint\", \"object\": \"ff up\"}}, {\"added\": {\"name\": \"prescription\", \"object\": \"Prescription object (1226)\"}}]',49,11),(4896,'2018-06-07 02:42:29.613824','211','Sanguniang Bayan',1,'[{\"added\": {}}]',1,6),(4901,'2018-06-07 02:42:32.796648','1216','Grapa, Danilo',1,'[{\"added\": {}}]',3,6),(4906,'2018-06-07 02:43:58.740906','1021','Cornelio, Jessica, 2018-05-29',2,'[{\"added\": {\"name\": \"hearing\", \"object\": \"Hearing object (36)\"}}]',49,11),(4911,'2018-06-07 02:55:57.666598','471','(-)aural polyp',1,'[{\"added\": {}}]',31,11),(4916,'2018-06-07 02:57:41.465887','1146','Austria, Bryan lynn, 2018-06-07',1,'[{\"added\": {}}, {\"added\": {\"name\": \"complaint\", \"object\": \"ff up\"}}, {\"added\": {\"name\": \"prescription\", \"object\": \"Prescription object (1231)\"}}]',49,11),(4921,'2018-06-07 03:10:04.121746','226','combiderm',1,'[{\"added\": {}}]',41,11),(4926,'2018-06-07 03:12:21.408232','1151','Grapa, Danilo, 2018-06-07',1,'[{\"added\": {}}, {\"added\": {\"name\": \"complaint\", \"object\": \"otorrhea\"}}, {\"added\": {\"name\": \"prescription\", \"object\": \"Prescription object (1236)\"}}, {\"added\": {\"name\": \"prescription\", \"object\": \"Prescription object (1241)\"}}]',49,11),(4931,'2018-06-07 03:19:34.981766','1221','Bulandres, Arlene',1,'[{\"added\": {}}]',3,6),(4936,'2018-06-07 03:21:21.536351','1226','Miras, Leobert',1,'[{\"added\": {}}]',3,6),(4941,'2018-06-07 03:42:43.441354','1231','Solamillo, Kryslene Rose',1,'[{\"added\": {}}]',3,6),(4946,'2018-06-07 03:49:06.778375','476','(-)FB',1,'[{\"added\": {}}]',31,11),(4951,'2018-06-07 03:52:52.095177','1156','Miras, Leobert, 2018-06-07',1,'[{\"added\": {}}, {\"added\": {\"name\": \"complaint\", \"object\": \"odynophagia\"}}, {\"added\": {\"name\": \"prescription\", \"object\": \"Prescription object (1246)\"}}]',49,11),(4956,'2018-06-07 04:11:53.461067','1161','Solamillo, Kryslene Rose, 2018-06-07',1,'[{\"added\": {}}, {\"added\": {\"name\": \"complaint\", \"object\": \"decreased hearing\"}}]',49,11),(4961,'2018-06-07 04:15:47.356394','1236','Somoza, Nelda',1,'[{\"added\": {}}]',3,6),(4966,'2018-06-07 04:23:06.749027','1166','Malhin, Lelly, 2018-06-07',1,'[{\"added\": {}}, {\"added\": {\"name\": \"complaint\", \"object\": \"ff up\"}}]',49,11),(4971,'2018-06-07 04:31:47.198629','1241','Rubio, Queenie',1,'[{\"added\": {}}]',3,6),(4976,'2018-06-07 04:39:07.502543','481','(+)ant neck mass',1,'[{\"added\": {}}]',31,11),(4981,'2018-06-07 04:45:27.848060','1171','Somoza, Nelda, 2018-06-07',1,'[{\"added\": {}}, {\"added\": {\"name\": \"complaint\", \"object\": \"change of voice\"}}]',49,11),(4986,'2018-06-07 05:10:01.884630','1176','Rubio, Queenie, 2018-06-07',1,'[{\"added\": {}}, {\"added\": {\"name\": \"complaint\", \"object\": \"ear check up\"}}]',49,11),(4991,'2018-06-07 05:13:48.889050','1246','Kirit, Dapte',1,'[{\"added\": {}}]',3,6),(4996,'2018-06-07 05:15:21.309519','1251','Kung, Colin',1,'[{\"added\": {}}]',3,6),(5001,'2018-06-07 05:16:47.106493','1116','Elum, Celerina, 2018-05-30',2,'[{\"added\": {\"name\": \"hearing\", \"object\": \"Hearing object (41)\"}}]',49,11),(5006,'2018-06-07 05:20:25.679096','1256','Rauer, Stephany',1,'[{\"added\": {}}]',3,6),(5011,'2018-06-07 05:23:28.961908','486','(+)blood clot',1,'[{\"added\": {}}]',31,11),(5016,'2018-06-07 05:23:36.422044','1181','Kirit, Dapte, 2018-06-07',1,'[{\"added\": {}}, {\"added\": {\"name\": \"complaint\", \"object\": \"ear check up\"}}]',49,11),(5017,'2018-06-13 19:05:57.500773','12','gerald',1,'[{\"added\": {}}]',59,1),(5018,'2018-06-13 19:06:42.601640','12','gerald',2,'[{\"changed\": {\"fields\": [\"first_name\", \"last_name\", \"email\", \"is_staff\", \"is_superuser\", \"user_permissions\"]}}]',59,1),(5019,'2018-06-13 19:16:32.083041','1','0',1,'[{\"added\": {}}]',67,12),(5020,'2018-06-13 19:16:48.325151','1','500',1,'[{\"added\": {}}]',68,12),(5021,'2018-06-13 21:12:29.627640','2','0',1,'[{\"added\": {}}]',68,12),(5022,'2018-06-13 21:13:02.931209','2','0',3,'',68,12),(5023,'2018-06-13 21:20:03.366375','46','San Juan',2,'[{\"changed\": {\"fields\": [\"name\"]}}]',7,12),(5024,'2018-06-14 15:58:51.982397','1257','Brown, Munchkin',1,'[{\"added\": {}}]',3,12),(5025,'2018-06-14 16:31:28.583530','1257','Brown, Munchkin',2,'[{\"changed\": {\"fields\": [\"date_of_birth\"]}}]',3,12),(5026,'2018-06-14 18:52:35.619605','1182','Anito, Joanna Marie',1,'[{\"added\": {}}, {\"added\": {\"name\": \"complaint\", \"object\": \"neck check up\"}}]',49,12),(5027,'2018-06-15 20:16:30.736965','1','New Location',2,'[{\"changed\": {\"fields\": [\"location\"]}}]',39,12),(5028,'2018-06-15 20:27:59.969905','1257','Brown, Gerald',1,'[{\"added\": {}}]',3,12),(5029,'2018-06-15 21:55:05.210970','1','Simon John Eric T. Flores',1,'[{\"added\": {}}]',51,12),(5030,'2018-06-15 22:26:27.384861','266','Nuique, Felian',2,'[{\"changed\": {\"fields\": [\"visit_payment\", \"medicine_payment\"]}}, {\"changed\": {\"object\": \"Prescription object (216)\", \"name\": \"prescription\", \"fields\": [\"medicine_duration_days\"]}}]',49,12),(5031,'2018-06-16 12:06:13.040129','1','medrec1',2,'[{\"changed\": {\"fields\": [\"is_superuser\"]}}]',59,12),(5032,'2018-06-17 08:29:28.501418','1','1',1,'[{\"added\": {}}]',70,12),(5033,'2018-06-17 08:29:36.902205','2','2',1,'[{\"added\": {}}]',70,12),(5034,'2018-06-17 08:29:45.156524','3','3',1,'[{\"added\": {}}]',70,12),(5035,'2018-06-17 08:29:52.864533','4','4',1,'[{\"added\": {}}]',70,12),(5036,'2018-06-17 08:30:00.296691','5','5',1,'[{\"added\": {}}]',70,12),(5037,'2018-06-17 08:30:07.534907','6','6',1,'[{\"added\": {}}]',70,12),(5038,'2018-06-17 08:30:14.994998','7','7',1,'[{\"added\": {}}]',70,12),(5039,'2018-06-17 08:30:52.907069','8','14',1,'[{\"added\": {}}]',70,12),(5040,'2018-06-17 08:31:04.563777','9','30',1,'[{\"added\": {}}]',70,12),(5041,'2018-06-17 09:08:17.133539','1','1 tab # 14',1,'[{\"added\": {}}]',71,12),(5042,'2018-06-17 09:09:32.382733','2','bot #1',1,'[{\"added\": {}}]',71,12),(5043,'2018-06-17 09:09:52.227115','3','tab #5',1,'[{\"added\": {}}]',71,12),(5044,'2018-06-17 17:56:14.820903','1257','Flores, Sebastian',1,'[{\"added\": {}}]',3,12),(5045,'2018-06-17 17:56:58.665819','2','0',1,'[{\"added\": {}}]',68,12),(5046,'2018-06-17 17:57:10.955801','1183','Flores, Sebastian',1,'[{\"added\": {}}]',49,12),(5047,'2018-06-17 18:28:56.880262','1183','Flores, Sebastian',2,'[{\"added\": {\"object\": \"nasal congestion\", \"name\": \"complaint\"}}, {\"added\": {\"object\": \"Prescription object (1247)\", \"name\": \"prescription\"}}]',49,12),(5048,'2018-06-17 18:31:46.427300','1183','Flores, Sebastian',2,'[{\"added\": {\"object\": \"Prescription object (1248)\", \"name\": \"prescription\"}}, {\"added\": {\"object\": \"Prescription object (1249)\", \"name\": \"prescription\"}}]',49,12),(5049,'2018-06-17 20:09:40.696951','1','Tab #14',1,'[{\"added\": {}}]',71,12),(5050,'2018-06-17 20:09:58.952861','2','Bot #1',1,'[{\"added\": {}}]',71,12),(5051,'2018-06-17 20:10:19.609723','3','Tab #5',1,'[{\"added\": {}}]',71,12),(5052,'2018-06-17 21:03:19.831671','1','Nutruvox',1,'[{\"added\": {}}]',73,12),(5053,'2018-06-17 21:03:56.703930','1','Co-amoxidav',1,'[{\"added\": {}}]',72,12),(5054,'2018-06-17 21:04:30.024920','2','Nasoflo',1,'[{\"added\": {}}]',73,12),(5055,'2018-06-17 21:04:52.377567','2','Fluticusoue',1,'[{\"added\": {}}]',72,12),(5056,'2018-06-17 21:05:48.790795','3','Fluimucil',1,'[{\"added\": {}}]',73,12),(5057,'2018-06-17 21:06:20.372593','3','Acetylcisteine',1,'[{\"added\": {}}]',72,12),(5058,'2018-06-17 21:27:25.936777','1','medrec1',2,'[{\"changed\": {\"fields\": [\"is_staff\"]}}]',59,12),(5059,'2018-06-17 21:30:06.469790','13','test1',1,'[{\"added\": {}}]',59,12),(5060,'2018-06-17 21:30:21.456460','13','test1',2,'[]',59,12),(5061,'2018-06-17 21:31:32.357673','13','test1',2,'[{\"changed\": {\"fields\": [\"is_staff\"]}}]',59,12),(5062,'2018-06-17 21:32:47.724504','13','test1',3,'',59,12),(5063,'2018-06-17 21:33:00.983074','1','medrec1',2,'[{\"changed\": {\"fields\": [\"is_staff\"]}}]',59,12),(5066,'2018-07-02 10:17:19.508700','None','Tigbao, William',1,'[{\"added\": {}}]',3,6),(5067,'2018-07-02 10:38:59.189058','None','Dipolog  city',1,'[{\"added\": {}}]',7,6),(5068,'2018-07-02 10:41:59.554821','None','Dipolog  city',1,'[{\"added\": {}}]',7,6),(5069,'2018-07-02 10:43:50.252354','None','Dipolog  city',1,'[{\"added\": {}}]',7,6),(5070,'2018-07-02 10:44:37.551402','None','Dipolog  city',1,'[{\"added\": {}}]',7,6),(5071,'2018-07-02 10:44:55.402513','None','Dipolog  city',1,'[{\"added\": {}}]',7,6),(5072,'2018-07-02 10:56:01.807823','None','Dipolog  city',1,'[{\"added\": {}}]',7,6),(5073,'2018-07-02 10:58:30.959085','None','Dipolog  city',1,'[{\"added\": {}}]',7,6),(5074,'2018-07-02 11:33:32.727573','None','Fire officer ward',1,'[{\"added\": {}}]',1,6),(5075,'2018-07-02 11:34:02.494046','None','None',1,'[{\"added\": {}}]',1,6),(5076,'2018-07-02 11:34:17.573498','None','Catubig, Murphy',1,'[{\"added\": {}}]',3,6),(5077,'2018-07-02 11:41:17.743904','None','Catubig, murphy',1,'[{\"added\": {}}]',7,6),(5078,'2018-08-22 08:31:36.822432','1','Simon John Eric T. Flores',1,'[{\"added\": {}}]',51,12),(5079,'2018-08-23 15:08:51.185726','1','medrec1',2,'[{\"changed\": {\"fields\": [\"is_superuser\", \"user_permissions\"]}}]',59,12),(5080,'2018-08-23 15:09:25.531340','1','medrec1',2,'[{\"changed\": {\"fields\": [\"is_superuser\", \"user_permissions\"]}}]',59,12),(5081,'2018-08-23 15:12:20.296799','12','gerald',2,'[{\"changed\": {\"fields\": [\"user_permissions\"]}}]',59,12),(5082,'2018-08-23 17:34:33.730847','6','jamjam2011',2,'[{\"changed\": {\"fields\": [\"user_permissions\"]}}]',59,12),(5083,'2018-08-23 17:38:18.287603','11','simon',2,'[{\"changed\": {\"fields\": [\"user_permissions\"]}}]',59,12),(5084,'2018-08-23 17:38:51.563419','1','medrec1',2,'[{\"changed\": {\"fields\": [\"user_permissions\"]}}]',59,12),(5085,'2018-08-23 17:44:50.751795','6','jamjam2011',2,'[{\"changed\": {\"fields\": [\"user_permissions\"]}}]',59,1),(5086,'2018-08-23 17:48:42.487184','6','jamjam2011',2,'[{\"changed\": {\"fields\": [\"user_permissions\"]}}]',59,1),(5087,'2018-08-24 17:19:36.408616','1258','Calda, Selina',1,'[{\"added\": {}}]',3,6),(5088,'2018-08-24 19:48:28.312021','97','qwert',1,'[{\"added\": {}}]',21,6),(5089,'2018-08-24 19:48:42.327072','97','qwert',3,'',21,6),(5090,'2018-08-24 20:52:29.279415','4','Qwerty',1,'[{\"added\": {}}]',73,1),(5091,'2018-08-24 20:52:48.785301','4','Qwerty',3,'',73,1),(5092,'2018-08-24 21:19:03.133070','4','asd',1,'[{\"added\": {}}]',72,1),(5093,'2018-08-24 21:20:06.507349','5','asdf',1,'[{\"added\": {}}]',72,6),(5094,'2018-08-31 09:12:50.623009','6','zz',1,'[{\"added\": {}}]',72,6),(5095,'2018-08-31 09:28:35.782727','6','zz',3,'',72,1),(5096,'2018-08-31 09:28:50.516640','4','asd',3,'',72,1),(5097,'2018-08-31 09:28:59.700657','5','asdf',3,'',72,1),(5098,'2018-09-03 15:25:08.560237','1259','Klaembt, Mirco',1,'[{\"added\": {}}]',3,6),(5099,'2018-09-04 10:13:54.199723','192','Olingan,dipolog city',1,'[{\"added\": {}}]',7,6),(5100,'2018-09-04 10:14:23.436074','1260','Cainglet, Salustiano',1,'[{\"added\": {}}]',3,6),(5101,'2018-09-04 10:39:00.345288','1261','Delfino, Rosellita',1,'[{\"added\": {}}]',3,6),(5102,'2018-09-04 10:44:41.872681','1262','Janopol, Arlene',1,'[{\"added\": {}}]',3,6),(5103,'2018-09-04 10:51:05.166893','1263','Aguylo, Angil May',1,'[{\"added\": {}}]',3,6),(5104,'2018-09-04 10:53:48.918832','1184','Cainglet, Salustiano, 2018-09-04',1,'[{\"added\": {}}, {\"added\": {\"name\": \"complaint\", \"object\": \"hard of hearing\"}}]',49,6),(5105,'2018-09-04 10:54:34.735664','3','600',1,'[{\"added\": {}}]',68,6),(5106,'2018-09-04 10:54:39.601021','1185','Cainglet, Salustiano, 2018-09-04',1,'[{\"added\": {}}]',49,6),(5107,'2018-09-04 11:10:30.981335','7','chamomille',1,'[{\"added\": {}}]',72,6),(5108,'2018-09-04 11:10:33.412671','5','kamillosan',1,'[{\"added\": {}}]',73,6),(5109,'2018-09-04 11:11:29.384554','1186','Janopol, Arlene, 2018-09-04',1,'[{\"added\": {}}, {\"added\": {\"name\": \"complaint\", \"object\": \"dysphagia\"}}, {\"added\": {\"name\": \"prescription\", \"object\": \"Prescription object (1250)\"}}, {\"added\": {\"name\": \"diagnosis\", \"object\": \"Diagnosis object (1)\"}}]',49,6),(5110,'2018-09-04 11:14:54.956557','212','Welder',1,'[{\"added\": {}}]',1,6),(5111,'2018-09-04 11:15:00.957954','1264','Aguylo, John Gil',1,'[{\"added\": {}}]',3,6),(5112,'2018-09-04 11:23:42.635126','1265','Kho, Arlyn',1,'[{\"added\": {}}]',3,6),(5113,'2018-09-04 11:31:52.166703','8','co amoxiclav',1,'[{\"added\": {}}]',72,6),(5114,'2018-09-04 11:32:24.622727','6','natravox',1,'[{\"added\": {}}]',73,6),(5115,'2018-09-04 11:33:30.908727','10','10',1,'[{\"added\": {}}]',70,6),(5116,'2018-09-04 11:33:43.093519','1187','Aguylo, Angil May, 2018-09-04',1,'[{\"added\": {}}, {\"added\": {\"name\": \"complaint\", \"object\": \"Ear pain\"}}, {\"added\": {\"name\": \"prescription\", \"object\": \"Prescription object (1251)\"}}]',49,6),(5117,'2018-09-04 11:37:18.297532','1188','Aguylo, John Gil, 2018-09-04',1,'[{\"added\": {}}, {\"added\": {\"name\": \"complaint\", \"object\": \"ENT check up\"}}]',49,6),(5118,'2018-09-04 11:46:45.328886','1266','Temblor Jr, Florido',1,'[{\"added\": {}}]',3,6),(5119,'2018-09-04 11:51:05.740922','9','levofloxacin',1,'[{\"added\": {}}]',72,6),(5120,'2018-09-04 11:51:08.881950','7','loxeva',1,'[{\"added\": {}}]',73,6),(5121,'2018-09-04 11:52:32.150238','1189','Kho, Arlyn, 2018-09-04',1,'[{\"added\": {}}, {\"added\": {\"name\": \"complaint\", \"object\": \"Ear pain\"}}, {\"added\": {\"name\": \"complaint\", \"object\": \"check up\"}}, {\"added\": {\"name\": \"prescription\", \"object\": \"Prescription object (1252)\"}}, {\"added\": {\"name\": \"diagnosis\", \"object\": \"Diagnosis object (2)\"}}]',49,6),(5122,'2018-09-04 11:55:45.353520','10','cipro + dexa',1,'[{\"added\": {}}]',72,6),(5123,'2018-09-04 11:56:18.201007','1189','Kho, Arlyn, 2018-09-04',2,'[{\"added\": {\"name\": \"prescription\", \"object\": \"Prescription object (1253)\"}}]',49,6),(5124,'2018-09-04 11:57:55.277727','1267','Amihoy, Frevie',1,'[{\"added\": {}}]',3,6),(5125,'2018-09-04 12:09:21.277777','1268','Du, Aliyah Kristine',1,'[{\"added\": {}}]',3,6),(5126,'2018-09-04 12:11:08.726297','487','perforated TM (30%), AS',1,'[{\"added\": {}}]',31,6),(5127,'2018-09-04 12:11:58.092374','1190','Temblor Jr, Florido, 2018-09-04',1,'[{\"added\": {}}, {\"added\": {\"name\": \"complaint\", \"object\": \"ear check up\"}}, {\"added\": {\"name\": \"diagnosis\", \"object\": \"Diagnosis object (3)\"}}]',49,6),(5128,'2018-09-04 12:18:30.985482','11','SNHL, moderate-severe, AD',1,'[{\"added\": {}}]',37,6),(5129,'2018-09-04 12:18:58.602600','12','SNHL, moderate, AS',1,'[{\"added\": {}}]',37,6),(5130,'2018-09-04 12:20:38.271533','13','SNHL,moderate,AS',1,'[{\"added\": {}}]',37,6),(5131,'2018-09-04 12:20:53.334915','1184','Cainglet, Salustiano, 2018-09-04',2,'[{\"changed\": {\"fields\": [\"visit_payment\"]}}, {\"added\": {\"name\": \"hearing\", \"object\": \"Hearing object (42)\"}}, {\"added\": {\"name\": \"hearing\", \"object\": \"Hearing object (43)\"}}]',49,6),(5132,'2018-09-04 12:23:42.787822','1269','Nillas, Andrew',1,'[{\"added\": {}}]',3,6),(5133,'2018-09-04 12:33:02.283133','1191','Du, Aliyah Kristine, 2018-09-04',1,'[{\"added\": {}}, {\"added\": {\"name\": \"complaint\", \"object\": \"nasal congestion\"}}]',49,6),(5134,'2018-09-04 12:43:22.898526','4','400',1,'[{\"added\": {}}]',68,6),(5135,'2018-09-04 12:44:32.215152','488','vocal fold paralysis, R',1,'[{\"added\": {}}]',31,6),(5136,'2018-09-04 12:44:40.188793','1192','Nillas, Andrew, 2018-09-04',1,'[{\"added\": {}}, {\"added\": {\"name\": \"complaint\", \"object\": \"hoarseness\"}}]',49,6),(5137,'2018-09-04 12:49:21.618112','213','Cooperative staff',1,'[{\"added\": {}}]',1,6),(5138,'2018-09-04 12:49:27.931966','1270','Morato, Silvestre',1,'[{\"added\": {}}]',3,6),(5139,'2018-09-04 12:58:36.498592','11','NaCl',1,'[{\"added\": {}}]',72,6),(5140,'2018-09-04 12:58:39.499025','8','nasoclear',1,'[{\"added\": {}}]',73,6),(5141,'2018-09-04 13:02:01.194594','1193','Amihoy, Frevie, 2018-09-04',1,'[{\"added\": {}}, {\"added\": {\"name\": \"complaint\", \"object\": \"epistaxis\"}}, {\"added\": {\"name\": \"prescription\", \"object\": \"Prescription object (1254)\"}}, {\"added\": {\"name\": \"diagnosis\", \"object\": \"Diagnosis object (4)\"}}]',49,6),(5142,'2018-09-04 13:09:19.400738','1271','Canolas, TJ Harmony',1,'[{\"added\": {}}]',3,6),(5143,'2018-09-04 13:16:57.258391','12','otofungic',1,'[{\"added\": {}}]',72,6),(5144,'2018-09-04 13:17:17.041190','1194','Morato, Silvestre, 2018-09-04',1,'[{\"added\": {}}, {\"added\": {\"name\": \"complaint\", \"object\": \"ear check up\"}}, {\"added\": {\"name\": \"prescription\", \"object\": \"Prescription object (1255)\"}}]',49,6),(5145,'2018-09-04 13:34:51.021519','489','FB(cotton)',1,'[{\"added\": {}}]',31,6),(5146,'2018-09-04 13:36:16.140053','1195','Canolas, TJ Harmony, 2018-09-04',1,'[{\"added\": {}}, {\"added\": {\"name\": \"complaint\", \"object\": \"ear check up\"}}, {\"added\": {\"name\": \"complaint\", \"object\": \"ear check up\"}}, {\"added\": {\"name\": \"prescription\", \"object\": \"Prescription object (1256)\"}}]',49,6),(5147,'2018-09-04 14:54:27.507756','1272','Cataluna, Virgilio',1,'[{\"added\": {}}]',3,6),(5148,'2018-09-04 15:04:43.744024','193','Zamboanguita',1,'[{\"added\": {}}]',7,6),(5149,'2018-09-04 15:05:05.555081','1273','Loreto, Basilia',1,'[{\"added\": {}}]',3,6),(5150,'2018-09-04 15:23:59.342744','1196','Cataluna, Virgilio, 2018-09-04',1,'[{\"added\": {}}, {\"added\": {\"name\": \"complaint\", \"object\": \"ff up\"}}, {\"added\": {\"name\": \"prescription\", \"object\": \"Prescription object (1257)\"}}, {\"added\": {\"name\": \"diagnosis\", \"object\": \"Diagnosis object (5)\"}}]',49,6),(5151,'2018-09-04 15:38:30.271662','490','(+)moist skin',1,'[{\"added\": {}}]',31,6),(5152,'2018-09-04 15:39:13.591205','13','otoquad',1,'[{\"added\": {}}]',72,6),(5153,'2018-09-04 15:39:55.504802','14','allerzet',1,'[{\"added\": {}}]',72,6),(5154,'2018-09-04 15:42:57.350265','491','(+)moist skin',1,'[{\"added\": {}}]',31,6),(5155,'2018-09-04 15:44:04.066309','9','otoquad',1,'[{\"added\": {}}]',73,6),(5156,'2018-09-04 15:44:59.126359','40','Sig. 3-4 drops 2x daily',1,'[{\"added\": {}}]',45,6),(5157,'2018-09-04 15:45:30.984639','15','levoceterizine',1,'[{\"added\": {}}]',72,6),(5158,'2018-09-04 15:45:58.674174','16','levoceterizine',1,'[{\"added\": {}}]',72,6),(5159,'2018-09-04 15:46:01.761761','10','allerzet',1,'[{\"added\": {}}]',73,6),(5160,'2018-09-04 15:46:40.016967','41','Sig. 1 tab once daily',1,'[{\"added\": {}}]',45,6),(5161,'2018-09-04 15:47:06.723709','1197','Loreto, Basilia, 2018-09-04',1,'[{\"added\": {}}, {\"added\": {\"name\": \"complaint\", \"object\": \"ear check up\"}}, {\"added\": {\"name\": \"prescription\", \"object\": \"Prescription object (1258)\"}}, {\"added\": {\"name\": \"prescription\", \"object\": \"Prescription object (1259)\"}}, {\"added\": {\"name\": \"diagnosis\", \"object\": \"Diagnosis object (6)\"}}]',49,6),(5162,'2018-09-05 09:55:26.505013','1274','Richards, Lilia',1,'[{\"added\": {}}]',3,6),(5163,'2018-09-05 10:02:22.079270','1275','VIllariza, Josefina',1,'[{\"added\": {}}]',3,6),(5164,'2018-09-05 11:40:00.539990','1276','Cahambing, Celso',1,'[{\"added\": {}}]',3,6),(5165,'2018-09-05 12:58:35.017243','1277','Bustillo, Joel',1,'[{\"added\": {}}]',3,6),(5166,'2018-09-06 09:47:39.036413','1278','Ramirez, Wyn',1,'[{\"added\": {}}]',3,6),(5167,'2018-09-06 09:53:01.722969','1279','Kho, Susan',1,'[{\"added\": {}}]',3,6),(5168,'2018-09-06 10:00:49.428699','492','(+)d/c',1,'[{\"added\": {}}]',31,6),(5169,'2018-09-06 10:02:42.904921','4','tab # 10',1,'[{\"added\": {}}]',71,6),(5170,'2018-09-06 10:04:04.283930','1198','Ramirez, Wyn, 2018-09-06',1,'[{\"added\": {}}, {\"added\": {\"name\": \"complaint\", \"object\": \"otorrhea\"}}, {\"added\": {\"name\": \"prescription\", \"object\": \"Prescription object (1260)\"}}, {\"added\": {\"name\": \"prescription\", \"object\": \"Prescription object (1261)\"}}, {\"added\": {\"name\": \"diagnosis\", \"object\": \"Diagnosis object (7)\"}}]',49,6),(5171,'2018-09-06 10:11:21.075010','1280','Steinert, Joseph',1,'[{\"added\": {}}]',3,6),(5172,'2018-09-06 10:15:32.041820','1199','Kho, Susan, 2018-09-06',1,'[{\"added\": {}}, {\"added\": {\"name\": \"complaint\", \"object\": \"tinnitus\"}}, {\"added\": {\"name\": \"diagnosis\", \"object\": \"Diagnosis object (8)\"}}]',49,6),(5173,'2018-09-06 10:30:11.828249','1281','Samson, Jesie',1,'[{\"added\": {}}]',3,6),(5174,'2018-09-06 10:31:50.231178','493','(+)synichea',1,'[{\"added\": {}}]',31,6),(5175,'2018-09-06 10:32:27.380580','17','Fluticasone',1,'[{\"added\": {}}]',72,6),(5176,'2018-09-06 10:33:44.435747','42','Sig. 2 sparys/nostril once daily',1,'[{\"added\": {}}]',45,6),(5177,'2018-09-06 10:34:29.430794','1200','Steinert, Joseph, 2018-09-06',1,'[{\"added\": {}}, {\"added\": {\"name\": \"complaint\", \"object\": \"ear check up\"}}, {\"added\": {\"name\": \"complaint\", \"object\": \"nasal congestion\"}}, {\"added\": {\"name\": \"prescription\", \"object\": \"Prescription object (1262)\"}}]',49,6),(5178,'2018-09-06 10:39:58.457076','1282','Ermina, Gabriel',1,'[{\"added\": {}}]',3,6),(5179,'2018-09-06 10:41:59.376877','214','Cook',1,'[{\"added\": {}}]',1,6),(5180,'2018-09-06 10:42:06.458562','1283','Tuban, Jason',1,'[{\"added\": {}}]',3,6),(5181,'2018-09-06 10:50:37.889914','18','Clindamycin',1,'[{\"added\": {}}]',72,6),(5182,'2018-09-06 10:51:11.097512','11','Dalacin C',1,'[{\"added\": {}}]',73,6),(5183,'2018-09-06 10:51:59.104452','43','Sig. 1 cap 3x daily',1,'[{\"added\": {}}]',45,6),(5184,'2018-09-06 10:52:26.247208','5','cap# 21',1,'[{\"added\": {}}]',71,6),(5185,'2018-09-06 10:52:49.241892','5','800',1,'[{\"added\": {}}]',68,6),(5186,'2018-09-06 10:52:58.615594','1201','Samson, Jesie, 2018-09-06',1,'[{\"added\": {}}, {\"added\": {\"name\": \"complaint\", \"object\": \"FB sensation\"}}, {\"added\": {\"name\": \"prescription\", \"object\": \"Prescription object (1263)\"}}]',49,6),(5187,'2018-09-06 10:56:26.712810','1284','Matildo, Eugenio',1,'[{\"added\": {}}]',3,6),(5188,'2018-09-06 10:57:04.870683','1201','Samson, Jesie, 2018-09-06',2,'[{\"changed\": {\"name\": \"prescription\", \"object\": \"Prescription object (1263)\", \"fields\": [\"medicine_duration_days\"]}}, {\"added\": {\"name\": \"diagnosis\", \"object\": \"Diagnosis object (9)\"}}]',49,6),(5189,'2018-09-06 11:16:13.554222','98','1spary/nostril once daily',1,'[{\"added\": {}}]',21,6),(5190,'2018-09-06 11:17:15.053191','44','Sig. 1 spay/nostril once daily',1,'[{\"added\": {}}]',45,6),(5191,'2018-09-06 11:17:43.807591','99','1 spray/nostril',1,'[{\"added\": {}}]',21,6),(5192,'2018-09-06 11:18:47.829420','6','tab # 14',1,'[{\"added\": {}}]',71,6),(5193,'2018-09-06 11:19:46.658842','1202','Ermina, Gabriel, 2018-09-06',1,'[{\"added\": {}}, {\"added\": {\"name\": \"complaint\", \"object\": \"Ear pain\"}}, {\"added\": {\"name\": \"prescription\", \"object\": \"Prescription object (1264)\"}}, {\"added\": {\"name\": \"prescription\", \"object\": \"Prescription object (1265)\"}}, {\"added\": {\"name\": \"diagnosis\", \"object\": \"Diagnosis object (10)\"}}, {\"added\": {\"name\": \"diagnosis\", \"object\": \"Diagnosis object (11)\"}}]',49,6),(5194,'2018-09-06 11:20:58.432605','19','Co amoxiclav',1,'[{\"added\": {}}]',72,6),(5195,'2018-09-06 11:21:38.429516','12','Natravox',1,'[{\"added\": {}}]',73,6),(5196,'2018-09-06 11:21:53.231754','1202','Ermina, Gabriel, 2018-09-06',2,'[{\"changed\": {\"name\": \"prescription\", \"object\": \"Prescription object (1264)\", \"fields\": [\"medicine_generic\", \"medicine_brand\"]}}]',49,6),(5197,'2018-09-06 11:34:19.330963','20','Eperisone',1,'[{\"added\": {}}]',72,6),(5198,'2018-09-06 11:34:47.298108','13','Myelax',1,'[{\"added\": {}}]',73,6),(5199,'2018-09-06 11:35:42.854965','21','Ibuprofen',1,'[{\"added\": {}}]',72,6),(5200,'2018-09-06 11:36:01.703705','14','Faspic',1,'[{\"added\": {}}]',73,6),(5201,'2018-09-06 11:36:58.784902','1203','Matildo, Eugenio, 2018-09-06',1,'[{\"added\": {}}, {\"added\": {\"name\": \"complaint\", \"object\": \"nape pain\"}}, {\"added\": {\"name\": \"prescription\", \"object\": \"Prescription object (1266)\"}}, {\"added\": {\"name\": \"prescription\", \"object\": \"Prescription object (1267)\"}}]',49,6),(5202,'2018-09-06 11:54:19.393696','15','Dexamon',1,'[{\"added\": {}}]',73,6),(5203,'2018-09-06 11:55:53.891127','1204','Tuban, Jason, 2018-09-06',1,'[{\"added\": {}}, {\"added\": {\"name\": \"complaint\", \"object\": \"tinnitus\"}}, {\"added\": {\"name\": \"prescription\", \"object\": \"Prescription object (1268)\"}}, {\"added\": {\"name\": \"diagnosis\", \"object\": \"Diagnosis object (12)\"}}]',49,6),(5204,'2018-09-06 11:59:44.897391','1285','Gaddong, Nurdeen Khalid',1,'[{\"added\": {}}]',3,6),(5205,'2018-09-06 12:02:43.385431','1286','Castelnau, Facundo',1,'[{\"added\": {}}]',3,6),(5206,'2018-09-06 12:05:54.787949','215','Pilot',1,'[{\"added\": {}}]',1,6),(5207,'2018-09-06 12:06:02.217168','1287','Gaston, Frantz Jesse',1,'[{\"added\": {}}]',3,6),(5208,'2018-09-06 12:23:21.527524','1288','Buscato, Jefford',1,'[{\"added\": {}}]',3,6),(5209,'2018-09-06 12:34:04.122659','494','retracted TM',1,'[{\"added\": {}}]',31,6),(5210,'2018-09-06 12:35:23.208015','1205','Castelnau, Facundo, 2018-09-06',1,'[{\"added\": {}}, {\"added\": {\"name\": \"complaint\", \"object\": \"Ear pain\"}}, {\"added\": {\"name\": \"prescription\", \"object\": \"Prescription object (1269)\"}}]',49,6),(5211,'2018-09-06 12:49:56.111241','216','Secretary',1,'[{\"added\": {}}]',1,6),(5212,'2018-09-06 12:50:10.277071','1289','Lazalita, Mercy',1,'[{\"added\": {}}]',3,6),(5213,'2018-09-06 13:12:06.345518','1206','Gaston, Frantz Jesse, 2018-09-06',1,'[{\"added\": {}}, {\"added\": {\"name\": \"complaint\", \"object\": \"ENT check up\"}}, {\"added\": {\"name\": \"diagnosis\", \"object\": \"Diagnosis object (13)\"}}]',49,6),(5214,'2018-09-06 13:23:35.235131','495','(+)buccal mass',1,'[{\"added\": {}}]',31,6),(5215,'2018-09-06 13:23:57.545440','1207','Lazalita, Mercy, 2018-09-06',1,'[{\"added\": {}}, {\"added\": {\"name\": \"complaint\", \"object\": \"ENT check up\"}}]',49,6),(5216,'2018-09-06 13:24:40.698078','1207','Lazalita, Mercy, 2018-09-06',2,'[{\"changed\": {\"fields\": [\"visit_payment\"]}}, {\"added\": {\"name\": \"diagnosis\", \"object\": \"Diagnosis object (14)\"}}]',49,6),(5217,'2018-09-06 13:27:46.933277','1208','Buscato, Jefford, 2018-09-06',1,'[{\"added\": {}}, {\"added\": {\"name\": \"diagnosis\", \"object\": \"Diagnosis object (15)\"}}]',49,6),(5218,'2018-09-06 13:28:46.997681','1290','Ege, Corazon',1,'[{\"added\": {}}]',3,6),(5219,'2018-09-06 13:31:41.656327','217','Purchasing staff',1,'[{\"added\": {}}]',1,6),(5220,'2018-09-06 13:31:47.228875','1291','Garnica, Rubelyn',1,'[{\"added\": {}}]',3,6),(5221,'2018-09-06 13:40:44.001774','496','hyperemic vocal fold',1,'[{\"added\": {}}]',31,6),(5222,'2018-09-06 13:40:52.287389','497','None',1,'[{\"added\": {}}]',31,6),(5223,'2018-09-06 13:42:04.057422','45','1-2 sprays 3x daily',1,'[{\"added\": {}}]',45,6),(5224,'2018-09-06 13:42:33.994588','1292','Dael, Alfie',1,'[{\"added\": {}}]',3,6),(5225,'2018-09-06 13:42:51.357582','1209','Ege, Corazon, 2018-09-06',1,'[{\"added\": {}}, {\"added\": {\"name\": \"complaint\", \"object\": \"hoarseness\"}}, {\"added\": {\"name\": \"prescription\", \"object\": \"Prescription object (1270)\"}}]',49,6),(5226,'2018-09-06 13:56:31.822360','22','Azithromycin',1,'[{\"added\": {}}]',72,6),(5227,'2018-09-06 13:57:01.256139','16','Zenith',1,'[{\"added\": {}}]',73,6),(5228,'2018-09-06 13:57:34.945850','1210','Garnica, Rubelyn, 2018-09-06',1,'[{\"added\": {}}, {\"added\": {\"name\": \"complaint\", \"object\": \"odynophagia\"}}, {\"added\": {\"name\": \"prescription\", \"object\": \"Prescription object (1271)\"}}, {\"added\": {\"name\": \"diagnosis\", \"object\": \"Diagnosis object (16)\"}}]',49,6),(5229,'2018-09-06 13:59:20.267820','1293','Gutib, Rudy',1,'[{\"added\": {}}]',3,6),(5230,'2018-09-06 14:08:08.790328','1211','Dael, Alfie, 2018-09-06',1,'[{\"added\": {}}, {\"added\": {\"name\": \"complaint\", \"object\": \"decreased hearing\"}}]',49,6),(5231,'2018-09-06 14:13:23.950847','1294','Faburada, Marites',1,'[{\"added\": {}}]',3,6),(5232,'2018-09-06 14:19:47.306222','498','(+)maxillary mass',1,'[{\"added\": {}}]',31,6),(5233,'2018-09-06 14:19:52.690176','1212','Gutib, Rudy, 2018-09-06',1,'[{\"added\": {}}, {\"added\": {\"name\": \"complaint\", \"object\": \"maxillary mass\"}}, {\"added\": {\"name\": \"diagnosis\", \"object\": \"Diagnosis object (17)\"}}]',49,6),(5234,'2018-09-06 14:29:43.036119','1213','Faburada, Marites, 2018-09-06',1,'[{\"added\": {}}, {\"added\": {\"name\": \"complaint\", \"object\": \"decreased hearing\"}}, {\"added\": {\"name\": \"diagnosis\", \"object\": \"Diagnosis object (18)\"}}]',49,6),(5235,'2018-09-06 14:36:28.730409','1295','-Miral, Salde',1,'[{\"added\": {}}]',3,6),(5236,'2018-09-06 14:36:30.305749','1296','-Miral, Salde',1,'[{\"added\": {}}]',3,6),(5237,'2018-09-06 14:36:33.048850','1297','-Miral, Salde',1,'[{\"added\": {}}]',3,6),(5238,'2018-09-06 14:38:49.043559','1298','Maquiling, Russel',1,'[{\"added\": {}}]',3,6),(5239,'2018-09-06 14:43:43.761693','1214','Maquiling, Russel, 2018-09-06',1,'[{\"added\": {}}, {\"added\": {\"name\": \"complaint\", \"object\": \"decreased hearing\"}}, {\"added\": {\"name\": \"diagnosis\", \"object\": \"Diagnosis object (19)\"}}, {\"added\": {\"name\": \"hearing\", \"object\": \"Hearing object (44)\"}}]',49,6),(5240,'2018-09-07 09:46:27.997425','1299','Aragon, Ma Viviene',1,'[{\"added\": {}}]',3,6),(5241,'2018-09-07 10:04:12.654443','1300','Balase, Patrick John',1,'[{\"added\": {}}]',3,6),(5242,'2018-09-07 10:04:32.003558','1215','Aragon, Ma Viviene, 2018-09-07',1,'[{\"added\": {}}, {\"added\": {\"name\": \"complaint\", \"object\": \"ear check up\"}}, {\"added\": {\"name\": \"complaint\", \"object\": \"ear check up\"}}, {\"added\": {\"name\": \"prescription\", \"object\": \"Prescription object (1272)\"}}, {\"added\": {\"name\": \"diagnosis\", \"object\": \"Diagnosis object (20)\"}}]',49,6),(5243,'2018-09-07 10:08:48.744929','1301','Liu, Junify',1,'[{\"added\": {}}]',3,6),(5244,'2018-09-07 10:11:27.596049','1216','Balase, Patrick John, 2018-09-07',1,'[{\"added\": {}}, {\"added\": {\"name\": \"complaint\", \"object\": \"ff up\"}}, {\"added\": {\"name\": \"diagnosis\", \"object\": \"Diagnosis object (21)\"}}]',49,6),(5245,'2018-09-07 10:13:46.697889','1302','Batohanon, Jessica',1,'[{\"added\": {}}]',3,6),(5246,'2018-09-07 10:26:29.972487','1217','Liu, Junify, 2018-09-07',1,'[{\"added\": {}}, {\"added\": {\"name\": \"complaint\", \"object\": \"tinnitus\"}}, {\"added\": {\"name\": \"diagnosis\", \"object\": \"Diagnosis object (22)\"}}]',49,6),(5247,'2018-09-07 10:31:40.282369','1303','Luzano, Melchor',1,'[{\"added\": {}}]',3,6),(5248,'2018-09-07 10:36:12.020438','1304','Villarba, Kedd Tyrone',1,'[{\"added\": {}}]',3,6),(5249,'2018-09-07 10:38:21.293877','1218','Batohanon, Jessica, 2018-09-07',1,'[{\"added\": {}}, {\"added\": {\"name\": \"complaint\", \"object\": \"neck check up\"}}, {\"added\": {\"name\": \"diagnosis\", \"object\": \"Diagnosis object (23)\"}}]',49,6),(5250,'2018-09-07 10:55:54.185391','1219','Luzano, Melchor, 2018-09-07',1,'[{\"added\": {}}, {\"added\": {\"name\": \"complaint\", \"object\": \"decreased hearing\"}}, {\"added\": {\"name\": \"diagnosis\", \"object\": \"Diagnosis object (24)\"}}]',49,6),(5251,'2018-09-07 11:00:56.631722','1305','Silvano, Steven',1,'[{\"added\": {}}]',3,6),(5252,'2018-09-07 11:08:14.727082','1220','Villarba, Kedd Tyrone, 2018-09-07',1,'[{\"added\": {}}, {\"added\": {\"name\": \"complaint\", \"object\": \"nasal mass\"}}, {\"added\": {\"name\": \"diagnosis\", \"object\": \"Diagnosis object (25)\"}}]',49,6),(5253,'2018-09-07 11:09:52.600120','1220','Villarba, Kedd Tyrone, 2018-09-07',2,'[{\"changed\": {\"fields\": [\"visit_payment\"]}}]',49,6),(5254,'2018-09-07 11:10:14.665003','1216','Balase, Patrick John, 2018-09-07',2,'[]',49,6),(5255,'2018-09-07 11:18:16.281048','23','Montelukast',1,'[{\"added\": {}}]',72,6),(5256,'2018-09-07 11:18:39.007488','17','Montemax',1,'[{\"added\": {}}]',73,6),(5257,'2018-09-07 11:18:50.570096','1306','Pajulas, Angelita',1,'[{\"added\": {}}]',3,6),(5258,'2018-09-07 11:19:53.932923','1221','Silvano, Steven, 2018-09-07',1,'[{\"added\": {}}, {\"added\": {\"name\": \"complaint\", \"object\": \"rhinorrhea\"}}, {\"added\": {\"name\": \"prescription\", \"object\": \"Prescription object (1273)\"}}, {\"added\": {\"name\": \"prescription\", \"object\": \"Prescription object (1274)\"}}, {\"added\": {\"name\": \"diagnosis\", \"object\": \"Diagnosis object (26)\"}}]',49,6),(5259,'2018-09-07 11:21:43.480006','1307','Villlaluz, Dorothy',1,'[{\"added\": {}}]',3,6),(5260,'2018-09-07 11:36:06.950340','24','Benzydamine',1,'[{\"added\": {}}]',72,6),(5261,'2018-09-07 11:36:29.007893','18','Difflam',1,'[{\"added\": {}}]',73,6),(5262,'2018-09-07 11:38:17.615080','46','Sig. gargle 3x daily',1,'[{\"added\": {}}]',45,6),(5263,'2018-09-07 11:38:54.562345','1222','Pajulas, Angelita, 2018-09-07',1,'[{\"added\": {}}, {\"added\": {\"name\": \"complaint\", \"object\": \"FB sensation\"}}, {\"added\": {\"name\": \"prescription\", \"object\": \"Prescription object (1275)\"}}, {\"added\": {\"name\": \"diagnosis\", \"object\": \"Diagnosis object (27)\"}}]',49,6),(5264,'2018-09-07 11:45:22.314106','1308','Pocong, Jorge',1,'[{\"added\": {}}]',3,6),(5265,'2018-09-07 11:48:00.029313','1309','Rivera, Rosalie',1,'[{\"added\": {}}]',3,6),(5266,'2018-09-07 11:56:42.570556','1223','Villlaluz, Dorothy, 2018-09-07',1,'[{\"added\": {}}, {\"added\": {\"name\": \"complaint\", \"object\": \"decreased hearing\"}}, {\"added\": {\"name\": \"diagnosis\", \"object\": \"Diagnosis object (28)\"}}, {\"added\": {\"name\": \"diagnosis\", \"object\": \"Diagnosis object (29)\"}}]',49,6),(5267,'2018-09-07 12:00:09.755157','1224','Pocong, Jorge, 2018-09-07',1,'[{\"added\": {}}, {\"added\": {\"name\": \"complaint\", \"object\": \"check up\"}}, {\"added\": {\"name\": \"diagnosis\", \"object\": \"Diagnosis object (30)\"}}]',49,6),(5268,'2018-09-07 12:09:14.765282','1225','Rivera, Rosalie, 2018-09-07',1,'[{\"added\": {}}, {\"added\": {\"name\": \"complaint\", \"object\": \"ear check up\"}}, {\"added\": {\"name\": \"diagnosis\", \"object\": \"Diagnosis object (31)\"}}]',49,6),(5269,'2018-09-07 12:09:41.036815','1224','Pocong, Jorge, 2018-09-07',2,'[{\"changed\": {\"fields\": [\"visit_payment\"]}}]',49,6),(5270,'2018-09-07 12:14:22.728432','1310','Honculada, Yelena Therese',1,'[{\"added\": {}}]',3,6),(5271,'2018-09-07 12:20:46.498124','14','Mixed type HL, mod-severe, AD',1,'[{\"added\": {}}]',37,6),(5272,'2018-09-07 12:21:32.395162','1219','Luzano, Melchor, 2018-09-07',2,'[{\"added\": {\"name\": \"hearing\", \"object\": \"Hearing object (45)\"}}, {\"added\": {\"name\": \"hearing\", \"object\": \"Hearing object (46)\"}}]',49,6),(5273,'2018-09-07 12:35:13.931538','218','Brgy official',1,'[{\"added\": {}}]',1,6),(5274,'2018-09-07 12:35:21.142228','1311','Gabas, Danilo',1,'[{\"added\": {}}]',3,6),(5275,'2018-09-07 12:40:30.253685','25','NaCl',1,'[{\"added\": {}}]',72,6),(5276,'2018-09-07 12:41:23.755488','47','Sig. 2-3 spays 2x daily',1,'[{\"added\": {}}]',45,6),(5277,'2018-09-07 12:42:25.621491','1226','Honculada, Yelena Therese, 2018-09-07',1,'[{\"added\": {}}, {\"added\": {\"name\": \"complaint\", \"object\": \"ear check up\"}}, {\"added\": {\"name\": \"complaint\", \"object\": \"nasal congestion\"}}, {\"added\": {\"name\": \"prescription\", \"object\": \"Prescription object (1276)\"}}, {\"added\": {\"name\": \"diagnosis\", \"object\": \"Diagnosis object (32)\"}}, {\"added\": {\"name\": \"diagnosis\", \"object\": \"Diagnosis object (33)\"}}]',49,6),(5278,'2018-09-07 13:05:06.115588','1227','Gabas, Danilo, 2018-09-07',1,'[{\"added\": {}}, {\"added\": {\"name\": \"complaint\", \"object\": \"bloody expectorate\"}}, {\"added\": {\"name\": \"diagnosis\", \"object\": \"Diagnosis object (34)\"}}]',49,6),(5279,'2018-09-07 14:27:35.581874','1312','Callao, Geffrey',1,'[{\"added\": {}}]',3,6),(5280,'2018-09-07 14:54:32.182139','203','Itchy throat',1,'[{\"added\": {}}]',17,6),(5281,'2018-09-07 14:57:44.805405','1313','Lara, Charles Brando',1,'[{\"added\": {}}]',3,6),(5282,'2018-09-07 15:11:02.396348','48','Sig, 1 tab in 100 ml water once daily',1,'[{\"added\": {}}]',45,6),(5283,'2018-09-07 15:11:50.855462','1228','Callao, Geffrey, 2018-09-07',1,'[{\"added\": {}}, {\"added\": {\"name\": \"complaint\", \"object\": \"Itchy throat\"}}, {\"added\": {\"name\": \"prescription\", \"object\": \"Prescription object (1277)\"}}, {\"added\": {\"name\": \"prescription\", \"object\": \"Prescription object (1278)\"}}, {\"added\": {\"name\": \"diagnosis\", \"object\": \"Diagnosis object (35)\"}}]',49,6),(5284,'2018-09-07 15:23:32.472293','1314','Estrellado, Rosita',1,'[{\"added\": {}}]',3,6),(5285,'2018-09-07 15:29:29.538841','1229','Lara, Charles Brando, 2018-09-07',1,'[{\"added\": {}}, {\"added\": {\"name\": \"complaint\", \"object\": \"Ear pain\"}}, {\"added\": {\"name\": \"prescription\", \"object\": \"Prescription object (1279)\"}}, {\"added\": {\"name\": \"diagnosis\", \"object\": \"Diagnosis object (36)\"}}]',49,6),(5286,'2018-09-07 15:48:10.360139','204','Gingival mass',1,'[{\"added\": {}}]',17,6),(5287,'2018-09-07 15:48:28.719654','1315','Neyra, Reyel',1,'[{\"added\": {}}]',3,6),(5288,'2018-09-07 15:48:53.790860','499','(+)gingival mass',1,'[{\"added\": {}}]',31,6),(5289,'2018-09-07 15:49:08.568831','1230','Estrellado, Rosita, 2018-09-07',1,'[{\"added\": {}}, {\"added\": {\"name\": \"complaint\", \"object\": \"Gingival mass\"}}]',49,6),(5290,'2018-09-08 09:30:00.673155','1316','Limbaga, Gil',1,'[{\"added\": {}}]',3,6),(5291,'2018-09-08 09:32:47.241410','11','simon',2,'[{\"changed\": {\"fields\": [\"user_permissions\"]}}]',59,1),(5292,'2018-09-08 09:40:59.374282','219','Minister',1,'[{\"added\": {}}]',1,6),(5293,'2018-09-08 09:41:02.401605','1317','Esquierdo, Neminda',1,'[{\"added\": {}}]',3,6),(5294,'2018-09-08 09:45:45.508233','8','Co amoxiclav',2,'[{\"changed\": {\"fields\": [\"generic_name\"]}}]',72,11),(5295,'2018-09-08 10:05:18.497359','26','Clotrimazole',1,'[{\"added\": {}}]',72,11),(5296,'2018-09-08 10:05:42.790366','19','Otofungic',1,'[{\"added\": {}}]',73,11),(5297,'2018-09-08 10:06:40.570353','1231','Esquierdo, Neminda, 2018-09-08',1,'[{\"added\": {}}, {\"added\": {\"name\": \"complaint\", \"object\": \"Ear pain\"}}, {\"added\": {\"name\": \"prescription\", \"object\": \"Prescription object (1280)\"}}, {\"added\": {\"name\": \"diagnosis\", \"object\": \"Diagnosis object (37)\"}}]',49,11);
/*!40000 ALTER TABLE `django_admin_log` ENABLE KEYS */;
UNLOCK TABLES;

--
-- Table structure for table `django_content_type`
--

DROP TABLE IF EXISTS `django_content_type`;
/*!40101 SET @saved_cs_client     = @@character_set_client */;
/*!40101 SET character_set_client = utf8 */;
CREATE TABLE `django_content_type` (
  `id` int(11) NOT NULL AUTO_INCREMENT,
  `app_label` varchar(100) NOT NULL,
  `model` varchar(100) NOT NULL,
  PRIMARY KEY (`id`),
  UNIQUE KEY `django_content_type_app_label_model_76bd3d3b_uniq` (`app_label`,`model`)
) ENGINE=InnoDB AUTO_INCREMENT=75 DEFAULT CHARSET=latin1;
/*!40101 SET character_set_client = @saved_cs_client */;

--
-- Dumping data for table `django_content_type`
--

LOCK TABLES `django_content_type` WRITE;
/*!40000 ALTER TABLE `django_content_type` DISABLE KEYS */;
INSERT INTO `django_content_type` VALUES (53,'admin','logentry'),(55,'auth','group'),(57,'auth','permission'),(59,'auth','user'),(61,'contenttypes','contenttype'),(51,'doctor','doctor'),(74,'doctor','hospital'),(9,'patient','image'),(1,'patient','occupation'),(3,'patient','patient'),(5,'patient','province'),(7,'patient','town'),(63,'sessions','session'),(11,'visit','biopsy'),(69,'visit','biopsylocation'),(13,'visit','biopsyname'),(15,'visit','biopsyresult'),(19,'visit','complaint'),(17,'visit','complaintname'),(64,'visit','diagnosis'),(21,'visit','dose'),(25,'visit','exam'),(23,'visit','examname'),(27,'visit','examresult'),(29,'visit','examtype'),(31,'visit','finding'),(33,'visit','hearing'),(37,'visit','hearingresult'),(35,'visit','hearingtest'),(39,'visit','location'),(41,'visit','medicine'),(73,'visit','medicinebrand'),(65,'visit','medicinecharge'),(72,'visit','medicinegeneric'),(67,'visit','medicinepayment'),(71,'visit','medicinequantity'),(70,'visit','numofdays'),(43,'visit','prescription'),(45,'visit','reminder'),(47,'visit','treatment'),(49,'visit','visit'),(66,'visit','visitcharge'),(68,'visit','visitpayment');
/*!40000 ALTER TABLE `django_content_type` ENABLE KEYS */;
UNLOCK TABLES;

--
-- Table structure for table `django_migrations`
--

DROP TABLE IF EXISTS `django_migrations`;
/*!40101 SET @saved_cs_client     = @@character_set_client */;
/*!40101 SET character_set_client = utf8 */;
CREATE TABLE `django_migrations` (
  `id` int(11) NOT NULL AUTO_INCREMENT,
  `app` varchar(255) NOT NULL,
  `name` varchar(255) NOT NULL,
  `applied` datetime(6) NOT NULL,
  PRIMARY KEY (`id`)
) ENGINE=InnoDB AUTO_INCREMENT=74 DEFAULT CHARSET=latin1;
/*!40101 SET character_set_client = @saved_cs_client */;

--
-- Dumping data for table `django_migrations`
--

LOCK TABLES `django_migrations` WRITE;
/*!40000 ALTER TABLE `django_migrations` DISABLE KEYS */;
INSERT INTO `django_migrations` VALUES (56,'contenttypes','0001_initial','2018-08-22 07:36:51.793582'),(57,'auth','0001_initial','2018-08-22 07:36:51.859505'),(58,'admin','0001_initial','2018-08-22 07:36:51.970992'),(59,'admin','0002_logentry_remove_auto_add','2018-08-22 07:36:52.073120'),(60,'admin','0003_logentry_add_action_flag_choices','2018-08-22 07:36:52.119241'),(61,'contenttypes','0002_remove_content_type_name','2018-08-22 07:36:52.175903'),(62,'auth','0002_alter_permission_name_max_length','2018-08-22 07:36:52.231915'),(63,'auth','0003_alter_user_email_max_length','2018-08-22 07:36:52.289508'),(64,'auth','0004_alter_user_username_opts','2018-08-22 07:36:52.344880'),(65,'auth','0005_alter_user_last_login_null','2018-08-22 07:36:52.402676'),(66,'auth','0006_require_contenttypes_0002','2018-08-22 07:36:52.458664'),(67,'auth','0007_alter_validators_add_error_messages','2018-08-22 07:36:52.515132'),(68,'auth','0008_alter_user_username_max_length','2018-08-22 07:36:52.571368'),(69,'auth','0009_alter_user_last_name_max_length','2018-08-22 07:36:52.627965'),(71,'sessions','0001_initial','2018-08-22 07:36:53.062636'),(72,'doctor','0001_initial','2018-08-22 08:22:20.666049'),(73,'visit','0001_initial','2018-08-23 08:07:29.856816');
/*!40000 ALTER TABLE `django_migrations` ENABLE KEYS */;
UNLOCK TABLES;

--
-- Table structure for table `django_session`
--

DROP TABLE IF EXISTS `django_session`;
/*!40101 SET @saved_cs_client     = @@character_set_client */;
/*!40101 SET character_set_client = utf8 */;
CREATE TABLE `django_session` (
  `session_key` varchar(40) NOT NULL,
  `session_data` longtext NOT NULL,
  `expire_date` datetime(6) NOT NULL,
  PRIMARY KEY (`session_key`),
  KEY `django_session_expire_date_a5c62663` (`expire_date`)
) ENGINE=InnoDB DEFAULT CHARSET=latin1;
/*!40101 SET character_set_client = @saved_cs_client */;

--
-- Dumping data for table `django_session`
--

LOCK TABLES `django_session` WRITE;
/*!40000 ALTER TABLE `django_session` DISABLE KEYS */;
INSERT INTO `django_session` VALUES ('15og8oslug8gosvblm9suzemnujt4k56','M2VmODFhZGFkYTg4ZDhhMDMzODZjZjRkNGMzNTgzOGYyM2NjNDNjOTp7Il9hdXRoX3VzZXJfaGFzaCI6ImE0MmRlNmUxOGIyMzNmMTc0MGNkZTJiMzM0ODVjOGJkNWIyZjZkNjciLCJfYXV0aF91c2VyX2lkIjoiMTIiLCJfYXV0aF91c2VyX2JhY2tlbmQiOiJkamFuZ28uY29udHJpYi5hdXRoLmJhY2tlbmRzLk1vZGVsQmFja2VuZCJ9','2018-07-15 20:55:03.573392'),('1hhbart6pcp4g2l4eb5zxpee2ltfpiys','YmMwMThiZTY5ODZjODg4ZjgyMzUwM2IzZmM5NmJkMjM2MjE1NWIxMjp7Il9hdXRoX3VzZXJfaGFzaCI6IjA1YTJlYmRmNDI5OTJiODIzMGMyYWM2MjY3M2EzODQwNjJmMDEzYTQiLCJfYXV0aF91c2VyX2lkIjoiNiIsIl9hdXRoX3VzZXJfYmFja2VuZCI6ImRqYW5nby5jb250cmliLmF1dGguYmFja2VuZHMuTW9kZWxCYWNrZW5kIn0=','2018-07-05 12:41:00.853012'),('1x1mfrlms00t8izhb6siwgheq8ih16v7','ZGQwOGE5N2NmOWM2NWIwODU3NmJlMDEyNWRiMjIyNzFjNTNmNzIzODp7Il9hdXRoX3VzZXJfaWQiOiIxMiIsIl9hdXRoX3VzZXJfYmFja2VuZCI6ImRqYW5nby5jb250cmliLmF1dGguYmFja2VuZHMuTW9kZWxCYWNrZW5kIiwiX2F1dGhfdXNlcl9oYXNoIjoiYTQyZGU2ZTE4YjIzM2YxNzQwY2RlMmIzMzQ4NWM4YmQ1YjJmNmQ2NyJ9','2018-07-15 13:47:52.025234'),('33nvr4la4aqc4f4prjj9ifslxaxhhgng','ZjU4N2NlMmM1NjE0NjkxMGYyNGY5YTQ0OGI0ZDI1OGI5MjYzNjdkNjp7Il9hdXRoX3VzZXJfaWQiOiIxMiIsIl9hdXRoX3VzZXJfaGFzaCI6ImE0MmRlNmUxOGIyMzNmMTc0MGNkZTJiMzM0ODVjOGJkNWIyZjZkNjciLCJfYXV0aF91c2VyX2JhY2tlbmQiOiJkamFuZ28uY29udHJpYi5hdXRoLmJhY2tlbmRzLk1vZGVsQmFja2VuZCJ9','2018-07-08 17:58:21.550286'),('499zgiyvwpifp56tmpofwka3m1w99ce0','ZWEyY2M0NTI4Nzk2N2M2NDhlMWMxZWFiNjc2ZTRjMDAyZTAwNGQzNTp7Il9hdXRoX3VzZXJfYmFja2VuZCI6ImRqYW5nby5jb250cmliLmF1dGguYmFja2VuZHMuTW9kZWxCYWNrZW5kIiwiX2F1dGhfdXNlcl9pZCI6IjYiLCJfYXV0aF91c2VyX2hhc2giOiIwNWEyZWJkZjQyOTkyYjgyMzBjMmFjNjI2NzNhMzg0MDYyZjAxM2E0In0=','2018-07-08 07:34:06.864713'),('4b9gma22g9o93l38omva8g5q92ugwhsy','YjM3MzZhNzQxMzg1NmM0OThjMTE5ZGM4YTRmYjQwMmY0NmFjZmFmOTp7Il9hdXRoX3VzZXJfaWQiOiIxMiIsIl9hdXRoX3VzZXJfYmFja2VuZCI6ImRqYW5nby5jb250cmliLmF1dGguYmFja2VuZHMuTW9kZWxCYWNrZW5kIiwiX2F1dGhfdXNlcl9oYXNoIjoiZmU5N2RkYWFjNGVmMDJjNWNkNjIxOTY4ZGNjN2ExNDNjMTc4OWRhYSJ9','2018-09-04 16:32:31.269168'),('50928y9ozphvm68m9et3qezqdo1spj4r','NmIwMzZjYjhhZjcyYmRjYWMwMDMwNDcxMThjMmJiZDUyNDhmYjU1ZTp7Il9hdXRoX3VzZXJfaWQiOiIxMiIsIl9hdXRoX3VzZXJfYmFja2VuZCI6ImRqYW5nby5jb250cmliLmF1dGguYmFja2VuZHMuTW9kZWxCYWNrZW5kIiwiX2F1dGhfdXNlcl9oYXNoIjoiODE4ZmUxMTA4NTk3ZDhhZjMyNGM3N2JjM2UzZjkxMDE1NjNjNzNjMiJ9','2018-07-01 21:32:22.339412'),('5uyrixvx5vm913uu4yekdqade8qti47h','NmM0N2RmZWVlODI1NmJmNmU4NWNiNWIxY2M0M2JkZGE5ZDBjNmY0NTp7Il9hdXRoX3VzZXJfYmFja2VuZCI6ImRqYW5nby5jb250cmliLmF1dGguYmFja2VuZHMuTW9kZWxCYWNrZW5kIiwiX2F1dGhfdXNlcl9oYXNoIjoiMDVhMmViZGY0Mjk5MmI4MjMwYzJhYzYyNjczYTM4NDA2MmYwMTNhNCIsIl9hdXRoX3VzZXJfaWQiOiI2In0=','2018-06-04 01:59:35.173500'),('784x3r84zgfhqtfy08zrxsp51ceqpz0o','ZGQwOGE5N2NmOWM2NWIwODU3NmJlMDEyNWRiMjIyNzFjNTNmNzIzODp7Il9hdXRoX3VzZXJfaWQiOiIxMiIsIl9hdXRoX3VzZXJfYmFja2VuZCI6ImRqYW5nby5jb250cmliLmF1dGguYmFja2VuZHMuTW9kZWxCYWNrZW5kIiwiX2F1dGhfdXNlcl9oYXNoIjoiYTQyZGU2ZTE4YjIzM2YxNzQwY2RlMmIzMzQ4NWM4YmQ1YjJmNmQ2NyJ9','2018-07-15 11:56:24.486289'),('855wxys8hendxcttr3dtl9vmnah3bcte','OWJlNWViMDdlYzY5YzkwNGEzZTVkM2FjMDAxNGZjYmM5NGUzMjNiZDp7Il9hdXRoX3VzZXJfaWQiOiI2IiwiX2F1dGhfdXNlcl9iYWNrZW5kIjoiZGphbmdvLmNvbnRyaWIuYXV0aC5iYWNrZW5kcy5Nb2RlbEJhY2tlbmQiLCJfYXV0aF91c2VyX2hhc2giOiIxY2RiNzA4MDMwMWNjYWU4YzEzNDgxOTVjOWZmYjUxOTFjMmM4MTU1In0=','2018-09-07 17:04:37.038057'),('cf5hf4cvqga81jfz2vcu3aophu8142be','MjU2YzRiNDQ1N2QwZDNiYWI2MDk0Y2M4NjY4N2ZmMmI5NjQ5Y2Y1ZTp7Il9hdXRoX3VzZXJfaGFzaCI6ImE0MmRlNmUxOGIyMzNmMTc0MGNkZTJiMzM0ODVjOGJkNWIyZjZkNjciLCJfYXV0aF91c2VyX2JhY2tlbmQiOiJkamFuZ28uY29udHJpYi5hdXRoLmJhY2tlbmRzLk1vZGVsQmFja2VuZCIsIl9hdXRoX3VzZXJfaWQiOiIxMiJ9','2018-08-27 10:12:31.802174'),('d4l3j6jtyqstaa1s7aw4hcin53t9vj0k','Y2E2NWU2ZGUzYjU2NjUzM2Y2OGRkMzkzOGVhNTVjY2Q5ODY1YjFiZTp7Il9hdXRoX3VzZXJfaWQiOiI2IiwiX2F1dGhfdXNlcl9iYWNrZW5kIjoiZGphbmdvLmNvbnRyaWIuYXV0aC5iYWNrZW5kcy5Nb2RlbEJhY2tlbmQiLCJfYXV0aF91c2VyX2hhc2giOiIwNWEyZWJkZjQyOTkyYjgyMzBjMmFjNjI2NzNhMzg0MDYyZjAxM2E0In0=','2018-07-15 09:24:10.851276'),('d6oh0m3xmnof8nmsrwawn3oruqpytme5','ZTQ3YjkzNDhlMzZjZjZmOTU0NTFjZTk2YTk5MDQyYWE4MTYzOGUwNjp7Il9hdXRoX3VzZXJfaWQiOiI2IiwiX2F1dGhfdXNlcl9oYXNoIjoiMDVhMmViZGY0Mjk5MmI4MjMwYzJhYzYyNjczYTM4NDA2MmYwMTNhNCIsIl9hdXRoX3VzZXJfYmFja2VuZCI6ImRqYW5nby5jb250cmliLmF1dGguYmFja2VuZHMuTW9kZWxCYWNrZW5kIn0=','2018-06-21 01:22:26.108087'),('duwfiptwfhue0113avb7nh8naold8r3d','MzYyOWYxZTE2ZDNiMDZhMDk1ZDY3MDU1NTRkNDRmZGNjMjY4NWZhZDp7Il9hdXRoX3VzZXJfaGFzaCI6IjgxOGZlMTEwODU5N2Q4YWYzMjRjNzdiYzNlM2Y5MTAxNTYzYzczYzIiLCJfYXV0aF91c2VyX2lkIjoiMTIiLCJfYXV0aF91c2VyX2JhY2tlbmQiOiJkamFuZ28uY29udHJpYi5hdXRoLmJhY2tlbmRzLk1vZGVsQmFja2VuZCJ9','2018-07-04 18:17:56.965556'),('e1mqkk2gj5g01zryj94lxt2f32rfgjay','M2VmODFhZGFkYTg4ZDhhMDMzODZjZjRkNGMzNTgzOGYyM2NjNDNjOTp7Il9hdXRoX3VzZXJfaGFzaCI6ImE0MmRlNmUxOGIyMzNmMTc0MGNkZTJiMzM0ODVjOGJkNWIyZjZkNjciLCJfYXV0aF91c2VyX2lkIjoiMTIiLCJfYXV0aF91c2VyX2JhY2tlbmQiOiJkamFuZ28uY29udHJpYi5hdXRoLmJhY2tlbmRzLk1vZGVsQmFja2VuZCJ9','2018-07-15 19:06:02.435417'),('fia4ve9lw5lf02ov3h48iwh6n6um5iec','ZDg3NGRhMzc4YWZhOGFjODQ0MjBiYzNmNGY1N2E5MGEwMjdmMDQxMzp7Il9hdXRoX3VzZXJfaGFzaCI6ImZkMjE3NTFhNDAzNDk5YTgxM2NlYjBhMGRmY2MyZDE0Y2RmYjNkNGUiLCJfYXV0aF91c2VyX2JhY2tlbmQiOiJkamFuZ28uY29udHJpYi5hdXRoLmJhY2tlbmRzLk1vZGVsQmFja2VuZCIsIl9hdXRoX3VzZXJfaWQiOiIxIn0=','2018-05-17 12:00:54.558380'),('ftgw1dki1x2rzarkam5pdytylgw8f99s','YzdmMTkyMmIyNWQ0ZjIxZjQ2MjRhMmM3MTk0ZDU2NjJhYjdmMTMxZjp7Il9hdXRoX3VzZXJfaWQiOiIxMSIsIl9hdXRoX3VzZXJfaGFzaCI6ImY0NmE2NzJjNjgzN2FhMmQzZWQ0NTg4OGQ2M2ZhZDgwZTMzNjg4MDEiLCJfYXV0aF91c2VyX2JhY2tlbmQiOiJkamFuZ28uY29udHJpYi5hdXRoLmJhY2tlbmRzLk1vZGVsQmFja2VuZCJ9','2018-06-21 02:20:11.501941'),('hcxql99981gdu39j72epob1jm7wdv8br','YzdmMTkyMmIyNWQ0ZjIxZjQ2MjRhMmM3MTk0ZDU2NjJhYjdmMTMxZjp7Il9hdXRoX3VzZXJfaWQiOiIxMSIsIl9hdXRoX3VzZXJfaGFzaCI6ImY0NmE2NzJjNjgzN2FhMmQzZWQ0NTg4OGQ2M2ZhZDgwZTMzNjg4MDEiLCJfYXV0aF91c2VyX2JhY2tlbmQiOiJkamFuZ28uY29udHJpYi5hdXRoLmJhY2tlbmRzLk1vZGVsQmFja2VuZCJ9','2018-07-16 09:40:18.180248'),('ijlt5qeg95lb5lwto1i6cwunwfl2shl9','YzdmMTkyMmIyNWQ0ZjIxZjQ2MjRhMmM3MTk0ZDU2NjJhYjdmMTMxZjp7Il9hdXRoX3VzZXJfaWQiOiIxMSIsIl9hdXRoX3VzZXJfaGFzaCI6ImY0NmE2NzJjNjgzN2FhMmQzZWQ0NTg4OGQ2M2ZhZDgwZTMzNjg4MDEiLCJfYXV0aF91c2VyX2JhY2tlbmQiOiJkamFuZ28uY29udHJpYi5hdXRoLmJhY2tlbmRzLk1vZGVsQmFja2VuZCJ9','2018-05-23 07:45:00.060108'),('jpy6p5jci04i2mfu0ze1da9wno1v0wb8','OWJlNWViMDdlYzY5YzkwNGEzZTVkM2FjMDAxNGZjYmM5NGUzMjNiZDp7Il9hdXRoX3VzZXJfaWQiOiI2IiwiX2F1dGhfdXNlcl9iYWNrZW5kIjoiZGphbmdvLmNvbnRyaWIuYXV0aC5iYWNrZW5kcy5Nb2RlbEJhY2tlbmQiLCJfYXV0aF91c2VyX2hhc2giOiIxY2RiNzA4MDMwMWNjYWU4YzEzNDgxOTVjOWZmYjUxOTFjMmM4MTU1In0=','2018-09-07 16:42:31.370211'),('mfu86go4c2rzhq1skggepw6ih7cxzm73','OWJlNWViMDdlYzY5YzkwNGEzZTVkM2FjMDAxNGZjYmM5NGUzMjNiZDp7Il9hdXRoX3VzZXJfaWQiOiI2IiwiX2F1dGhfdXNlcl9iYWNrZW5kIjoiZGphbmdvLmNvbnRyaWIuYXV0aC5iYWNrZW5kcy5Nb2RlbEJhY2tlbmQiLCJfYXV0aF91c2VyX2hhc2giOiIxY2RiNzA4MDMwMWNjYWU4YzEzNDgxOTVjOWZmYjUxOTFjMmM4MTU1In0=','2018-09-22 09:39:29.371975'),('pn3bjykufgtbddhuhih5w2kal6tgx1iq','ZTBkOTdkYmJlYWQ5NTZkMDRiOTgyMDc5NWE5N2ZjZGYwZTVhMDY1ZDp7Il9hdXRoX3VzZXJfaGFzaCI6ImZkMjE3NTFhNDAzNDk5YTgxM2NlYjBhMGRmY2MyZDE0Y2RmYjNkNGUiLCJfYXV0aF91c2VyX2lkIjoiMSIsIl9hdXRoX3VzZXJfYmFja2VuZCI6ImRqYW5nby5jb250cmliLmF1dGguYmFja2VuZHMuTW9kZWxCYWNrZW5kIn0=','2018-05-18 13:08:51.617797'),('pqnmmsaz1sg5muiw8ib5s331f7tfyr1l','Y2E2NWU2ZGUzYjU2NjUzM2Y2OGRkMzkzOGVhNTVjY2Q5ODY1YjFiZTp7Il9hdXRoX3VzZXJfaWQiOiI2IiwiX2F1dGhfdXNlcl9iYWNrZW5kIjoiZGphbmdvLmNvbnRyaWIuYXV0aC5iYWNrZW5kcy5Nb2RlbEJhY2tlbmQiLCJfYXV0aF91c2VyX2hhc2giOiIwNWEyZWJkZjQyOTkyYjgyMzBjMmFjNjI2NzNhMzg0MDYyZjAxM2E0In0=','2018-05-21 01:58:38.001976'),('roxd1zmu1bh97947ano9oxclbn29o7kz','NmM0N2RmZWVlODI1NmJmNmU4NWNiNWIxY2M0M2JkZGE5ZDBjNmY0NTp7Il9hdXRoX3VzZXJfYmFja2VuZCI6ImRqYW5nby5jb250cmliLmF1dGguYmFja2VuZHMuTW9kZWxCYWNrZW5kIiwiX2F1dGhfdXNlcl9oYXNoIjoiMDVhMmViZGY0Mjk5MmI4MjMwYzJhYzYyNjczYTM4NDA2MmYwMTNhNCIsIl9hdXRoX3VzZXJfaWQiOiI2In0=','2018-05-19 07:23:37.966561'),('shz86aawnm3e16x8i3vjlfvy7ikhww64','NjIxM2I3ODUxY2NjODRkNDkzNDNlOWQzODRmNGNmYjY5NTRhMmE3YTp7Il9hdXRoX3VzZXJfaWQiOiIxMSIsIl9hdXRoX3VzZXJfYmFja2VuZCI6ImRqYW5nby5jb250cmliLmF1dGguYmFja2VuZHMuTW9kZWxCYWNrZW5kIiwiX2F1dGhfdXNlcl9oYXNoIjoiZjQ2YTY3MmM2ODM3YWEyZDNlZDQ1ODg4ZDYzZmFkODBlMzM2ODgwMSJ9','2018-06-07 02:15:46.919201'),('svrk8jhoi88jppj27d6c690el2gkzerj','MjU2YzRiNDQ1N2QwZDNiYWI2MDk0Y2M4NjY4N2ZmMmI5NjQ5Y2Y1ZTp7Il9hdXRoX3VzZXJfaGFzaCI6ImE0MmRlNmUxOGIyMzNmMTc0MGNkZTJiMzM0ODVjOGJkNWIyZjZkNjciLCJfYXV0aF91c2VyX2JhY2tlbmQiOiJkamFuZ28uY29udHJpYi5hdXRoLmJhY2tlbmRzLk1vZGVsQmFja2VuZCIsIl9hdXRoX3VzZXJfaWQiOiIxMiJ9','2018-07-15 16:18:04.169948'),('t50a604wvt1n9ughhiu4d4c2b2dtqlwd','ZWEyY2M0NTI4Nzk2N2M2NDhlMWMxZWFiNjc2ZTRjMDAyZTAwNGQzNTp7Il9hdXRoX3VzZXJfYmFja2VuZCI6ImRqYW5nby5jb250cmliLmF1dGguYmFja2VuZHMuTW9kZWxCYWNrZW5kIiwiX2F1dGhfdXNlcl9pZCI6IjYiLCJfYXV0aF91c2VyX2hhc2giOiIwNWEyZWJkZjQyOTkyYjgyMzBjMmFjNjI2NzNhMzg0MDYyZjAxM2E0In0=','2018-08-27 10:15:30.692711'),('vd863a0rnp4r684pd2tny7b8n25qyajb','OWJhN2Y3MGJmYmQwZjg4M2MyZWFkOTM0ZTAyMzk5MzAxNmFmYjVjZTp7Il9hdXRoX3VzZXJfaWQiOiIxMSIsIl9hdXRoX3VzZXJfYmFja2VuZCI6ImRqYW5nby5jb250cmliLmF1dGguYmFja2VuZHMuTW9kZWxCYWNrZW5kIiwiX2F1dGhfdXNlcl9oYXNoIjoiYjEyN2VmMTBmOTg4OTNiNzEzZjM0Njg3M2Y3YWI3NDc3NzhmMDI3YiJ9','2018-09-22 09:38:41.392018');
/*!40000 ALTER TABLE `django_session` ENABLE KEYS */;
UNLOCK TABLES;

--
-- Table structure for table `doctor_doctor`
--

DROP TABLE IF EXISTS `doctor_doctor`;
/*!40101 SET @saved_cs_client     = @@character_set_client */;
/*!40101 SET character_set_client = utf8 */;
CREATE TABLE `doctor_doctor` (
  `is_active` tinyint(1) NOT NULL,
  `created_on` datetime(6) NOT NULL,
  `modified_on` datetime(6) NOT NULL,
  `id` int(11) NOT NULL AUTO_INCREMENT,
  `first_name` varchar(25) NOT NULL,
  `last_name` varchar(20) NOT NULL,
  `suffix` varchar(55) NOT NULL,
  `diplomate` varchar(66) NOT NULL,
  `hosp_main_id` int(11) NOT NULL,
  `hours_am` varchar(25) DEFAULT NULL,
  `hours_pm` varchar(25) DEFAULT NULL,
  `telephone` varchar(12) DEFAULT NULL,
  `lic_no` varchar(25) DEFAULT NULL,
  `ptr_no` varchar(25) DEFAULT NULL,
  `s2_no` varchar(25) DEFAULT NULL,
  `created_by_id` int(11) DEFAULT NULL,
  `modified_by_id` int(11) DEFAULT NULL,
  PRIMARY KEY (`id`),
  KEY `doctor_doctor_hosp_main_id_93931b78_fk_doctor_hospital_id` (`hosp_main_id`),
  KEY `doctor_doctor_created_by_id_3ee06f4e_fk_auth_user_id` (`created_by_id`),
  KEY `doctor_doctor_modified_by_id_0b04972c_fk_auth_user_id` (`modified_by_id`),
  CONSTRAINT `doctor_doctor_created_by_id_3ee06f4e_fk_auth_user_id` FOREIGN KEY (`created_by_id`) REFERENCES `auth_user` (`id`),
  CONSTRAINT `doctor_doctor_hosp_main_id_93931b78_fk_doctor_hospital_id` FOREIGN KEY (`hosp_main_id`) REFERENCES `doctor_hospital` (`id`),
  CONSTRAINT `doctor_doctor_modified_by_id_0b04972c_fk_auth_user_id` FOREIGN KEY (`modified_by_id`) REFERENCES `auth_user` (`id`)
) ENGINE=InnoDB AUTO_INCREMENT=2 DEFAULT CHARSET=latin1;
/*!40101 SET character_set_client = @saved_cs_client */;

--
-- Dumping data for table `doctor_doctor`
--

LOCK TABLES `doctor_doctor` WRITE;
/*!40000 ALTER TABLE `doctor_doctor` DISABLE KEYS */;
INSERT INTO `doctor_doctor` VALUES (1,'2018-08-22 08:31:36.820530','2018-08-22 08:31:36.820638',1,'Simon John Eric T.','Flores','M.D., DPBO-HNS','Diplomate - Ears, Nose, Throat - Head and Neck Surgery',1,'10:00 A.M. - 12:00 NN','2:00 P.M. -  4:00 P.M.','420-2217','0092579','1823625',NULL,12,12);
/*!40000 ALTER TABLE `doctor_doctor` ENABLE KEYS */;
UNLOCK TABLES;

--
-- Table structure for table `doctor_hospital`
--

DROP TABLE IF EXISTS `doctor_hospital`;
/*!40101 SET @saved_cs_client     = @@character_set_client */;
/*!40101 SET character_set_client = utf8 */;
CREATE TABLE `doctor_hospital` (
  `is_active` tinyint(1) NOT NULL,
  `created_on` datetime(6) NOT NULL,
  `modified_on` datetime(6) NOT NULL,
  `id` int(11) NOT NULL AUTO_INCREMENT,
  `hosp_name` varchar(25) DEFAULT NULL,
  `created_by_id` int(11) DEFAULT NULL,
  `modified_by_id` int(11) DEFAULT NULL,
  PRIMARY KEY (`id`),
  KEY `doctor_hospital_created_by_id_49f57cf5_fk_auth_user_id` (`created_by_id`),
  KEY `doctor_hospital_modified_by_id_d637e35d_fk_auth_user_id` (`modified_by_id`),
  CONSTRAINT `doctor_hospital_created_by_id_49f57cf5_fk_auth_user_id` FOREIGN KEY (`created_by_id`) REFERENCES `auth_user` (`id`),
  CONSTRAINT `doctor_hospital_modified_by_id_d637e35d_fk_auth_user_id` FOREIGN KEY (`modified_by_id`) REFERENCES `auth_user` (`id`)
) ENGINE=InnoDB AUTO_INCREMENT=2 DEFAULT CHARSET=latin1;
/*!40101 SET character_set_client = @saved_cs_client */;

--
-- Dumping data for table `doctor_hospital`
--

LOCK TABLES `doctor_hospital` WRITE;
/*!40000 ALTER TABLE `doctor_hospital` DISABLE KEYS */;
INSERT INTO `doctor_hospital` VALUES (1,'2018-08-22 08:27:07.000000','2018-08-22 08:27:07.000000',1,'SUMC',12,12);
/*!40000 ALTER TABLE `doctor_hospital` ENABLE KEYS */;
UNLOCK TABLES;

--
-- Table structure for table `patient_image`
--

DROP TABLE IF EXISTS `patient_image`;
/*!40101 SET @saved_cs_client     = @@character_set_client */;
/*!40101 SET character_set_client = utf8 */;
CREATE TABLE `patient_image` (
  `id` int(11) NOT NULL AUTO_INCREMENT,
  `name` varchar(500) NOT NULL,
  `picfile` varchar(100) DEFAULT NULL,
  PRIMARY KEY (`id`)
) ENGINE=InnoDB DEFAULT CHARSET=latin1;
/*!40101 SET character_set_client = @saved_cs_client */;

--
-- Dumping data for table `patient_image`
--

LOCK TABLES `patient_image` WRITE;
/*!40000 ALTER TABLE `patient_image` DISABLE KEYS */;
/*!40000 ALTER TABLE `patient_image` ENABLE KEYS */;
UNLOCK TABLES;

--
-- Table structure for table `patient_occupation`
--

DROP TABLE IF EXISTS `patient_occupation`;
/*!40101 SET @saved_cs_client     = @@character_set_client */;
/*!40101 SET character_set_client = utf8 */;
CREATE TABLE `patient_occupation` (
  `is_active` tinyint(1) NOT NULL,
  `created_on` datetime(6) NOT NULL,
  `modified_on` datetime(6) NOT NULL,
  `id` int(11) NOT NULL AUTO_INCREMENT,
  `name` varchar(50) DEFAULT NULL,
  `created_by_id` int(11) DEFAULT NULL,
  `modified_by_id` int(11) DEFAULT NULL,
  PRIMARY KEY (`id`),
  UNIQUE KEY `name` (`name`),
  KEY `patient_occupation_created_by_id_91c7b6a4_fk_auth_user_id` (`created_by_id`),
  KEY `patient_occupation_modified_by_id_4791874e_fk_auth_user_id` (`modified_by_id`),
  CONSTRAINT `patient_occupation_created_by_id_91c7b6a4_fk_auth_user_id` FOREIGN KEY (`created_by_id`) REFERENCES `auth_user` (`id`),
  CONSTRAINT `patient_occupation_modified_by_id_4791874e_fk_auth_user_id` FOREIGN KEY (`modified_by_id`) REFERENCES `auth_user` (`id`)
) ENGINE=InnoDB AUTO_INCREMENT=220 DEFAULT CHARSET=latin1;
/*!40101 SET character_set_client = @saved_cs_client */;

--
-- Dumping data for table `patient_occupation`
--

LOCK TABLES `patient_occupation` WRITE;
/*!40000 ALTER TABLE `patient_occupation` DISABLE KEYS */;
INSERT INTO `patient_occupation` VALUES (1,'2018-05-05 01:47:07.881630','2018-05-05 01:47:07.881755',1,'Retired',1,1),(1,'2018-05-07 01:56:08.997292','2018-05-07 01:56:08.997476',6,'Student',6,6),(1,'2018-05-07 02:44:29.641198','2018-05-07 02:44:29.641381',11,NULL,6,6),(1,'2018-05-07 03:05:25.870731','2018-05-07 03:05:25.870873',16,NULL,6,6),(1,'2018-05-07 03:14:20.461400','2018-05-07 03:14:20.461534',21,'Sea ferrer',6,6),(1,'2018-05-07 03:36:57.295783','2018-05-07 03:36:57.295912',26,'Dress Cutter/Gown',6,6),(1,'2018-05-16 02:06:58.719551','2018-05-16 02:06:58.719700',31,'Content Editor',6,6),(1,'2018-05-16 02:14:59.914102','2018-05-16 02:14:59.914252',36,'Agriculturist',6,6),(1,'2018-05-16 03:28:59.063341','2018-05-16 03:28:59.063500',41,'Nurse',6,6),(1,'2018-05-16 03:54:47.857954','2018-05-16 03:54:47.858106',46,'Bank Manager',6,6),(1,'2018-05-16 04:47:58.454077','2018-05-16 04:47:58.454205',51,'Government Employee',6,6),(1,'2018-05-16 07:04:55.225068','2018-05-16 07:04:55.225209',56,'Dentist',6,6),(1,'2018-05-17 02:15:03.912094','2018-05-17 02:15:03.912227',61,'Housewife',6,6),(1,'2018-05-17 02:15:07.753159','2018-05-17 02:15:07.753286',66,NULL,6,6),(1,'2018-05-17 03:02:34.274869','2018-05-17 03:02:34.275000',71,'Retired Teacher',6,6),(1,'2018-05-17 04:07:49.904785','2018-05-17 04:07:49.904913',76,'Teaching',6,6),(1,'2018-05-18 05:45:42.870097','2018-05-18 05:45:42.870278',81,'Mechanic',6,6),(1,'2018-05-19 03:35:51.976147','2018-05-19 03:35:51.976278',86,'Bank Employee',6,6),(1,'2018-05-19 04:18:36.973809','2018-05-19 04:18:36.973938',91,'Homebase',6,6),(1,'2018-05-21 02:06:02.506011','2018-05-21 02:06:02.506161',96,'Farmer',6,6),(1,'2018-05-22 06:44:31.896446','2018-05-22 06:44:31.896573',101,'Cashier',6,6),(1,'2018-05-23 01:46:33.280635','2018-05-23 01:46:33.280769',106,'Beautician',6,6),(1,'2018-05-23 02:26:50.068892','2018-05-23 02:26:50.069066',111,'Driver',6,6),(1,'2018-05-23 02:53:26.642139','2018-05-23 02:53:26.642266',116,'Fiscal',6,6),(1,'2018-05-23 03:22:52.195127','2018-05-23 03:22:52.195259',121,'Lawyer',6,6),(1,'2018-05-23 03:33:54.421746','2018-05-23 03:33:54.421875',126,'Rad Tech',6,6),(1,'2018-05-23 06:01:08.106666','2018-05-23 06:01:08.106821',131,'employee',6,6),(1,'2018-05-24 04:42:13.811766','2018-05-24 04:42:13.811898',136,'Cabin  crew',6,6),(1,'2018-05-24 05:58:46.594784','2018-05-24 05:58:46.594926',141,'Businessman',6,6),(1,'2018-05-25 04:08:31.481069','2018-05-25 04:08:31.481219',146,'Nursing Aide',6,6),(1,'2018-05-25 05:54:44.598834','2018-05-25 05:54:44.598962',151,'self employed',6,6),(1,'2018-05-26 02:16:17.159394','2018-05-26 02:16:17.159604',156,'fisherman',6,6),(1,'2018-05-26 02:28:18.544271','2018-05-26 02:28:18.544404',161,'office clerk',6,6),(1,'2018-05-26 06:17:44.478442','2018-05-26 06:17:44.478573',166,'private employee',6,6),(1,'2018-05-26 07:04:01.303298','2018-05-26 07:04:01.303432',171,'Accountant',6,6),(1,'2018-05-29 01:52:35.930256','2018-05-29 01:52:35.930421',176,'OFW',6,6),(1,'2018-05-29 03:22:41.909539','2018-05-29 03:22:41.909666',181,'Engineer',6,6),(1,'2018-05-29 03:32:51.258452','2018-05-29 03:32:51.258590',186,'Fish vendor',6,6),(1,'2018-05-29 03:44:52.168149','2018-05-29 03:44:52.168306',191,'Admin Assistant',6,6),(1,'2018-05-29 04:52:28.607296','2018-05-29 04:52:28.607474',196,'Front Desk',6,6),(1,'2018-05-30 02:32:08.911164','2018-05-30 02:32:08.911293',201,'Draftsman',6,6),(1,'2018-05-30 03:29:07.817207','2018-05-30 03:29:07.817340',206,'cook/hospital',6,6),(1,'2018-06-07 02:42:29.612118','2018-06-07 02:42:29.612247',211,'Sanguniang Bayan',6,6),(1,'2018-09-04 11:14:54.954870','2018-09-04 11:14:54.954971',212,'Welder',6,6),(1,'2018-09-04 12:49:21.616303','2018-09-04 12:49:21.616411',213,'Cooperative staff',6,6),(1,'2018-09-06 10:41:59.375146','2018-09-06 10:41:59.375244',214,'Cook',6,6),(1,'2018-09-06 12:05:54.786233','2018-09-06 12:05:54.786335',215,'Pilot',6,6),(1,'2018-09-06 12:49:56.109620','2018-09-06 12:49:56.109721',216,'Secretary',6,6),(1,'2018-09-06 13:31:41.654568','2018-09-06 13:31:41.654685',217,'Purchasing staff',6,6),(1,'2018-09-07 12:35:13.929666','2018-09-07 12:35:13.929769',218,'Brgy official',6,6),(1,'2018-09-08 09:40:59.372591','2018-09-08 09:40:59.372713',219,'Minister',6,6);
/*!40000 ALTER TABLE `patient_occupation` ENABLE KEYS */;
UNLOCK TABLES;

--
-- Table structure for table `patient_patient`
--

DROP TABLE IF EXISTS `patient_patient`;
/*!40101 SET @saved_cs_client     = @@character_set_client */;
/*!40101 SET character_set_client = utf8 */;
CREATE TABLE `patient_patient` (
  `is_active` tinyint(1) NOT NULL,
  `created_on` datetime(6) NOT NULL,
  `modified_on` datetime(6) NOT NULL,
  `id` int(11) NOT NULL AUTO_INCREMENT,
  `last_name` varchar(25) NOT NULL,
  `first_name` varchar(25) NOT NULL,
  `middle_initial` varchar(1) DEFAULT NULL,
  `contact_num` varchar(15) DEFAULT NULL,
  `address` varchar(50) DEFAULT NULL,
  `date_of_birth` date NOT NULL,
  `pat_pic` varchar(100) DEFAULT NULL,
  `email` varchar(254) DEFAULT NULL,
  `gender` varchar(1) NOT NULL,
  `created_by_id` int(11) DEFAULT NULL,
  `modified_by_id` int(11) DEFAULT NULL,
  `occupation_id` int(11) DEFAULT NULL,
  `town_id` int(11) NOT NULL,
  PRIMARY KEY (`id`),
  KEY `patient_patient_created_by_id_7ffa06e3_fk_auth_user_id` (`created_by_id`),
  KEY `patient_patient_modified_by_id_2743a240_fk_auth_user_id` (`modified_by_id`),
  KEY `patient_patient_occupation_id_ff08a0af_fk_patient_occupation_id` (`occupation_id`),
  KEY `patient_patient_last_name_445358b0` (`last_name`),
  KEY `patient_patient_first_name_038093bf` (`first_name`),
  KEY `patient_patient_town_id_bf66e711_fk_patient_town_id` (`town_id`),
  CONSTRAINT `patient_patient_created_by_id_7ffa06e3_fk_auth_user_id` FOREIGN KEY (`created_by_id`) REFERENCES `auth_user` (`id`),
  CONSTRAINT `patient_patient_modified_by_id_2743a240_fk_auth_user_id` FOREIGN KEY (`modified_by_id`) REFERENCES `auth_user` (`id`),
  CONSTRAINT `patient_patient_occupation_id_ff08a0af_fk_patient_occupation_id` FOREIGN KEY (`occupation_id`) REFERENCES `patient_occupation` (`id`),
  CONSTRAINT `patient_patient_town_id_bf66e711_fk_patient_town_id` FOREIGN KEY (`town_id`) REFERENCES `patient_town` (`id`)
) ENGINE=InnoDB AUTO_INCREMENT=1318 DEFAULT CHARSET=latin1;
/*!40101 SET character_set_client = @saved_cs_client */;

--
-- Dumping data for table `patient_patient`
--

LOCK TABLES `patient_patient` WRITE;
/*!40000 ALTER TABLE `patient_patient` DISABLE KEYS */;
INSERT INTO `patient_patient` VALUES (1,'2018-05-05 01:47:12.459403','2018-05-05 06:54:39.704000',1,'Brown','Gerald','S','5220731','El Pueblo Genovivo','1943-01-24','','gsbrown43@gmail.com','M',1,1,1,1),(1,'2018-05-05 06:56:17.196950','2018-05-05 06:56:17.197077',6,'Tubac','Milagros','S','09064433736',NULL,'1948-06-27','',NULL,'F',1,1,NULL,6),(1,'2018-05-05 07:52:41.550463','2018-05-05 07:52:41.550591',11,'Suasin','Pompeo',NULL,'225-2795','Motong','1950-12-15','',NULL,'M',6,6,NULL,1),(1,'2018-05-07 01:44:30.515324','2018-05-07 01:44:30.515453',16,'Dizon','Gaudiosa','M','422-0250','Aldecoa,daro','1949-03-07','',NULL,'F',6,6,1,1),(1,'2018-05-07 02:02:08.261166','2018-05-07 02:02:08.261294',21,'Flores','Nerizze','l','09360422461','Catcugan,Siquijor','1998-05-01','',NULL,'F',6,6,6,16),(1,'2018-05-07 02:23:45.720747','2018-05-07 02:23:45.720874',26,'Dinglasa','John Louie','O','09177013958','Samboan,Cebu','2008-12-03','',NULL,'M',6,6,NULL,21),(1,'2018-05-07 02:34:09.999822','2018-05-07 02:34:09.999956',31,'Dales','Uriel','T','09750416385','Motong','2003-12-01','',NULL,'M',6,6,6,1),(1,'2018-05-07 02:44:33.436518','2018-05-07 02:44:33.436643',36,'Edrial','Edric','C','09276434366','Sta.Catalina','1961-11-13','',NULL,'M',6,6,11,26),(1,'2018-05-07 02:54:57.824589','2018-05-07 02:54:57.824718',41,'Quirante','Rolf','T','09276913606','Candau-ay','2006-08-14','',NULL,'M',6,6,6,1),(1,'2018-05-07 03:07:37.741214','2018-05-07 03:07:37.741422',46,'Palomar','Vicente','P','09056782980','Zanboanga del norte','1952-01-29','',NULL,'M',6,6,16,31),(1,'2018-05-07 03:14:24.586352','2018-05-07 03:14:24.586481',51,'Garcia','Aldrin','S','09495988177','Obogon','1992-09-27','',NULL,'M',6,6,21,36),(1,'2018-05-07 03:21:04.328814','2018-05-07 03:21:04.328943',56,'Sandalo','Junebar','C','09756377399','Tayasan','1987-06-14','',NULL,'M',6,6,11,41),(1,'2018-05-07 03:37:03.510969','2018-05-07 03:37:03.511092',61,'Yuson','Juliet','D','09169316615','Timbaon','1974-11-10','',NULL,'F',6,6,26,46),(1,'2018-05-07 03:48:04.930931','2018-05-07 03:48:04.931070',66,'Ramas Uypitching','Anietchea',NULL,'09177961631','153 Batinguel','2011-11-26','',NULL,'F',6,6,11,1),(1,'2018-05-07 04:00:29.298949','2018-05-07 04:00:29.299072',71,'Tito','Maribeth','D','0905350300','Tayasan','1975-03-05','',NULL,'F',6,6,11,41),(1,'2018-05-07 04:03:10.923416','2018-05-07 04:03:10.923545',76,'Lacnit','Idan Irwin','M','09285549724','Purok Mapailubon','2006-11-07','',NULL,'M',6,6,6,1),(1,'2018-05-07 04:13:53.278844','2018-05-07 04:13:53.278973',81,'Alcala','Marife','A','09454561501','Jacinto St..District','1972-06-07','',NULL,'F',6,6,NULL,51),(1,'2018-05-07 04:28:08.343886','2018-05-07 04:28:08.344025',86,'Cornelia','Ingrid','S','09175171862','Motong','1979-04-23','',NULL,'F',6,6,11,1),(1,'2018-05-07 04:30:12.325296','2018-05-07 04:30:12.325478',91,'Martus','Narciso Jr','T','09975677333','Manjuyod','1965-12-31','',NULL,'M',6,6,NULL,56),(1,'2018-05-07 04:53:08.824613','2018-05-07 04:53:08.824745',96,'Bokingkito','Dulcesima',NULL,'09974337810','Tayasan','1939-08-22','',NULL,'F',6,6,NULL,41),(1,'2018-05-15 01:40:32.965460','2018-05-16 03:00:25.637945',101,'Quinicot','Beatriz','G','09353031774','Bajumpandan','1946-09-05','',NULL,'F',6,6,NULL,1),(1,'2018-05-15 01:51:44.947543','2018-05-15 01:51:44.947672',106,'Kerr','Geoffrey','M','422-0815','Noreco road,Mangnao','1953-10-27','',NULL,'M',6,6,NULL,1),(1,'2018-05-16 02:07:00.874070','2018-05-16 02:07:00.874205',111,'Nuevo','John Mannie','M','09759308858','Brgy. Cantupa','1993-05-07','',NULL,'M',6,6,31,61),(1,'2018-05-16 02:15:03.106653','2018-05-16 02:15:03.106790',116,'Labradilla','Joseph','F','09267964530','San Miguel','1992-10-07','',NULL,'M',6,6,36,66),(1,'2018-05-16 02:52:27.685696','2018-05-16 03:04:48.919978',121,'Alberto','Joven','S','09758904229','Habitat Balugo 2','1996-11-15','',NULL,'M',6,11,6,1),(1,'2018-05-16 03:16:18.088405','2018-05-16 03:16:18.088535',126,'Ramirez','Ernesto','P','09056186928','Bonawon','1948-10-15','',NULL,'M',6,6,16,71),(1,'2018-05-16 03:29:02.800308','2018-05-16 03:29:02.800441',131,'Dagodog','Marianne','A','09067114461','Purok Libra,Bagacay','1990-07-22','',NULL,'F',6,6,41,1),(1,'2018-05-16 03:35:57.063075','2018-05-16 03:35:57.063202',136,'Garcia','Jose Juan','V','09209459050',NULL,'1963-02-09','',NULL,'M',6,6,NULL,76),(1,'2018-05-16 03:54:50.181094','2018-05-16 03:54:50.181224',141,'Dichoso','William','S','422-6428','Villa Amada Subd','1967-05-03','',NULL,'M',6,6,46,1),(1,'2018-05-16 04:48:01.181821','2018-05-21 03:12:50.813080',146,'Jalali','Jailani','N','09258639522','Poblacion District1','1972-05-27','',NULL,'F',6,6,51,51),(1,'2018-05-16 05:01:55.207953','2018-05-16 05:01:55.208085',151,'Caermare','Elena','D','09382956400','Antipolo,Dapitan','1970-07-04','',NULL,'F',6,6,NULL,86),(1,'2018-05-16 05:05:50.651923','2018-05-16 05:05:50.652055',156,'Elum','Zxyll',NULL,'09269980886','Calvills,Looc','2014-11-01','',NULL,'F',6,6,NULL,1),(1,'2018-05-16 05:21:14.767949','2018-05-16 05:21:14.768076',161,'Planco','Joni','C','09209813773','Taclobo','1968-10-03','',NULL,'F',6,6,NULL,1),(1,'2018-05-16 05:34:59.306089','2018-05-16 05:34:59.306219',166,'Sayre','Segundo','E','09751454523','Gomez St.','1940-01-09','',NULL,'M',6,6,NULL,91),(1,'2018-05-16 05:51:39.174929','2018-05-16 05:51:39.175062',171,'Badon','Gabriel','C','09361408961','Cabangahan, Siaton','2000-04-07','',NULL,'M',6,6,NULL,71),(1,'2018-05-16 05:53:27.869742','2018-05-16 05:53:27.869878',176,'Temblor','Darren Aaron','R','09177800011','Alta Brisa, Isugan Rd, Upper Cantil-e','2010-01-07','',NULL,'M',6,6,NULL,1),(1,'2018-05-16 06:29:01.381692','2018-05-16 06:29:01.381821',181,'Jacoba','Alicia','T','09268346672','Calindagan','1976-10-27','',NULL,'F',6,6,16,1),(1,'2018-05-16 06:42:08.549645','2018-05-16 06:42:08.549777',186,'Ponce de leon','Francis','G','422-6964','Bunao','1947-05-10','',NULL,'F',6,6,NULL,1),(1,'2018-05-16 06:52:06.554043','2018-05-16 07:06:32.088322',191,'Pasigna','Peter Warren','C','09177022958','Poblacion','1970-02-15','',NULL,'M',6,6,56,96),(1,'2018-05-17 02:15:11.567300','2018-05-17 02:15:11.567432',196,'Friolanita','Mailah Jean','O','09061505123','Banga','1989-09-29','',NULL,'F',6,6,66,91),(1,'2018-05-17 02:24:05.991168','2018-05-17 02:24:05.991296',201,'Estrada','Gelfred','A','09270076009','East Balabag','1982-08-18','',NULL,'F',6,6,NULL,101),(1,'2018-05-17 02:39:04.417780','2018-05-17 02:39:04.417905',206,'KIrit','Gea Theresa','R','09173141270','Poblacion 1','2005-02-16','',NULL,'F',6,6,6,71),(1,'2018-05-17 02:44:45.533916','2018-05-17 02:44:45.534045',211,'Eullaran','Marlita','D','4229682','Silliman Avenue','1958-11-21','',NULL,'F',6,6,NULL,1),(1,'2018-05-17 03:02:42.134846','2018-05-17 03:02:42.134982',216,'Monte','Emerita','V','09291520616','Brgy 7','1953-01-15','',NULL,'F',6,6,71,36),(1,'2018-05-17 03:36:18.395835','2018-05-17 03:36:18.395969',221,'Colina','Tobias',NULL,'09757397559','Samboan','1947-11-02','',NULL,'M',6,6,NULL,106),(1,'2018-05-17 03:50:52.702180','2018-05-17 03:50:52.702416',226,'Baylosis','Johan Chester','A','09175589547','Bagacay','2001-06-02','',NULL,'M',6,6,6,1),(1,'2018-05-17 04:07:52.422841','2018-05-17 04:07:52.422967',231,'Quiliope','Annie','S','09061643894','San Miguel','1967-05-14','',NULL,'F',6,6,76,26),(1,'2018-05-17 04:16:56.433407','2018-05-17 04:16:56.433538',236,'Bolandres','Maurita','S','09055471364','Maria','1967-07-13','',NULL,'F',6,6,76,16),(1,'2018-05-17 04:18:35.738770','2018-05-17 04:21:27.414467',241,'Bolandres','Jermaine Miguel','S','09055471364','Maria','2002-01-31','',NULL,'M',6,6,6,16),(1,'2018-05-18 01:59:30.372547','2018-05-18 01:59:30.372677',246,'Chandirakathan','Belen','B',NULL,'Rovira Rd. Pulantubig','2018-05-18','',NULL,'F',6,6,NULL,1),(1,'2018-05-18 02:14:08.022754','2018-05-18 02:14:08.022883',251,'Cais','Antonieta','A','09058269067','Siayan','1955-01-24','',NULL,'F',6,6,NULL,111),(1,'2018-05-18 02:31:23.427214','2018-05-18 02:31:23.427341',256,'Sumalpong','Perlita','P','09163511474','Purok Ipil-ipil,Mangnao','1958-11-27','',NULL,'F',6,6,76,1),(1,'2018-05-18 02:55:20.697452','2018-05-18 02:55:20.697578',261,'Martinez','Sandra',NULL,'09270095534','Lamave House','1996-11-28','',NULL,'F',6,6,NULL,116),(1,'2018-05-18 02:58:24.310696','2018-05-18 02:58:24.310830',266,'Young','Kelvin','O','09154078425','Sta Rosa St','2001-08-17','',NULL,'M',6,6,6,1),(1,'2018-05-18 03:10:12.214422','2018-05-18 03:10:12.214555',271,'Andreu','Cora','B','4153522','Isagani St.,Dike','1946-06-01','',NULL,'F',6,6,1,36),(1,'2018-05-18 03:11:58.297551','2018-05-18 03:11:58.297688',276,'Dela Pena','Mae','F','09759657016','482 Rotea Drive','1969-01-12','',NULL,'F',6,6,61,36),(1,'2018-05-18 03:32:46.718585','2018-05-18 03:32:46.718718',281,'Alamillo','Jovita',NULL,'0915766003','Mabini St','1937-04-10','',NULL,'F',6,6,1,91),(1,'2018-05-18 03:35:01.848721','2018-05-18 03:35:01.848854',286,'Reyes','Annabelle','F','09352380520','Brgy 4','1960-10-28','',NULL,'F',6,6,61,36),(1,'2018-05-18 03:36:39.373950','2018-05-18 03:36:39.374080',291,'Fabe','Ophelia','B','09352080520','Brgy 4','1933-11-13','',NULL,'F',6,6,1,36),(1,'2018-05-18 03:40:57.015059','2018-05-18 03:40:57.015189',296,'Fabe','Henry','B','09184080092','Brgy 4','1970-07-20','',NULL,'M',6,6,NULL,36),(1,'2018-05-18 04:21:26.051683','2018-05-18 04:21:26.051810',301,'Benjamin','Fernando','S','09553350924','Pagatban','1936-05-20','',NULL,'F',6,6,1,91),(1,'2018-05-18 04:42:32.892136','2018-05-18 04:42:32.892271',306,'Bueno','Evelia','C','527-1365','Oracion Drive','1948-01-28','',NULL,'F',6,6,1,1),(1,'2018-05-18 04:46:39.923679','2018-05-18 04:46:39.923811',311,'Jerusalem','Gay','B','09069558405','Candanay Norte','1973-07-03','',NULL,'F',6,6,NULL,16),(1,'2018-05-18 05:01:51.859849','2018-05-18 05:01:51.859979',316,'Daniel','Gina','B','09358733875','Tinago','1971-02-04','',NULL,'F',6,6,NULL,16),(1,'2018-05-18 05:03:32.033566','2018-05-18 05:03:32.033699',321,'Zerna','Rosario','C','09471665943','Brgy 8','1951-10-15','',NULL,'F',6,6,71,36),(1,'2018-05-18 05:19:27.327253','2018-05-18 05:19:27.327390',326,'Belga','Rene','C','09175040194','Tandayag','1964-10-28','',NULL,'M',6,6,51,6),(1,'2018-05-18 05:45:44.729060','2018-05-18 05:45:44.729193',331,'Soriano','Eugenio','L','09295018368','Tabuc-tubig','2018-05-18','',NULL,'M',6,6,81,1),(1,'2018-05-18 06:10:00.505643','2018-05-18 06:10:00.505777',336,'Rone','Shirley','T','09061572235','Canggumantong','1965-07-06','',NULL,'F',6,6,NULL,121),(1,'2018-05-18 06:11:34.102153','2018-05-18 06:11:34.102325',341,'Rone','Antonino','S','09051354810','Canggumantong','1968-02-11','',NULL,'M',6,6,NULL,121),(1,'2018-05-18 06:24:20.765097','2018-05-18 06:24:20.765228',346,'Torado','Cristita','B','09129483276','Aliis','1952-10-27','',NULL,'F',6,6,61,91),(1,'2018-05-18 06:28:49.013208','2018-05-18 06:28:49.013341',351,'Daliong','Carlina','P','09777296128','Cimafranca Subd,Daro','1942-03-08','',NULL,'F',6,6,1,1),(1,'2018-05-18 07:07:36.683038','2018-05-18 07:07:36.683171',356,'Crayo','Ronnel','T','09056545443','Lacsa,Bonawon','1999-03-24','',NULL,'M',6,6,6,71),(1,'2018-05-19 02:12:02.091080','2018-05-19 02:12:02.091221',361,'Nuique','Felian','R','09556996921','Bonawon','1988-10-10','',NULL,'F',6,6,NULL,71),(1,'2018-05-19 02:16:02.377504','2018-05-19 02:16:02.377656',366,'Duhaylungsod','Edita','M','09264246436','Tandanay Sur','1972-06-10','',NULL,'F',6,6,61,16),(1,'2018-05-19 02:30:48.626084','2018-05-19 02:30:48.626242',371,'Mission','Elnora','N','421-1665','Motong','1941-12-29','',NULL,'F',6,6,1,1),(1,'2018-05-19 02:34:13.108216','2018-05-19 02:34:13.108351',376,'Equia','Leonila','P','09352130516','Nonoc','1962-01-10','',NULL,'M',6,6,61,126),(1,'2018-05-19 03:01:52.775590','2018-05-19 03:01:52.775719',381,'Ojales','Felix','S','09066959846','Cantil e','1955-02-03','',NULL,'M',6,6,16,1),(1,'2018-05-19 03:10:45.223094','2018-05-19 03:10:45.223223',386,'Ambayec','John  Walden','R','09973298268','San ROque','1999-02-01','',NULL,'M',6,6,NULL,131),(1,'2018-05-19 03:22:45.821363','2018-05-19 03:22:45.821491',391,'Lampaog','Honorato','I','09222323470','Poblacion','1968-01-18','',NULL,'M',6,6,NULL,136),(1,'2018-05-19 03:37:33.647044','2018-05-19 03:37:33.647174',396,'Damaso','Dorisa','B','09177299757','Camanjac','1985-06-27','',NULL,'F',6,6,86,1),(1,'2018-05-19 03:39:04.803776','2018-05-19 03:39:04.803909',401,'Jalali','Sittie Elaicah','N','09261789154','Poblacion District1','2000-10-21','',NULL,'F',6,6,6,51),(1,'2018-05-19 04:13:54.089562','2018-05-19 04:13:54.089692',406,'Caballero','Crisanta','V','09553901337','Motong','1947-11-01','',NULL,'M',6,6,NULL,1),(1,'2018-05-19 04:19:03.102519','2018-05-19 04:19:03.102646',411,'Gajo','Carmina','R','09978037170','Piapi','1993-05-13','',NULL,'F',6,6,91,1),(1,'2018-05-19 04:22:55.935474','2018-05-19 04:22:55.935612',416,'Suasin','Cheryl','D','09056425722','Purok Mahusay,Motong','1986-03-25','',NULL,'F',6,6,61,1),(1,'2018-05-19 04:38:32.174051','2018-05-19 04:38:32.174183',421,'Paler','Epitacio','P','09352111071','Maloh','1949-12-09','',NULL,'M',6,6,NULL,71),(1,'2018-05-19 04:57:52.487889','2018-05-19 04:57:52.488025',426,'Ausejo','Cristine Mae','L','09176292257','Bagacay','1993-06-15','',NULL,'F',6,6,76,1),(1,'2018-05-19 05:17:00.304505','2018-05-19 05:17:00.304632',431,'Mana ay','Rey','L','09367239872','Boloc-Boloc','1968-10-03','',NULL,'F',6,6,NULL,141),(1,'2018-05-21 02:01:47.532218','2018-05-21 02:01:47.532357',436,'Galve','Viador','G','09392946523','Bethlehem,Polanco','1952-11-01','',NULL,'M',6,6,NULL,111),(1,'2018-05-21 02:06:48.533486','2018-05-21 02:06:48.533616',441,'Nuevo','Nilo','Y','09973085209','San Jose','1963-09-19','',NULL,'M',6,6,96,61),(1,'2018-05-21 02:13:06.538787','2018-05-21 02:13:06.538915',446,'Dales','Adela','V','09215160500','South Poblacion','1957-12-21','',NULL,'F',6,6,1,101),(1,'2018-05-21 02:31:00.568944','2018-05-21 02:31:00.569080',451,'Gio','Mariah Aunica','S','09266214482','Locsin Village, Boloc Boloc','2008-12-18','',NULL,'F',6,6,6,141),(1,'2018-05-21 02:43:58.493300','2018-05-21 02:43:58.493428',456,'Lopez','Gabriel Xander','N','422-5203','Piapi','2018-02-12','',NULL,'M',6,6,NULL,1),(1,'2018-05-21 03:00:42.477365','2018-05-21 03:00:42.477495',461,'Limuaco','Richard','V','09264572589','245 Pulantubig','1987-07-27','',NULL,'M',6,6,16,1),(1,'2018-05-21 03:45:32.726545','2018-05-21 03:45:32.726672',466,'Apordo','Edith','F','09057252100','Dumolog','1952-03-28','',NULL,'M',6,6,16,146),(1,'2018-05-21 03:53:46.815333','2018-05-21 03:53:46.815506',471,'Reckling','Ty','M','09179798061','Poblacion','1959-03-06','',NULL,'M',6,6,1,51),(1,'2018-05-21 04:06:46.201874','2018-05-21 04:06:46.202006',476,'Gaudan','Jey Rose','A','09278937971','Mambaid','2002-03-08','',NULL,'F',6,6,6,151),(1,'2018-05-21 04:36:36.932860','2018-05-21 04:36:36.932989',481,'Cuizon','Jhonna Jane','C','09173328106','Northern Junob','1996-06-20','',NULL,'F',6,6,16,1),(1,'2018-05-21 05:08:03.676074','2018-05-21 05:08:03.676210',486,'GUevarra','Gie-ar Esikiel','G','09759308361','Azagra','2011-05-28','',NULL,'M',6,6,NULL,36),(1,'2018-05-21 05:13:01.805812','2018-05-21 05:33:10.369614',491,'Maglinte','Archer','M','09284413847','Lasola Drive,Piapi','1954-02-27','',NULL,'M',6,6,16,1),(1,'2018-05-21 05:37:35.377581','2018-05-21 05:37:35.377716',496,'Kitane','Alexandra','F','09284339539','Pulantubig','2014-12-18','',NULL,'F',6,6,NULL,1),(1,'2018-05-21 05:56:41.293562','2018-05-21 05:56:41.293703',501,'Bejar','Jesa','P','09559333481','Crossing,Taclobo','2000-08-20','',NULL,'F',6,6,NULL,1),(1,'2018-05-21 06:23:10.016050','2018-05-21 06:23:10.016182',506,'Orlino','Remedios','V','09194541463','Poblacion','1927-11-07','',NULL,'F',6,6,NULL,146),(1,'2018-05-21 06:46:29.777391','2018-05-21 06:46:29.777528',511,'Patenio','Jenelyn','A','09551202974','Poblacion','1990-06-10','',NULL,'F',6,6,NULL,96),(1,'2018-05-21 07:04:17.477304','2018-05-21 07:04:17.477436',516,'Badon','Alberto','Q',NULL,NULL,'1952-11-15','',NULL,'M',6,6,NULL,146),(1,'2018-05-22 02:18:55.920436','2018-05-22 02:18:55.920567',521,'Canfield','Brenton',NULL,'09355310865','Poblacion','2005-11-07','',NULL,'M',6,6,6,91),(1,'2018-05-22 02:46:09.477721','2018-05-22 02:46:09.477847',526,'Navarro','Nelly','T','09056256344','Tambacan','1956-07-12','',NULL,'F',6,6,61,91),(1,'2018-05-22 05:27:20.989839','2018-05-22 05:27:20.989973',531,'Sombilon','Maria Elizabeth','C','09561076133','Brgy 6','1961-04-26','',NULL,'F',6,6,61,36),(1,'2018-05-22 06:04:57.062641','2018-05-22 06:04:57.062769',536,'Gica','Francisco Sr','B','09177006123','Burgos St','1938-07-24','',NULL,'M',6,6,1,71),(1,'2018-05-22 06:26:17.504284','2018-05-22 06:26:17.504431',541,'Pinero','Almer','T','09071459650','Brgy Pitogo','1981-09-19','',NULL,'M',6,6,NULL,61),(1,'2018-05-22 06:34:54.503334','2018-05-22 06:34:54.503472',546,'COrtes','Joe Marlowe','B','09771802023','Poblacio','1978-06-19','',NULL,'M',6,6,NULL,16),(1,'2018-05-22 06:44:36.075486','2018-05-22 06:44:36.075626',551,'KIlongkilong','Menchie Mae','T','09953954317','Tongo','1982-05-09','',NULL,'F',6,6,101,36),(1,'2018-05-22 06:53:15.390167','2018-05-22 06:53:15.390295',556,'Vecino','Grena','B','09352938729','Simborio','1994-01-04','',NULL,'F',6,6,16,156),(1,'2018-05-22 07:14:43.457125','2018-05-22 07:14:43.457253',561,'Pyponco','Rhia Jane','C','09368310814','Sundu an','1999-03-29','',NULL,'F',6,6,6,56),(1,'2018-05-22 07:17:19.083263','2018-05-22 07:17:19.083395',566,'GUevarra','Odiessy Athena','C','09156613174','Brgy 4','2002-11-03','',NULL,'F',6,6,6,36),(1,'2018-05-22 07:19:10.911105','2018-05-22 07:19:10.911236',571,'Reyes','Eleazar','C','09268340116','Brgy 7','1961-06-26','',NULL,'M',6,6,81,36),(1,'2018-05-22 08:33:15.535852','2018-05-22 08:57:54.697796',576,'Abordo','Sophia',NULL,'09751903422','Tupas','1932-09-30','',NULL,'F',6,6,16,56),(1,'2018-05-23 01:38:38.550108','2018-05-23 01:38:38.550239',581,'Maquiling','Louella','E','09565870704','Ajong','1981-12-11','',NULL,'F',6,6,16,141),(1,'2018-05-23 01:46:41.100140','2018-05-23 01:46:41.100276',586,'Canque','Ruby','B','09971357558','Laguna','1969-09-02','',NULL,'F',6,6,106,1),(1,'2018-05-23 01:57:51.966436','2018-05-23 01:57:51.966560',591,'Calijan','NOrma','I','09478309428','Uptown, Mabigo','1951-07-29','',NULL,'F',6,6,NULL,161),(1,'2018-05-23 02:26:20.515450','2018-05-23 02:26:52.864153',596,'Anasario','Russel','S','09264029254','Panabonan','1982-10-07','',NULL,'M',6,6,111,166),(1,'2018-05-23 02:29:22.007727','2018-05-23 02:29:22.007855',601,'Gargar','Violeta','V','09067723761','Osmena','1947-04-17','',NULL,'F',6,6,1,96),(1,'2018-05-23 02:41:42.065991','2018-05-23 02:41:42.066135',606,'Austria','Bryan lynn','S','09067238817','Cangmunag','1985-02-06','',NULL,'M',6,6,16,46),(1,'2018-05-23 02:53:32.230351','2018-05-23 02:53:32.230480',611,'Catalan','Kelly','T','09173142242','Poblacion','1973-02-17','',NULL,'M',6,6,116,26),(1,'2018-05-23 03:20:11.191273','2018-05-23 03:20:11.191402',616,'Del Carmen','Sofia','T','09163858539','Claytown,Daro','2011-08-17','',NULL,'F',6,6,NULL,1),(1,'2018-05-23 03:23:02.068308','2018-05-23 03:23:02.068440',621,'Del Carmen','Sherwin','G','09163858539','Claytown,Daro','1976-06-16','',NULL,'M',6,6,121,1),(1,'2018-05-23 03:33:57.247086','2018-05-23 03:33:57.247221',626,'Morqueda','Eric','D','09970666837','South Poblacion','1993-10-18','',NULL,'M',6,6,126,66),(1,'2018-05-23 05:14:56.016381','2018-05-23 05:14:56.016510',631,'KIrit','Jaeram','r','09971857334','Poblacion 1','1998-12-07','',NULL,'M',6,6,6,71),(1,'2018-05-23 05:28:02.821404','2018-05-23 05:28:02.821538',636,'Mora','Janice','S','09055455813','Tandayag','1980-11-02','',NULL,'F',6,6,16,6),(1,'2018-05-23 05:34:32.418615','2018-05-23 05:34:32.418748',641,'Fortuito','Cherry Joy','S','09193168875','Duldol','1994-12-01','',NULL,'F',6,6,61,66),(1,'2018-05-23 06:01:09.563767','2018-05-23 06:01:09.563896',646,'Salboro','Hermosila','E','2253733','c/o Silliman','1962-12-06','',NULL,'F',6,6,131,1),(1,'2018-05-23 06:05:10.784220','2018-05-23 06:05:10.784355',651,'Montemayor','Suzanna','Q','09953954745','Sandulot','1988-10-16','',NULL,'F',6,6,61,71),(1,'2018-05-23 06:21:07.847150','2018-05-23 06:21:07.847287',656,'Tuballa','Rica','P','09754738387','Masaplod Norte','1985-08-20','',NULL,'F',6,6,76,51),(1,'2018-05-23 06:43:45.101012','2018-05-23 06:43:45.101175',661,'Gadingan','Dandy','C','09559104895','HUdjo Giliga on','1991-04-03','',NULL,'M',6,6,NULL,71),(1,'2018-05-23 06:46:08.498754','2018-05-23 06:46:08.498882',666,'Cernal','Betty','C','09970668498','Inawasan,','2005-01-25','',NULL,'M',6,6,6,156),(1,'2018-05-24 02:09:28.607607','2018-05-24 02:09:28.607806',671,'Eullaran','Alejandro Jr','A','09367416782','Magatas','1981-01-01','',NULL,'M',6,6,51,141),(1,'2018-05-24 02:17:47.533118','2018-05-24 02:17:47.533247',676,'Anito','Joanna Marie','B','09177207636','Banilad,','1994-05-03','',NULL,'F',6,6,76,1),(1,'2018-05-24 02:28:52.696131','2018-05-24 02:28:52.696262',681,'Tuble','Francisco Sr','T','09068883489','Magsaysay','1939-08-31','',NULL,'M',6,6,1,51),(1,'2018-05-24 02:51:08.129256','2018-05-24 02:51:08.129387',686,'Lawas','Kristoffer','F','09177140954','Banilad','1992-05-23','',NULL,'M',6,6,NULL,1),(1,'2018-05-24 03:34:14.800816','2018-05-24 03:34:14.800945',691,'Jarabay','Jaywell  Ritz','C','09192159556','Cabanlotan','2006-05-08','',NULL,'F',6,6,6,76),(1,'2018-05-24 03:46:27.964020','2018-05-24 03:46:27.964167',696,'Quezon','Ashlee','S','09473109918','Cangmohao','2012-09-19','',NULL,'F',6,6,6,16),(1,'2018-05-24 04:10:55.813461','2018-05-24 04:10:55.813603',701,'Uy','Iverson Kent','A','09128498461','Colon','1997-09-28','',NULL,'M',6,6,6,1),(1,'2018-05-24 04:16:02.138249','2018-05-24 04:16:02.138471',706,'Rio','Irma','D','09555185645','Tubod','1956-12-29','',NULL,'F',6,6,61,1),(1,'2018-05-24 04:42:17.795820','2018-05-24 04:42:17.795946',711,'Jayari','Candice','A','09177011097','Batinguel','1992-04-13','',NULL,'F',6,6,136,1),(1,'2018-05-24 04:47:13.041569','2018-05-24 04:47:13.041699',716,'Luang','Dolores','B','09351800618','Olandao','1968-02-27','',NULL,'F',6,6,NULL,171),(1,'2018-05-24 04:56:32.387048','2018-05-24 04:56:32.387186',721,'Maghinay','John',NULL,'09165681997','Catambo-an','2011-06-03','',NULL,'M',6,6,6,126),(1,'2018-05-24 05:17:31.212483','2018-05-24 05:17:31.212628',726,'Gentuya','Cheska Suzanne','G','09157808746','Pulantubig','2001-01-10','',NULL,'F',6,6,6,1),(1,'2018-05-24 05:38:28.637633','2018-05-24 05:38:28.637762',731,'Cadiz','LOisa',NULL,'09972162522','Upper Batinguel','1999-05-18','',NULL,'F',6,6,6,1),(1,'2018-05-24 05:43:01.639160','2018-05-24 05:43:01.639310',736,'Birtudazo','Edsel','B',NULL,'Okiot','2013-01-29','',NULL,'M',6,6,NULL,76),(1,'2018-05-24 05:48:30.086261','2018-05-24 05:48:30.086394',741,'Tahum','Prickly','A','09068965931','Tongo','2001-06-08','',NULL,'M',6,6,6,16),(1,'2018-05-24 05:58:52.158878','2018-05-24 05:58:52.159010',746,'Hernandez','Herbert','F','09158229119','Panabonan','1966-10-23','',NULL,'M',6,6,141,76),(1,'2018-05-24 06:15:32.050928','2018-05-24 06:15:32.051074',751,'Tahum','Rosely',NULL,NULL,'Tongo','2018-05-24','',NULL,'F',6,6,NULL,16),(1,'2018-05-24 06:37:51.636074','2018-05-24 06:37:51.636220',756,'Olis','Joel','R','09196296978','Brgy 4','1968-10-13','',NULL,'M',6,6,16,36),(1,'2018-05-24 06:54:48.982262','2018-05-24 06:54:48.982394',761,'Gador','Robie Jhimz','C','09282535431','Looc','2014-07-14','',NULL,'M',6,6,NULL,136),(1,'2018-05-24 07:03:57.956664','2018-05-24 07:03:57.956791',766,'Villasis','Regie','D','09173143246','Cadawinonan','1987-12-28','',NULL,'M',6,6,NULL,1),(1,'2018-05-24 07:10:02.597365','2018-05-24 07:10:02.597490',771,'Pernito','Jade Joshua','C','09173932650','Upper Motong','2001-02-13','',NULL,'M',6,6,6,1),(1,'2018-05-24 07:30:38.026823','2018-05-24 07:30:38.026990',776,'Avanzado','Jhon Zean Rex',NULL,'09258763027','Buntod','2013-11-17','',NULL,'M',6,6,NULL,66),(1,'2018-05-24 07:33:27.370593','2018-05-24 07:33:27.370722',781,'Japin','Ann Gabrielle','V','09329257929','Villaluz Village Maslog','2011-11-03','',NULL,'F',6,6,NULL,141),(1,'2018-05-24 08:12:31.641947','2018-05-24 08:12:31.642074',786,'Avenido','Rogelio','M','09065477554','Tayco St,Poblacion','1947-11-18','',NULL,'M',6,6,NULL,176),(1,'2018-05-25 01:33:27.034778','2018-05-25 01:33:27.034910',791,'Ramos','Kathlyn','C','09177067744','Villarosa','1987-08-12','',NULL,'F',6,6,86,1),(1,'2018-05-25 01:37:16.272293','2018-05-25 01:37:16.272437',796,'Ramos','Nilo','C',NULL,'Villarosa','1948-11-23','',NULL,'M',6,6,1,141),(1,'2018-05-25 01:50:10.427823','2018-05-25 01:50:10.427966',801,'Bucad','Danikka','T','09056144893','Malabugas','2001-10-31','',NULL,'F',6,6,6,91),(1,'2018-05-25 01:56:29.420190','2018-05-25 01:56:29.420321',806,'del Mar','Rio',NULL,'09559783089','Tambisan','2003-09-28','',NULL,'F',6,6,6,46),(1,'2018-05-25 02:05:06.378518','2018-05-25 02:05:06.378647',811,'Ansok','Samuel','S','09277115952','Cantil e','1963-05-08','',NULL,'M',6,6,16,1),(1,'2018-05-25 02:31:25.052025','2018-05-25 02:31:25.052155',816,'Dugan','Tiburcio','S','09122103063','Dalakit','1941-08-11','',NULL,'M',6,6,1,181),(1,'2018-05-25 02:33:44.756596','2018-05-25 02:33:44.756725',821,'Callao','Preciosa','T','09088879749','Tugas Piapi','1950-09-30','',NULL,'F',6,6,1,1),(1,'2018-05-25 02:37:20.879721','2018-05-25 02:37:20.879855',826,'Cantley','Larry','W','09161720525','Tabuc-tubig','1940-07-18','',NULL,'M',6,6,1,1),(1,'2018-05-25 02:48:02.114872','2018-05-25 02:48:02.115002',831,'Sun','Chad Nathaniel','M','09275305063','Blk 9 Lot 10 Villarosa Subd Maslog','2000-07-12','',NULL,'M',6,6,6,141),(1,'2018-05-25 03:45:08.576511','2018-05-25 03:45:08.576642',836,'Tumulak','Renfredo Sr','V','09161706496','Tinaogan','1941-09-18','',NULL,'M',6,6,16,146),(1,'2018-05-25 04:08:35.745562','2018-05-25 04:08:35.745703',841,'Fonollera','Marlina','O','09362170134','Tubtubon','1968-07-02','',NULL,'F',6,6,146,141),(1,'2018-05-25 04:21:34.055536','2018-05-25 04:21:34.055678',846,'Malhin','Lelly',NULL,'09260828284','Larena Drive','1976-02-02','',NULL,'F',6,6,61,1),(1,'2018-05-25 04:34:30.602807','2018-05-25 04:34:30.602958',851,'Villagracia','Prince Carl Angelo','G','09652049413','Azagra','1999-09-15','',NULL,'M',6,6,6,36),(1,'2018-05-25 04:37:33.817866','2018-05-25 04:37:33.817997',856,'Vallejo','Douglas','B','o9179621341','Pulantubig','1942-01-17','',NULL,'M',6,6,16,1),(1,'2018-05-25 05:11:50.894996','2018-05-25 05:11:50.895133',861,'Vendiola','Elvira','A','09358639530','Mambaid','1962-07-21','',NULL,'F',6,6,6,151),(1,'2018-05-25 05:18:28.502776','2018-05-25 05:18:28.502906',866,'Pajunar','Pantaleon','C','09353272326','Poblacion','2001-01-21','',NULL,'M',6,6,6,26),(1,'2018-05-25 05:43:57.946236','2018-05-25 05:44:41.694358',871,'Pacatang','Jhone Antony','T','09063867568','Bagacay','1992-04-22','',NULL,'M',6,6,NULL,126),(1,'2018-05-25 06:01:27.456104','2018-05-25 06:01:27.456236',876,'Romano','Xyne','D','09952529942','Poblacion','2005-12-08','',NULL,'F',6,6,6,186),(1,'2018-05-25 06:11:53.682997','2018-05-25 06:11:53.683127',881,'Balungcas','Adonis','L','09330916121','Lapaz','1965-03-14','',NULL,'M',6,6,16,76),(1,'2018-05-26 02:10:36.425007','2018-05-26 02:10:36.425136',886,'Ghimire','Subhani',NULL,'09270245063','Piapi','2000-12-11','',NULL,'F',6,6,6,1),(1,'2018-05-26 02:16:20.204695','2018-05-26 02:16:20.204840',891,'Cimafranca','Art','O','09351935368','Cang  alwang','1975-09-08','',NULL,'M',6,6,156,16),(1,'2018-05-26 02:19:35.004178','2018-05-26 02:19:35.004311',896,'Dagonton','Julia','Z','09068994372','Matu-og','1942-10-07','',NULL,'F',6,6,16,41),(1,'2018-05-26 02:28:22.026258','2018-05-26 02:28:22.026388',901,'Hamis','Alma','J','09355250865','Balugo','1975-10-07','',NULL,'F',6,6,161,1),(1,'2018-05-26 02:47:43.979085','2018-05-26 02:47:43.979211',906,'Crusio','Marialen','Q','421-2143','Cantilo','1986-05-08','',NULL,'F',6,6,61,156),(1,'2018-05-26 03:13:41.898059','2018-05-26 03:13:41.898196',911,'De La Cruz','Hermoine Sheirwell',NULL,'09171373511','North Poblacion','2015-01-02','',NULL,'M',6,6,NULL,126),(1,'2018-05-26 03:16:26.408708','2018-05-26 03:16:26.408862',916,'Bayotas','Rosemarie','F','09102109389','Bulado','1952-07-04','',NULL,'F',6,6,61,96),(1,'2018-05-26 03:30:36.569754','2018-05-26 03:30:36.569881',921,'Calijan','Errol','P','09262677174','GB Subd,Poblacion','1953-08-21','',NULL,'M',6,6,1,1),(1,'2018-05-26 03:41:30.717971','2018-05-26 03:41:30.718104',926,'Diao','Aaron','R','09274596447','Maslog','1994-01-10','',NULL,'M',6,6,6,141),(1,'2018-05-26 03:55:18.707472','2018-05-26 03:55:18.707643',931,'Generalao','Elgie','P','09152770644','Pangi','1956-09-10','',NULL,'F',6,6,41,16),(1,'2018-05-26 04:12:10.006545','2018-05-26 04:55:00.821871',936,'Sermagno','Shifra Adrea Iresse','C','09367237827','Batinguel','2003-12-29','',NULL,'F',6,6,6,1),(1,'2018-05-26 04:25:51.263882','2018-05-26 04:25:51.264012',941,'Miranda','Celso',NULL,'09186274309','Tandayag','1956-05-20','',NULL,'M',6,6,1,6),(1,'2018-05-26 04:57:15.607612','2018-05-26 04:57:15.607750',946,'Banogon','Danny Mark','L',NULL,'Luca','2011-08-06','',NULL,'M',6,6,6,36),(1,'2018-05-26 05:21:07.028160','2018-05-26 05:21:07.028294',951,'Fernandez','Phil Jei','A','09052610797','BAg ong Dalan,San Jose','2012-07-06','',NULL,'M',6,6,NULL,1),(1,'2018-05-26 05:23:17.752720','2018-05-26 05:23:17.752847',956,'Medes','Alyssa Gabrielle',NULL,'09979154853','Pancil','2013-01-12','',NULL,'F',6,6,6,36),(1,'2018-05-26 05:36:52.738305','2018-05-26 05:36:52.738445',961,'Omisol','Angelica Mae','B',NULL,'Salag,','2010-07-26','',NULL,'F',6,6,6,71),(1,'2018-05-26 06:17:47.292702','2018-05-26 06:17:47.292835',966,'Villo','Claver','P','09174892461','San Antonio','1969-09-09','',NULL,'M',6,6,166,141),(1,'2018-05-26 06:35:22.371862','2018-05-26 06:43:35.374501',971,'Epa','Trixy Ann Marie','D','09353152566','Brgy Hangyad','2012-10-29','',NULL,'F',6,6,NULL,76),(1,'2018-05-26 06:42:17.332968','2018-05-26 06:42:17.333102',976,'Chavez','Clarise Gale','B','09059487063','Poblacion','2009-04-11','',NULL,'F',6,6,NULL,186),(1,'2018-05-26 07:23:55.665012','2018-05-26 07:23:55.665145',981,'Ege','Shaira Mae','P','09067051348','Brgy 2','1996-05-13','',NULL,'F',6,6,171,71),(1,'2018-05-26 07:29:41.282724','2018-05-26 07:29:41.282857',986,'Juan','Sophia Argel','D','09356388369','Bacong','2012-09-05','',NULL,'F',6,6,NULL,191),(1,'2018-05-28 01:41:06.796641','2018-05-28 01:41:06.796778',991,'Gabutero','Annilyn','L','09208353284','Tab ang','2008-07-01','',NULL,'F',6,6,6,91),(1,'2018-05-28 01:43:22.132229','2018-05-28 01:43:22.132409',996,'Gersan','Quine Ezra','D','09262462498','Narra','2016-06-08','',NULL,'F',6,6,NULL,91),(1,'2018-05-28 02:08:41.814028','2018-05-28 02:08:41.814160',1001,'Mahinay','Florencia','G','09176860810','Jawaan','1955-01-04','',NULL,'F',6,6,1,186),(1,'2018-05-28 02:16:58.768701','2018-05-28 02:16:58.768833',1006,'Briones','Jo Anthony','C','09954485262','Tabuc-tubig','1987-01-10','',NULL,'M',6,6,151,1),(1,'2018-05-28 02:18:42.406362','2018-05-28 02:18:42.406517',1011,'Elnas','Gaudencia','C','09278967316','Poblacion 1','1944-10-10','',NULL,'F',6,6,1,51),(1,'2018-05-28 02:41:40.817114','2018-05-28 02:41:40.817246',1016,'Lago','Jenesusa',NULL,'09177712744','Judyville','1976-12-25','',NULL,'F',6,6,NULL,141),(1,'2018-05-28 02:55:16.947698','2018-05-28 02:55:16.947825',1021,'Levick','Lailanie','L','09177712744','Judyville','2004-01-14','',NULL,'F',6,6,6,141),(1,'2018-05-28 02:57:00.398965','2018-05-28 02:57:00.399112',1026,'Levick','Kristian','L','09177712744','Judyville','2002-07-31','',NULL,'M',6,6,6,141),(1,'2018-05-28 02:58:13.940144','2018-05-28 02:58:13.940276',1031,'Levick','Lani','L','09177712744','Judyville','1967-09-13','',NULL,'F',6,6,NULL,141),(1,'2018-05-28 03:35:55.800721','2018-05-28 03:35:55.800850',1036,'Aquino','Rhaine','L','09177712744','Judyville','2011-11-05','',NULL,'M',6,6,NULL,141),(1,'2018-05-28 03:42:27.106657','2018-05-28 03:42:27.106796',1041,'Ramirez','Alma',NULL,'09778179053','Batinguel','1972-05-25','',NULL,'F',6,6,151,1),(1,'2018-05-28 03:57:01.602546','2018-05-28 03:57:01.602677',1046,'Samson','Charmaine','S','09107041297','Daro','1975-07-29','',NULL,'F',6,6,61,1),(1,'2018-05-28 04:07:01.359170','2018-05-28 04:07:01.359304',1051,'Sibuco','Arcelita','N','09972231312','Lutao','1972-09-01','',NULL,'F',6,6,16,66),(1,'2018-05-28 04:23:45.520245','2018-05-28 04:23:45.520459',1056,'Pagharion','Victorioso',NULL,'09197648528','Amparo\'s Village','1956-07-21','',NULL,'M',6,6,51,91),(1,'2018-05-29 01:57:15.202965','2018-05-29 01:57:15.203097',1061,'Lomoljo','Lorenzo','J','09158881161','Luyang','1975-04-11','',NULL,'M',6,6,176,16),(1,'2018-05-29 02:01:27.846581','2018-05-29 02:01:27.846716',1066,'Dumapit','Nicolas','S','09153800589','Bagacay','1976-12-06','',NULL,'M',6,6,NULL,1),(1,'2018-05-29 02:13:30.718547','2018-05-29 02:13:30.718681',1071,'Calamohoy','Beato','Y','09973714000','Poo','1933-05-09','',NULL,'M',6,6,1,121),(1,'2018-05-29 02:47:32.200962','2018-05-29 02:47:32.201107',1076,'Gargoles','Mary Claire','S',NULL,'Maria','2001-12-15','',NULL,'F',6,6,6,16),(1,'2018-05-29 03:22:48.806740','2018-05-29 03:22:48.806873',1081,'Gomez','Aaron','V','09951625340','Judyville','1964-06-14','',NULL,'M',6,6,181,141),(1,'2018-05-29 03:32:53.564684','2018-05-29 03:32:53.564816',1086,'Hobro','Shela Mae','A','09262845900','Canday-ong,Calindagan','1987-07-08','',NULL,'F',6,6,186,1),(1,'2018-05-29 03:44:55.339982','2018-05-29 03:44:55.340116',1091,'Alviola','Ida','C','09759668043','San Jose Vill.,Banilad','1959-02-16','',NULL,'F',6,6,191,1),(1,'2018-05-29 03:46:53.230929','2018-05-29 03:46:53.231060',1096,'Abregana','Juliane','D','09368660400','Poblacion','1974-05-22','',NULL,'F',6,6,76,186),(1,'2018-05-29 04:23:01.110707','2018-05-29 04:23:01.110847',1101,'Sales','Janice','C','09094392675','Banonong','1980-04-14','',NULL,'F',6,6,76,81),(1,'2018-05-29 04:52:31.299109','2018-05-29 04:52:31.299242',1106,'Cornelio','Jessica','M','09262778327','San Isidro','1971-07-25','',NULL,'F',6,6,196,36),(1,'2018-05-29 05:15:53.228921','2018-05-29 05:15:53.229055',1111,'Encierto','Delia','S','09168391950','Tavera St','1955-07-20','',NULL,'F',6,6,16,76),(1,'2018-05-29 05:20:52.156543','2018-05-29 05:20:52.156680',1116,'Lastimoso','Joenedes','O','09759112452','San Isidro,Sitio  Palali','1992-02-25','',NULL,'M',6,6,96,156),(1,'2018-05-29 05:30:32.735724','2018-05-29 05:30:32.735856',1121,'Sta. Ana','Joven','P','09352381226','Tadlong','1989-04-05','',NULL,'M',6,6,96,166),(1,'2018-05-29 05:40:20.541044','2018-05-29 05:40:20.541175',1131,'Deguit','Teresita','V','09066893493','Poblacion','1966-02-23','',NULL,'F',6,6,76,46),(1,'2018-05-30 01:56:05.931658','2018-05-30 01:56:05.931788',1136,'Lopez','Wilma','S','09650913307','calamba','1968-08-27','',NULL,'F',6,6,61,96),(1,'2018-05-30 02:08:50.302781','2018-05-30 02:08:50.302964',1141,'Jocutan','Marcelo','D','09996571713','258 North Road,Daro','1950-12-28','',NULL,'M',6,6,1,1),(1,'2018-05-30 02:32:16.091620','2018-05-30 02:32:16.091780',1146,'Flores','Gilbert','B','09322454937','Banilad','1997-01-23','',NULL,'M',6,6,201,1),(1,'2018-05-30 02:36:19.159309','2018-05-30 02:36:19.159440',1151,'Letegio','Nena','M','09279776378','Tubtubon','1964-05-17','',NULL,'F',6,6,61,1),(1,'2018-05-30 03:07:56.012344','2018-05-30 03:07:56.012478',1156,'Catan','Noah','V','09054323223','Batinguel','2006-07-14','',NULL,'M',6,6,6,1),(1,'2018-05-30 03:10:09.900477','2018-05-30 03:10:09.900624',1161,'Catan','Nathaniel','V','09054323223','Batinguel','2006-07-14','',NULL,'M',6,6,6,1),(1,'2018-05-30 03:14:14.948027','2018-05-30 03:14:14.948160',1166,'Aldecoa','Vivienne','E','09957265675','Aldecoa Drive,Daro','1965-04-07','',NULL,'F',6,6,51,1),(1,'2018-05-30 03:29:10.642125','2018-05-30 03:29:10.642263',1171,'Gonzaga','Teresita','O','09276815906','Tigbawan','1955-10-14','',NULL,'F',6,6,206,121),(1,'2018-05-30 03:32:55.536695','2018-05-30 03:32:55.536828',1176,'Tito','Jaqueline','D','09154023953','Catambo-an','1964-10-11','',NULL,'F',6,6,51,121),(1,'2018-05-30 04:20:48.309660','2018-05-30 04:20:48.309789',1181,'Wady','Aisha','M','09274794421','18 Edago Apt,Angatan','1967-02-19','',NULL,'F',6,6,NULL,1),(1,'2018-05-30 04:22:14.766655','2018-05-30 04:22:14.766788',1186,'Wady','Fatima','M','09274794421','18 Edago Apt.,Angatan','1993-08-10','',NULL,'F',6,6,NULL,1),(1,'2018-05-30 04:58:25.483710','2018-05-30 04:58:25.483844',1191,'Elum','Celerina','A','09269980886','Looc','1946-02-02','',NULL,'F',6,6,16,1),(1,'2018-05-30 05:32:09.825479','2018-05-30 05:32:09.825610',1196,'Fabugais','Sheena Lorraine','Z','09172025203','Poblacion','2010-10-05','',NULL,'F',6,6,6,41),(1,'2018-05-30 05:44:06.288657','2018-05-30 05:44:06.288789',1201,'Caducoy','Beatriz Ellaine','T','09275561929','958 Bollos St,Ubos','2006-07-18','',NULL,'F',6,6,6,91),(1,'2018-05-30 05:45:52.847732','2018-05-30 05:45:52.847910',1206,'Caducoy','Bethany Rhosyn',NULL,'09275561929','958 Bollos St,Ubos','2011-06-11','',NULL,'F',6,6,6,91),(1,'2018-05-30 06:02:34.471950','2018-05-30 06:02:34.472081',1211,'Bantigue','Althea Zane','D','09069522684','Cangmating','2010-06-08','',NULL,'F',6,6,6,141),(1,'2018-06-07 02:42:32.793577','2018-06-07 02:42:32.793706',1216,'Grapa','Danilo','I','09977120437','Blk 12 Lot 2 Northville','1955-01-17','',NULL,'M',6,6,211,141),(1,'2018-06-07 03:19:34.978746','2018-06-07 03:19:34.978875',1221,'Bulandres','Arlene','A','09276816280','Candau-ay','1954-10-19','',NULL,'F',6,6,1,1),(1,'2018-06-07 03:21:21.534086','2018-06-07 03:21:21.534217',1226,'Miras','Leobert','R','09383739546','Kandamyang','1998-04-02','',NULL,'M',6,6,6,136),(1,'2018-06-07 03:42:43.439037','2018-06-07 03:42:43.439164',1231,'Solamillo','Kryslene Rose','T','09154125422','Magsaysay','1995-05-20','',NULL,'F',6,6,6,141),(1,'2018-06-07 04:15:47.353366','2018-06-07 04:15:47.353493',1236,'Somoza','Nelda','D','09368138142','Daro','1967-11-14','',NULL,'F',6,6,51,1),(1,'2018-06-07 04:31:47.196020','2018-06-07 04:31:47.196150',1241,'Rubio','Queenie','P','5220007','Purok kalubihan,  Daro','2008-05-13','',NULL,'F',6,6,6,1),(1,'2018-06-07 05:13:48.886455','2018-06-07 05:13:48.886582',1246,'Kirit','Dapte','F','09274950214','Mangnao','1981-02-16','',NULL,'M',6,6,16,1),(1,'2018-06-07 05:15:21.307411','2018-06-07 05:15:21.307581',1251,'Kung','Colin','V','2252828','Orchids,Daro','1949-01-15','',NULL,'F',6,6,1,1),(1,'2018-06-07 05:20:25.676052','2018-06-07 05:20:25.676189',1256,'Rauer','Stephany','S','09282483166','Camanjac','2006-12-04','',NULL,'F',6,6,6,1),(1,'2018-06-17 17:56:14.818722','2018-06-17 17:56:14.818829',1257,'Flores','Sebastian',NULL,NULL,NULL,'2002-01-01','',NULL,'M',12,12,6,1),(1,'2018-08-24 17:19:36.405943','2018-08-24 17:19:36.406044',1258,'Calda','Selina',NULL,'09053364057','Tanjay City','2018-08-24','',NULL,'F',6,6,16,36),(1,'2018-09-03 15:25:08.530070','2018-09-03 15:25:08.530172',1259,'Klaembt','Mirco','S','09159806529','East Balabag','1981-02-18','',NULL,'M',6,6,NULL,101),(1,'2018-09-04 10:14:23.433598','2018-09-04 10:14:23.433699',1260,'Cainglet','Salustiano','B','09382959687','Olingan','1937-06-08','',NULL,'M',6,6,71,192),(1,'2018-09-04 10:39:00.343156','2018-09-04 10:39:00.343264',1261,'Delfino','Rosellita','A','09352477993','Jawa','1968-10-25','',NULL,'F',6,6,76,101),(1,'2018-09-04 10:44:41.870369','2018-09-04 10:44:41.870499',1262,'Janopol','Arlene','S','09156805219','Basak','1976-05-16','',NULL,'F',6,6,61,76),(1,'2018-09-04 10:51:05.164925','2018-09-04 10:51:05.165036',1263,'Aguylo','Angil May','C','09154634024','Camburoy,Samboan','2012-05-08','',NULL,'F',6,6,NULL,21),(1,'2018-09-04 11:15:00.955538','2018-09-04 11:15:00.955635',1264,'Aguylo','John Gil','C','09154634024','Camburoy,Samboan','1987-12-09','',NULL,'M',6,6,212,21),(1,'2018-09-04 11:23:42.633072','2018-09-04 11:23:42.633176',1265,'Kho','Arlyn','A','09275568670','Batayan','1977-03-15','',NULL,'F',6,6,61,1),(1,'2018-09-04 11:46:45.326420','2018-09-04 11:46:45.326522',1266,'Temblor Jr','Florido','M','09280848023','Cantil-e','1969-08-11','',NULL,'M',6,6,141,1),(1,'2018-09-04 11:57:55.274745','2018-09-04 11:57:55.274869',1267,'Amihoy','Frevie','B','0966204976','Ilaya','1999-03-27','',NULL,'M',6,6,NULL,41),(1,'2018-09-04 12:09:21.275598','2018-09-04 12:09:21.275700',1268,'Du','Aliyah Kristine','S','09175001703','Villa Amada Subd,Pulantubig','2010-09-10','',NULL,'F',6,6,6,1),(1,'2018-09-04 12:23:42.785038','2018-09-04 12:23:42.785146',1269,'Nillas','Andrew','I','09157092878','Pulantubig','1986-11-30','',NULL,'M',6,6,NULL,1),(1,'2018-09-04 12:49:27.929509','2018-09-04 12:49:27.929613',1270,'Morato','Silvestre','P','09067526360','Bonbonon','1968-11-22','',NULL,'M',6,6,213,71),(1,'2018-09-04 13:09:19.398204','2018-09-04 13:09:19.398305',1271,'Canolas','TJ Harmony','K','09173031327','Tandayag','1991-09-06','',NULL,'F',6,6,76,6),(1,'2018-09-04 14:54:27.505275','2018-09-04 14:54:27.505378',1272,'Cataluna','Virgilio','G','09286341111','Poblacion','1967-06-23','',NULL,'M',6,6,21,71),(1,'2018-09-04 15:05:05.552921','2018-09-04 15:05:05.553026',1273,'Loreto','Basilia','F','09084178920','Mayabon','1953-11-28','',NULL,'F',6,6,51,193),(1,'2018-09-05 09:55:26.458941','2018-09-05 09:55:26.459048',1274,'Richards','Lilia','S','09971990291','Maslog','1966-02-06','',NULL,'F',6,6,16,141),(1,'2018-09-05 10:02:22.077099','2018-09-05 10:02:22.077242',1275,'VIllariza','Josefina','E','4228644','St Louis Village,Tabuc tubig','1937-06-02','',NULL,'F',6,6,1,1),(1,'2018-09-05 11:40:00.496334','2018-09-05 11:40:00.496446',1276,'Cahambing','Celso','M','5221298','West Drive,Daro','1949-04-25','',NULL,'M',6,6,1,1),(1,'2018-09-05 12:58:34.989285','2018-09-05 12:58:34.989411',1277,'Bustillo','Joel','D','09068355508','Bahian','1964-02-09','',NULL,'M',6,6,96,36),(1,'2018-09-06 09:47:38.913788','2018-09-06 09:47:38.913893',1278,'Ramirez','Wyn','D','09654828182','Sta Cruz','1981-07-30','',NULL,'F',6,6,66,36),(1,'2018-09-06 09:53:01.720809','2018-09-06 09:53:01.720917',1279,'Kho','Susan','G','09163128345','Sta Cruz','1948-05-29','',NULL,'F',6,6,71,41),(1,'2018-09-06 10:11:21.072537','2018-09-06 10:11:21.072639',1280,'Steinert','Joseph','B','09300061853','District 3','1943-01-27','',NULL,'M',6,6,1,51),(1,'2018-09-06 10:30:11.825835','2018-09-06 10:30:11.825936',1281,'Samson','Jesie','A','09193171890','North Polacion','1969-12-24','',NULL,'M',6,6,21,126),(1,'2018-09-06 10:39:58.454592','2018-09-06 10:39:58.454694',1282,'Ermina','Gabriel','M','09173163839','Lukewright','2008-10-03','',NULL,'M',6,6,6,1),(1,'2018-09-06 10:42:06.456576','2018-09-06 10:42:06.456678',1283,'Tuban','Jason','B','09150430560','Lipayo','1983-05-13','',NULL,'M',6,6,214,51),(1,'2018-09-06 10:56:26.709676','2018-09-06 10:56:26.709780',1284,'Matildo','Eugenio','A','419-9472','Poblacion','1967-07-08','',NULL,'M',6,6,141,141),(1,'2018-09-06 11:59:44.894610','2018-09-06 11:59:44.894719',1285,'Gaddong','Nurdeen Khalid','H','09262130690','Piapi','2012-03-30','',NULL,'M',6,6,6,1),(1,'2018-09-06 12:02:43.383392','2018-09-06 12:02:43.383496',1286,'Castelnau','Facundo','G','09214472319','Piapi','1978-09-21','',NULL,'M',6,6,66,1),(1,'2018-09-06 12:06:02.215182','2018-09-06 12:06:02.215284',1287,'Gaston','Frantz Jesse','M','09155839805','Brgy Daro','1966-10-25','',NULL,'M',6,6,215,1),(1,'2018-09-06 12:23:21.525393','2018-09-06 12:23:21.525521',1288,'Buscato','Jefford','M','09971160715','Liloan','2009-07-04','',NULL,'M',6,6,6,136),(1,'2018-09-06 12:50:10.274605','2018-09-06 12:50:10.274711',1289,'Lazalita','Mercy','T','522-9286','Larena Drive','1966-09-20','',NULL,'F',6,6,216,1),(1,'2018-09-06 13:28:46.994828','2018-09-06 13:28:46.994928',1290,'Ege','Corazon','S','4212623','Gonzales Subd','1962-10-05','',NULL,'F',6,6,51,1),(1,'2018-09-06 13:31:47.226902','2018-09-06 13:31:47.227005',1291,'Garnica','Rubelyn','L','09269957149','Boloc boloc Sibulan','1987-07-30','',NULL,'F',6,6,217,141),(1,'2018-09-06 13:42:33.992500','2018-09-06 13:42:33.992605',1292,'Dael','Alfie','T','09361718315','Tampi','1998-01-15','',NULL,'M',6,6,6,131),(1,'2018-09-06 13:59:20.264663','2018-09-06 13:59:20.264765',1293,'Gutib','Rudy','Y','09753930815','Silab','1964-04-28','',NULL,'M',6,6,96,6),(1,'2018-09-06 14:13:23.948506','2018-09-06 14:13:23.948608',1294,'Faburada','Marites','R','09753729790','Maslog','1994-12-10','',NULL,'F',6,6,66,141),(1,'2018-09-06 14:36:28.728003','2018-09-06 14:36:28.728111',1295,'-Miral','Salde',NULL,'09557061404','Cadawinonan','1958-08-18','',NULL,'M',6,6,1,1),(1,'2018-09-06 14:36:30.303847','2018-09-06 14:36:30.303953',1296,'-Miral','Salde',NULL,'09557061404','Cadawinonan','1958-08-18','',NULL,'M',6,6,1,1),(1,'2018-09-06 14:36:33.046801','2018-09-06 14:36:33.046915',1297,'-Miral','Salde',NULL,'09557061404','Cadawinonan','1958-08-18','',NULL,'M',6,6,1,1),(1,'2018-09-06 14:38:49.041419','2018-09-06 14:38:49.041535',1298,'Maquiling','Russel',NULL,'09089281984','Candau-ai','1979-10-03','',NULL,'M',6,6,11,1),(1,'2018-09-07 09:46:27.968176','2018-09-07 09:46:27.968279',1299,'Aragon','Ma Viviene','D','09173140825','Tinago','1970-08-25','',NULL,'F',6,6,76,91),(1,'2018-09-07 10:04:12.652308','2018-09-07 10:04:12.652412',1300,'Balase','Patrick John','O','09161416306','Pasihagon','1984-12-27','',NULL,'M',6,6,16,16),(1,'2018-09-07 10:08:48.742475','2018-09-07 10:08:48.742580',1301,'Liu','Junify','S','09102113330','Bagtic,','1963-06-05','',NULL,'F',6,6,66,166),(1,'2018-09-07 10:13:46.695400','2018-09-07 10:13:46.695500',1302,'Batohanon','Jessica','I','09363663651','Pobalcion','1985-09-23','',NULL,'F',6,6,61,96),(1,'2018-09-07 10:31:40.279923','2018-09-07 10:31:40.280042',1303,'Luzano','Melchor','B','09275944238','Poblacion','1954-01-06','',NULL,'F',6,6,66,106),(1,'2018-09-07 10:36:12.018376','2018-09-07 10:36:12.018478',1304,'Villarba','Kedd Tyrone','S','09168501170','Calo','2012-12-22','',NULL,'M',6,6,11,131),(1,'2018-09-07 11:00:56.629305','2018-09-07 11:00:56.629409',1305,'Silvano','Steven','A','09169489299','Tagaytay','2010-05-30','',NULL,'M',6,6,16,146),(1,'2018-09-07 11:18:50.566848','2018-09-07 11:18:50.566962',1306,'Pajulas','Angelita','G','09266720999','Brgy San Jose','1960-12-07','',NULL,'F',6,6,61,71),(1,'2018-09-07 11:21:43.477545','2018-09-07 11:21:43.477646',1307,'Villlaluz','Dorothy','G','09173005261','Bagacay','1951-05-26','',NULL,'F',6,6,71,1),(1,'2018-09-07 11:45:22.311586','2018-09-07 11:45:22.311744',1308,'Pocong','Jorge','Q','09171357153','Dauis','1970-02-14','',NULL,'M',6,6,51,91),(1,'2018-09-07 11:48:00.027350','2018-09-07 11:48:00.027448',1309,'Rivera','Rosalie','P','09973681323','Northern Junob','1992-12-04','',NULL,'F',6,6,101,1),(1,'2018-09-07 12:14:22.725562','2018-09-07 12:14:22.725664',1310,'Honculada','Yelena Therese','T','09975067240','North Polacion','2008-09-21','',NULL,'F',6,6,6,66),(1,'2018-09-07 12:35:21.139530','2018-09-07 12:35:21.139690',1311,'Gabas','Danilo','T','09164598611','Poblacion','1972-02-17','',NULL,'M',6,6,218,171),(1,'2018-09-07 14:27:35.579032','2018-09-07 14:27:35.579130',1312,'Callao','Geffrey','C','09665043483','Balugo','1980-01-28','',NULL,'M',6,6,21,1),(1,'2018-09-07 14:57:44.803301','2018-09-07 14:57:44.803414',1313,'Lara','Charles Brando','A','09188119302','Tabuc-tubig','2002-02-04','',NULL,'M',6,6,6,1),(1,'2018-09-07 15:23:32.469950','2018-09-07 15:23:32.470051',1314,'Estrellado','Rosita','T','09272756130','Tubtubon','1972-05-28','',NULL,'F',6,6,61,141),(1,'2018-09-07 15:48:28.717077','2018-09-07 15:48:28.717180',1315,'Neyra','Reyel','A','09355754352','Poblacion','1973-06-10','',NULL,'M',6,6,151,71),(1,'2018-09-08 09:30:00.668808','2018-09-08 09:30:00.668913',1316,'Limbaga','Gil','C','09750181522','Legaspi St','1960-07-06','',NULL,'M',6,6,51,36),(1,'2018-09-08 09:41:02.399133','2018-09-08 09:41:02.399235',1317,'Esquierdo','Neminda','E','09264713033','Uccp,','1974-03-03','',NULL,'F',6,6,219,1);
/*!40000 ALTER TABLE `patient_patient` ENABLE KEYS */;
UNLOCK TABLES;

--
-- Table structure for table `patient_province`
--

DROP TABLE IF EXISTS `patient_province`;
/*!40101 SET @saved_cs_client     = @@character_set_client */;
/*!40101 SET character_set_client = utf8 */;
CREATE TABLE `patient_province` (
  `is_active` tinyint(1) NOT NULL,
  `created_on` datetime(6) NOT NULL,
  `modified_on` datetime(6) NOT NULL,
  `id` int(11) NOT NULL AUTO_INCREMENT,
  `name` varchar(30) NOT NULL,
  `created_by_id` int(11) DEFAULT NULL,
  `modified_by_id` int(11) DEFAULT NULL,
  PRIMARY KEY (`id`),
  UNIQUE KEY `name` (`name`),
  KEY `patient_province_created_by_id_b08306fb_fk_auth_user_id` (`created_by_id`),
  KEY `patient_province_modified_by_id_ac59790d_fk_auth_user_id` (`modified_by_id`),
  CONSTRAINT `patient_province_created_by_id_b08306fb_fk_auth_user_id` FOREIGN KEY (`created_by_id`) REFERENCES `auth_user` (`id`),
  CONSTRAINT `patient_province_modified_by_id_ac59790d_fk_auth_user_id` FOREIGN KEY (`modified_by_id`) REFERENCES `auth_user` (`id`)
) ENGINE=InnoDB AUTO_INCREMENT=32 DEFAULT CHARSET=latin1;
/*!40101 SET character_set_client = @saved_cs_client */;

--
-- Dumping data for table `patient_province`
--

LOCK TABLES `patient_province` WRITE;
/*!40000 ALTER TABLE `patient_province` DISABLE KEYS */;
INSERT INTO `patient_province` VALUES (1,'2018-05-05 01:46:42.594896','2018-05-07 02:23:14.664063',1,'Cebu',1,6),(1,'2018-05-07 01:54:46.864027','2018-05-07 01:54:46.864154',6,'Siquijor',6,6),(1,'2018-05-07 02:44:07.046435','2018-05-07 02:44:07.046578',11,'Negros Oriental',6,6),(1,'2018-05-07 03:07:00.708043','2018-05-07 03:07:00.708169',16,'Zamboanga del Norte',6,6),(1,'2018-05-16 04:57:13.737879','2018-05-16 04:57:13.738017',21,'Mindanao',6,6),(1,'2018-05-18 02:50:56.792728','2018-05-18 02:50:56.792857',26,'Apo Island',6,6),(1,'2018-05-25 02:29:45.233866','2018-05-25 02:29:45.234015',31,'Northern Samar',6,6);
/*!40000 ALTER TABLE `patient_province` ENABLE KEYS */;
UNLOCK TABLES;

--
-- Table structure for table `patient_town`
--

DROP TABLE IF EXISTS `patient_town`;
/*!40101 SET @saved_cs_client     = @@character_set_client */;
/*!40101 SET character_set_client = utf8 */;
CREATE TABLE `patient_town` (
  `is_active` tinyint(1) NOT NULL,
  `created_on` datetime(6) NOT NULL,
  `modified_on` datetime(6) NOT NULL,
  `id` int(11) NOT NULL AUTO_INCREMENT,
  `name` varchar(25) NOT NULL,
  `zip_code` varchar(10) DEFAULT NULL,
  `created_by_id` int(11) DEFAULT NULL,
  `modified_by_id` int(11) DEFAULT NULL,
  `prov_id` int(11) NOT NULL,
  PRIMARY KEY (`id`),
  UNIQUE KEY `name` (`name`),
  KEY `patient_town_created_by_id_3836a9a4_fk_auth_user_id` (`created_by_id`),
  KEY `patient_town_modified_by_id_d341c2c2_fk_auth_user_id` (`modified_by_id`),
  KEY `patient_town_prov_id_8ff9c86f_fk_patient_province_id` (`prov_id`),
  CONSTRAINT `patient_town_created_by_id_3836a9a4_fk_auth_user_id` FOREIGN KEY (`created_by_id`) REFERENCES `auth_user` (`id`),
  CONSTRAINT `patient_town_modified_by_id_d341c2c2_fk_auth_user_id` FOREIGN KEY (`modified_by_id`) REFERENCES `auth_user` (`id`),
  CONSTRAINT `patient_town_prov_id_8ff9c86f_fk_patient_province_id` FOREIGN KEY (`prov_id`) REFERENCES `patient_province` (`id`)
) ENGINE=InnoDB AUTO_INCREMENT=194 DEFAULT CHARSET=latin1;
/*!40101 SET character_set_client = @saved_cs_client */;

--
-- Dumping data for table `patient_town`
--

LOCK TABLES `patient_town` WRITE;
/*!40000 ALTER TABLE `patient_town` DISABLE KEYS */;
INSERT INTO `patient_town` VALUES (1,'2018-05-05 01:46:44.931893','2018-05-05 01:46:44.932020',1,'Dumaguete City','6200',1,1,1),(1,'2018-05-05 06:55:41.662966','2018-05-05 06:55:41.663093',6,'Amlan',NULL,1,1,1),(1,'2018-05-07 01:54:50.786455','2018-05-07 01:54:50.786599',11,'Caticugan',NULL,6,6,6),(1,'2018-05-07 02:02:02.394617','2018-05-07 02:02:02.394749',16,'Siquijor','6225',6,6,6),(1,'2018-05-07 02:23:18.837866','2018-05-07 02:23:18.837995',21,'Samboan,Cebu',NULL,6,6,1),(1,'2018-05-07 02:44:10.135324','2018-05-07 02:44:10.135455',26,'Sta Catalina',NULL,6,6,11),(1,'2018-05-07 03:07:03.835253','2018-05-07 03:07:03.835382',31,'Tampilisan',NULL,6,6,16),(1,'2018-05-07 03:13:02.882729','2018-05-07 03:13:02.882859',36,'Tanjay City',NULL,6,6,11),(1,'2018-05-07 03:20:19.282719','2018-05-07 03:20:19.282869',41,'Tayasan',NULL,6,6,11),(1,'2018-05-07 03:36:08.731069','2018-06-13 21:20:03.327602',46,'San Juan','6627',6,12,6),(1,'2018-05-07 04:13:46.337448','2018-05-07 04:13:46.337575',51,'Dauin',NULL,6,6,11),(1,'2018-05-07 04:30:07.257085','2018-05-07 04:30:07.257218',56,'Manjuyod',NULL,6,6,11),(1,'2018-05-16 02:06:07.187756','2018-05-16 02:06:07.187885',61,'La libertad',NULL,6,6,11),(1,'2018-05-16 02:14:32.054569','2018-05-16 02:14:32.054709',66,'Bacong',NULL,6,6,11),(1,'2018-05-16 03:15:59.690414','2018-05-16 03:15:59.690547',71,'Siaton',NULL,6,6,11),(1,'2018-05-16 03:35:49.370670','2018-05-16 03:35:49.370804',76,'Bais City',NULL,6,6,11),(1,'2018-05-16 04:57:18.102212','2018-05-16 04:57:18.102348',81,'Dapitan City',NULL,6,6,21),(1,'2018-05-16 05:01:49.675656','2018-05-16 05:01:49.675790',86,'Dapitan',NULL,6,6,16),(1,'2018-05-16 05:34:57.809345','2018-05-16 05:34:57.809476',91,'Bayawan City',NULL,6,6,11),(1,'2018-05-16 06:52:03.335700','2018-05-16 06:52:03.335833',96,'Guihulngan',NULL,6,6,11),(1,'2018-05-17 02:24:02.852261','2018-05-17 02:24:02.852391',101,'Valencia',NULL,6,6,11),(1,'2018-05-17 03:34:17.304569','2018-05-17 03:34:17.304697',106,'Samboan',NULL,6,6,1),(1,'2018-05-18 02:14:04.884430','2018-05-18 02:14:04.884564',111,'Zamboanga del Norte',NULL,6,6,16),(1,'2018-05-18 02:50:59.771254','2018-05-18 02:50:59.771383',116,'Apo Island',NULL,6,6,26),(1,'2018-05-18 06:09:56.862212','2018-05-18 06:09:56.862352',121,'Lazi',NULL,6,6,6),(1,'2018-05-19 02:34:02.507026','2018-05-19 02:34:02.507160',126,'Larena',NULL,6,6,6),(1,'2018-05-19 03:10:43.175226','2018-05-19 03:10:43.175371',131,'San Jose',NULL,6,6,11),(1,'2018-05-19 03:22:41.658148','2018-05-19 03:22:41.658276',136,'Santander',NULL,6,6,1),(1,'2018-05-19 05:14:36.944222','2018-05-19 05:14:36.944359',141,'Sibulan',NULL,6,6,11),(1,'2018-05-21 03:45:06.616457','2018-05-21 03:45:06.616587',146,'Bindoy',NULL,6,6,11),(1,'2018-05-21 04:06:21.218035','2018-05-21 04:06:21.218183',151,'Jimalalud',NULL,6,6,11),(1,'2018-05-22 06:52:57.725073','2018-05-22 06:52:57.725202',156,'Pamplona',NULL,6,6,11),(1,'2018-05-23 01:57:16.757537','2018-05-23 01:57:16.757669',161,'Canla-on City',NULL,6,6,11),(1,'2018-05-23 02:26:18.573931','2018-05-23 02:26:18.574068',166,'Mabinay',NULL,6,6,11),(1,'2018-05-24 04:47:11.016903','2018-05-24 04:47:11.017047',171,'Basay City',NULL,6,6,11),(1,'2018-05-24 08:12:26.644578','2018-05-24 08:12:26.644742',176,'Vallehermoso',NULL,6,6,11),(1,'2018-05-25 02:31:01.964815','2018-05-25 02:31:01.964970',181,'Catarman',NULL,6,6,31),(1,'2018-05-25 06:01:15.033091','2018-05-25 06:01:15.033215',186,'Ayungon',NULL,6,6,11),(1,'2018-05-26 07:29:37.988632','2018-05-26 07:29:37.988759',191,'Salug',NULL,6,6,16),(1,'2018-09-04 10:13:54.181065','2018-09-04 10:13:54.181175',192,'Olingan,dipolog city','7100',6,6,16),(1,'2018-09-04 15:04:43.742286','2018-09-04 15:04:43.742399',193,'Zamboanguita',NULL,6,6,11);
/*!40000 ALTER TABLE `patient_town` ENABLE KEYS */;
UNLOCK TABLES;

--
-- Table structure for table `visit_biopsy`
--

DROP TABLE IF EXISTS `visit_biopsy`;
/*!40101 SET @saved_cs_client     = @@character_set_client */;
/*!40101 SET character_set_client = utf8 */;
CREATE TABLE `visit_biopsy` (
  `is_active` tinyint(1) NOT NULL,
  `created_on` datetime(6) NOT NULL,
  `modified_on` datetime(6) NOT NULL,
  `id` int(11) NOT NULL AUTO_INCREMENT,
  `biopsy_location_id` int(11) DEFAULT NULL,
  `biopsy_name_id` int(11) DEFAULT NULL,
  `biopsy_result_id` int(11) DEFAULT NULL,
  `created_by_id` int(11) DEFAULT NULL,
  `modified_by_id` int(11) DEFAULT NULL,
  `visit_id` int(11) DEFAULT NULL,
  PRIMARY KEY (`id`),
  KEY `visit_biopsy_biopsy_location_id_14884e0c_fk_visit_location_id` (`biopsy_location_id`),
  KEY `visit_biopsy_biopsy_name_id_69a3221c_fk_visit_biopsyname_id` (`biopsy_name_id`),
  KEY `visit_biopsy_biopsy_result_id_7698974f_fk_visit_biopsyresult_id` (`biopsy_result_id`),
  KEY `visit_biopsy_created_by_id_e5844de5_fk_auth_user_id` (`created_by_id`),
  KEY `visit_biopsy_modified_by_id_41636f07_fk_auth_user_id` (`modified_by_id`),
  KEY `visit_biopsy_visit_id_ca8cc008_fk_visit_visit_id` (`visit_id`),
  CONSTRAINT `visit_biopsy_biopsy_name_id_69a3221c_fk_visit_biopsyname_id` FOREIGN KEY (`biopsy_name_id`) REFERENCES `visit_biopsyname` (`id`),
  CONSTRAINT `visit_biopsy_biopsy_result_id_7698974f_fk_visit_biopsyresult_id` FOREIGN KEY (`biopsy_result_id`) REFERENCES `visit_biopsyresult` (`id`),
  CONSTRAINT `visit_biopsy_created_by_id_e5844de5_fk_auth_user_id` FOREIGN KEY (`created_by_id`) REFERENCES `auth_user` (`id`),
  CONSTRAINT `visit_biopsy_modified_by_id_41636f07_fk_auth_user_id` FOREIGN KEY (`modified_by_id`) REFERENCES `auth_user` (`id`),
  CONSTRAINT `visit_biopsy_visit_id_ca8cc008_fk_visit_visit_id` FOREIGN KEY (`visit_id`) REFERENCES `visit_visit` (`id`)
) ENGINE=InnoDB AUTO_INCREMENT=12 DEFAULT CHARSET=latin1;
/*!40101 SET character_set_client = @saved_cs_client */;

--
-- Dumping data for table `visit_biopsy`
--

LOCK TABLES `visit_biopsy` WRITE;
/*!40000 ALTER TABLE `visit_biopsy` DISABLE KEYS */;
INSERT INTO `visit_biopsy` VALUES (1,'2018-05-16 03:23:50.286843','2018-05-16 03:23:50.286986',1,71,1,1,11,11,36),(1,'2018-05-17 02:16:38.697374','2018-05-17 02:16:38.697496',6,71,1,1,11,11,111),(1,'2018-05-21 03:42:46.726962','2018-05-21 03:42:46.727082',11,71,1,1,11,11,361);
/*!40000 ALTER TABLE `visit_biopsy` ENABLE KEYS */;
UNLOCK TABLES;

--
-- Table structure for table `visit_biopsylocation`
--

DROP TABLE IF EXISTS `visit_biopsylocation`;
/*!40101 SET @saved_cs_client     = @@character_set_client */;
/*!40101 SET character_set_client = utf8 */;
CREATE TABLE `visit_biopsylocation` (
  `is_active` tinyint(1) NOT NULL,
  `created_on` datetime(6) NOT NULL,
  `modified_on` datetime(6) NOT NULL,
  `id` int(11) NOT NULL AUTO_INCREMENT,
  `location` varchar(25) NOT NULL,
  `created_by_id` int(11) DEFAULT NULL,
  `modified_by_id` int(11) DEFAULT NULL,
  PRIMARY KEY (`id`),
  KEY `visit_biopsylocation_created_by_id_14b90f04_fk_auth_user_id` (`created_by_id`),
  KEY `visit_biopsylocation_modified_by_id_b3a5a7b5_fk_auth_user_id` (`modified_by_id`),
  CONSTRAINT `visit_biopsylocation_created_by_id_14b90f04_fk_auth_user_id` FOREIGN KEY (`created_by_id`) REFERENCES `auth_user` (`id`),
  CONSTRAINT `visit_biopsylocation_modified_by_id_b3a5a7b5_fk_auth_user_id` FOREIGN KEY (`modified_by_id`) REFERENCES `auth_user` (`id`)
) ENGINE=InnoDB AUTO_INCREMENT=25 DEFAULT CHARSET=utf8mb4;
/*!40101 SET character_set_client = @saved_cs_client */;

--
-- Dumping data for table `visit_biopsylocation`
--

LOCK TABLES `visit_biopsylocation` WRITE;
/*!40000 ALTER TABLE `visit_biopsylocation` DISABLE KEYS */;
INSERT INTO `visit_biopsylocation` VALUES (0,'0000-00-00 00:00:00.000000','0000-00-00 00:00:00.000000',1,'ant. neck',NULL,NULL),(0,'0000-00-00 00:00:00.000000','0000-00-00 00:00:00.000000',2,'Both ears',NULL,NULL),(0,'0000-00-00 00:00:00.000000','0000-00-00 00:00:00.000000',3,'eye',NULL,NULL),(0,'0000-00-00 00:00:00.000000','0000-00-00 00:00:00.000000',4,'inf auricular,R',NULL,NULL),(0,'0000-00-00 00:00:00.000000','0000-00-00 00:00:00.000000',5,'Larynx',NULL,NULL),(0,'0000-00-00 00:00:00.000000','0000-00-00 00:00:00.000000',6,'Left ear',NULL,NULL),(0,'0000-00-00 00:00:00.000000','0000-00-00 00:00:00.000000',7,'mandibular area',NULL,NULL),(0,'0000-00-00 00:00:00.000000','0000-00-00 00:00:00.000000',8,'maxilla',NULL,NULL),(0,'0000-00-00 00:00:00.000000','0000-00-00 00:00:00.000000',9,'maxilla, L',NULL,NULL),(0,'0000-00-00 00:00:00.000000','0000-00-00 00:00:00.000000',10,'mouth',NULL,NULL),(0,'0000-00-00 00:00:00.000000','0000-00-00 00:00:00.000000',11,'nasal vestibule',NULL,NULL),(0,'0000-00-00 00:00:00.000000','0000-00-00 00:00:00.000000',12,'nasomaxillary',NULL,NULL),(0,'0000-00-00 00:00:00.000000','0000-00-00 00:00:00.000000',13,'nasopharynx',NULL,NULL),(0,'0000-00-00 00:00:00.000000','0000-00-00 00:00:00.000000',14,'neck',NULL,NULL),(0,'0000-00-00 00:00:00.000000','0000-00-00 00:00:00.000000',15,'New Location',NULL,NULL),(0,'0000-00-00 00:00:00.000000','0000-00-00 00:00:00.000000',16,'nose',NULL,NULL),(0,'0000-00-00 00:00:00.000000','0000-00-00 00:00:00.000000',17,'occipital mass',NULL,NULL),(0,'0000-00-00 00:00:00.000000','0000-00-00 00:00:00.000000',18,'oral cavity',NULL,NULL),(0,'0000-00-00 00:00:00.000000','0000-00-00 00:00:00.000000',19,'pharynx',NULL,NULL),(0,'0000-00-00 00:00:00.000000','0000-00-00 00:00:00.000000',20,'pinna',NULL,NULL),(0,'0000-00-00 00:00:00.000000','0000-00-00 00:00:00.000000',21,'R nostril',NULL,NULL),(0,'0000-00-00 00:00:00.000000','0000-00-00 00:00:00.000000',22,'Right ear',NULL,NULL),(0,'0000-00-00 00:00:00.000000','0000-00-00 00:00:00.000000',23,'sinus',NULL,NULL),(0,'0000-00-00 00:00:00.000000','0000-00-00 00:00:00.000000',24,'tongue',NULL,NULL);
/*!40000 ALTER TABLE `visit_biopsylocation` ENABLE KEYS */;
UNLOCK TABLES;

--
-- Table structure for table `visit_biopsyname`
--

DROP TABLE IF EXISTS `visit_biopsyname`;
/*!40101 SET @saved_cs_client     = @@character_set_client */;
/*!40101 SET character_set_client = utf8 */;
CREATE TABLE `visit_biopsyname` (
  `is_active` tinyint(1) NOT NULL,
  `created_on` datetime(6) NOT NULL,
  `modified_on` datetime(6) NOT NULL,
  `id` int(11) NOT NULL AUTO_INCREMENT,
  `biopsy_name` varchar(25) NOT NULL,
  `created_by_id` int(11) DEFAULT NULL,
  `modified_by_id` int(11) DEFAULT NULL,
  PRIMARY KEY (`id`),
  UNIQUE KEY `biopsy_name` (`biopsy_name`),
  KEY `visit_biopsyname_created_by_id_b45fa312_fk_auth_user_id` (`created_by_id`),
  KEY `visit_biopsyname_modified_by_id_6d5150bb_fk_auth_user_id` (`modified_by_id`),
  CONSTRAINT `visit_biopsyname_created_by_id_b45fa312_fk_auth_user_id` FOREIGN KEY (`created_by_id`) REFERENCES `auth_user` (`id`),
  CONSTRAINT `visit_biopsyname_modified_by_id_6d5150bb_fk_auth_user_id` FOREIGN KEY (`modified_by_id`) REFERENCES `auth_user` (`id`)
) ENGINE=InnoDB AUTO_INCREMENT=2 DEFAULT CHARSET=latin1;
/*!40101 SET character_set_client = @saved_cs_client */;

--
-- Dumping data for table `visit_biopsyname`
--

LOCK TABLES `visit_biopsyname` WRITE;
/*!40000 ALTER TABLE `visit_biopsyname` DISABLE KEYS */;
INSERT INTO `visit_biopsyname` VALUES (1,'2018-05-21 03:40:38.636309','2018-05-21 03:40:38.636440',1,'FNAB',11,11);
/*!40000 ALTER TABLE `visit_biopsyname` ENABLE KEYS */;
UNLOCK TABLES;

--
-- Table structure for table `visit_biopsyresult`
--

DROP TABLE IF EXISTS `visit_biopsyresult`;
/*!40101 SET @saved_cs_client     = @@character_set_client */;
/*!40101 SET character_set_client = utf8 */;
CREATE TABLE `visit_biopsyresult` (
  `is_active` tinyint(1) NOT NULL,
  `created_on` datetime(6) NOT NULL,
  `modified_on` datetime(6) NOT NULL,
  `id` int(11) NOT NULL AUTO_INCREMENT,
  `biopsy_result` varchar(25) NOT NULL,
  `created_by_id` int(11) DEFAULT NULL,
  `modified_by_id` int(11) DEFAULT NULL,
  PRIMARY KEY (`id`),
  KEY `visit_biopsyresult_created_by_id_cbf49da6_fk_auth_user_id` (`created_by_id`),
  KEY `visit_biopsyresult_modified_by_id_c25de50b_fk_auth_user_id` (`modified_by_id`),
  CONSTRAINT `visit_biopsyresult_created_by_id_cbf49da6_fk_auth_user_id` FOREIGN KEY (`created_by_id`) REFERENCES `auth_user` (`id`),
  CONSTRAINT `visit_biopsyresult_modified_by_id_c25de50b_fk_auth_user_id` FOREIGN KEY (`modified_by_id`) REFERENCES `auth_user` (`id`)
) ENGINE=InnoDB AUTO_INCREMENT=2 DEFAULT CHARSET=latin1;
/*!40101 SET character_set_client = @saved_cs_client */;

--
-- Dumping data for table `visit_biopsyresult`
--

LOCK TABLES `visit_biopsyresult` WRITE;
/*!40000 ALTER TABLE `visit_biopsyresult` DISABLE KEYS */;
INSERT INTO `visit_biopsyresult` VALUES (1,'2018-05-21 03:42:24.166724','2018-05-21 03:42:24.166848',1,'All OK',11,11);
/*!40000 ALTER TABLE `visit_biopsyresult` ENABLE KEYS */;
UNLOCK TABLES;

--
-- Table structure for table `visit_complaint`
--

DROP TABLE IF EXISTS `visit_complaint`;
/*!40101 SET @saved_cs_client     = @@character_set_client */;
/*!40101 SET character_set_client = utf8 */;
CREATE TABLE `visit_complaint` (
  `is_active` tinyint(1) NOT NULL,
  `created_on` datetime(6) NOT NULL,
  `modified_on` datetime(6) NOT NULL,
  `id` int(11) NOT NULL AUTO_INCREMENT,
  `complaint_location_id` int(11) NOT NULL,
  `complaint_name_id` int(11) NOT NULL,
  `created_by_id` int(11) DEFAULT NULL,
  `modified_by_id` int(11) DEFAULT NULL,
  `visit_id` int(11) DEFAULT NULL,
  PRIMARY KEY (`id`),
  KEY `visit_complaint_complaint_location_i_eea2a84c_fk_visit_loc` (`complaint_location_id`),
  KEY `visit_complaint_complaint_name_id_6e10196e_fk_visit_com` (`complaint_name_id`),
  KEY `visit_complaint_created_by_id_c68c42b3_fk_auth_user_id` (`created_by_id`),
  KEY `visit_complaint_modified_by_id_e027d2a2_fk_auth_user_id` (`modified_by_id`),
  KEY `visit_complaint_visit_id_847d6537_fk_visit_visit_id` (`visit_id`),
  CONSTRAINT `visit_complaint_ibfk_1` FOREIGN KEY (`complaint_name_id`) REFERENCES `visit_complaintname` (`id`) ON DELETE CASCADE,
  CONSTRAINT `visit_complaint_ibfk_2` FOREIGN KEY (`created_by_id`) REFERENCES `auth_user` (`id`) ON DELETE CASCADE,
  CONSTRAINT `visit_complaint_ibfk_3` FOREIGN KEY (`complaint_location_id`) REFERENCES `visit_location` (`id`) ON DELETE CASCADE,
  CONSTRAINT `visit_complaint_ibfk_4` FOREIGN KEY (`modified_by_id`) REFERENCES `auth_user` (`id`) ON DELETE CASCADE,
  CONSTRAINT `visit_complaint_ibfk_5` FOREIGN KEY (`visit_id`) REFERENCES `visit_visit` (`id`) ON DELETE CASCADE
) ENGINE=InnoDB AUTO_INCREMENT=1315 DEFAULT CHARSET=latin1;
/*!40101 SET character_set_client = @saved_cs_client */;

--
-- Dumping data for table `visit_complaint`
--

LOCK TABLES `visit_complaint` WRITE;
/*!40000 ALTER TABLE `visit_complaint` DISABLE KEYS */;
INSERT INTO `visit_complaint` VALUES (0,'2018-05-05 01:51:08.819062','2018-05-05 01:51:08.819205',1,1,1,1,1,1),(1,'2018-05-05 07:05:01.250365','2018-05-05 07:05:01.250523',6,16,6,1,1,6),(1,'2018-05-05 08:01:32.945333','2018-05-05 08:01:32.945454',11,21,11,6,6,11),(1,'2018-05-05 08:05:09.129349','2018-05-05 08:05:09.129472',16,21,11,6,6,16),(1,'2018-05-16 02:47:46.605378','2018-05-16 02:47:46.605541',21,26,21,11,11,21),(1,'2018-05-16 03:00:59.518472','2018-05-16 03:00:59.518598',26,26,26,11,11,26),(1,'2018-05-16 03:19:05.156475','2018-05-16 03:19:05.156597',31,6,31,11,11,31),(1,'2018-05-16 03:23:50.072495','2018-05-16 03:23:50.072646',36,31,16,11,11,36),(1,'2018-05-16 03:42:53.202997','2018-05-16 03:42:53.203119',41,26,36,11,11,41),(1,'2018-05-16 04:07:14.863224','2018-05-16 04:07:14.863397',46,16,41,11,11,46),(1,'2018-05-16 04:40:21.136778','2018-05-16 04:40:21.136911',51,36,46,11,11,51),(1,'2018-05-16 04:46:31.267491','2018-05-16 04:46:31.267612',56,36,51,11,11,56),(1,'2018-05-16 04:59:39.404467','2018-05-16 04:59:39.404603',61,11,41,11,11,61),(1,'2018-05-16 05:14:54.378821','2018-05-16 05:14:54.378953',66,41,56,11,11,66),(1,'2018-05-16 05:29:27.484878','2018-05-16 05:29:27.484999',71,6,6,11,11,71),(1,'2018-05-16 05:45:09.807693','2018-05-16 05:45:09.807815',76,11,41,11,11,76),(1,'2018-05-16 06:03:26.195481','2018-05-16 06:03:26.195636',81,11,61,11,11,81),(1,'2018-05-16 06:16:24.747595','2018-05-16 06:16:24.747719',86,26,21,11,11,86),(1,'2018-05-16 06:31:09.229471','2018-05-16 06:31:09.229591',91,11,6,11,11,91),(1,'2018-05-16 06:44:53.219876','2018-05-16 06:44:53.219996',96,41,56,11,11,96),(1,'2018-05-16 07:03:34.847175','2018-05-17 04:53:06.289719',101,46,66,11,11,101),(1,'2018-05-16 07:23:57.651407','2018-05-16 07:23:57.651528',106,51,71,11,11,106),(1,'2018-05-17 02:16:38.676929','2018-05-17 02:16:38.677049',111,26,76,11,11,111),(1,'2018-05-17 02:23:24.174735','2018-05-17 02:23:24.174855',116,36,51,11,11,116),(1,'2018-05-17 02:40:08.917058','2018-05-17 04:56:15.789324',121,56,66,11,11,121),(1,'2018-05-17 02:55:02.187117','2018-05-17 02:55:02.187250',126,6,6,11,11,126),(1,'2018-05-17 03:21:49.335439','2018-05-17 03:21:49.335618',131,6,41,11,11,131),(1,'2018-05-17 04:01:13.917000','2018-05-17 04:01:13.917117',136,6,81,11,11,136),(1,'2018-05-17 04:19:06.669656','2018-05-17 04:19:06.669776',141,36,51,11,11,141),(1,'2018-05-17 04:42:00.927589','2018-05-17 04:42:00.927708',146,16,41,11,11,146),(1,'2018-05-17 04:48:01.756991','2018-05-17 04:48:01.757119',151,16,41,11,11,151),(1,'2018-05-18 02:26:47.542447','2018-05-18 02:26:47.542616',156,16,86,11,11,156),(1,'2018-05-18 02:43:33.294854','2018-05-18 02:43:33.294975',161,61,91,11,11,161),(1,'2018-05-18 02:58:54.918918','2018-05-18 02:58:54.919041',166,11,41,11,11,166),(1,'2018-05-18 03:18:52.589102','2018-05-18 03:18:52.589227',171,36,51,11,11,171),(1,'2018-05-18 03:39:02.646024','2018-05-18 03:39:02.646199',176,26,96,11,11,176),(1,'2018-05-18 03:56:45.310816','2018-05-18 03:56:45.310938',181,16,71,11,11,181),(1,'2018-05-18 04:06:08.464489','2018-05-18 04:06:08.464610',186,16,41,11,11,186),(1,'2018-05-18 04:17:12.304696','2018-05-18 04:17:12.304816',191,11,41,11,11,191),(1,'2018-05-18 04:27:31.442198','2018-05-18 04:27:31.442320',196,16,41,11,11,196),(1,'2018-05-18 04:39:14.391563','2018-05-18 04:39:14.391687',201,16,41,11,11,201),(1,'2018-05-18 04:48:01.604459','2018-05-18 04:48:01.604580',206,16,101,11,11,206),(1,'2018-05-18 04:54:49.775993','2018-05-18 04:54:49.776115',211,6,61,11,11,211),(1,'2018-05-18 05:06:38.864277','2018-05-18 05:06:38.864399',216,51,106,11,11,216),(1,'2018-05-18 05:19:15.714803','2018-05-18 05:19:15.714924',221,51,111,11,11,221),(1,'2018-05-18 05:42:24.983114','2018-05-18 05:42:24.983236',226,11,6,11,11,226),(1,'2018-05-18 05:59:27.848275','2018-05-18 05:59:27.848411',231,16,41,11,11,231),(1,'2018-05-18 06:15:57.569188','2018-05-18 06:15:57.569307',236,41,116,11,11,236),(1,'2018-05-18 06:18:33.573670','2018-05-18 06:18:33.573790',241,16,81,11,11,241),(1,'2018-05-18 06:41:13.829749','2018-05-18 06:41:13.829872',246,6,41,11,11,246),(1,'2018-05-18 06:48:27.616829','2018-05-18 06:48:27.616950',251,6,41,11,11,251),(1,'2018-05-18 07:07:03.408768','2018-05-18 07:07:03.408890',256,16,81,11,11,256),(1,'2018-05-18 07:23:18.735682','2018-05-18 07:23:18.735802',261,66,121,11,11,261),(1,'2018-05-19 02:26:24.201848','2018-05-19 02:26:24.201969',266,36,51,11,11,266),(1,'2018-05-19 02:45:40.759219','2018-05-19 02:45:40.759338',271,51,126,11,11,271),(1,'2018-05-19 02:52:58.145891','2018-05-19 02:52:58.146010',276,26,76,11,11,276),(1,'2018-05-19 03:17:52.796485','2018-05-19 03:17:52.796624',281,16,86,11,11,281),(1,'2018-05-19 03:28:53.305994','2018-05-19 03:28:53.306112',286,11,81,11,11,286),(1,'2018-05-19 03:47:16.248119','2018-05-19 03:47:16.248242',291,16,41,11,11,291),(1,'2018-05-19 04:04:07.235375','2018-05-19 04:04:07.235496',296,36,111,11,11,296),(1,'2018-05-19 04:15:58.668568','2018-05-19 04:15:58.668689',301,26,131,11,11,301),(1,'2018-05-19 04:31:31.766120','2018-05-19 04:31:31.766239',306,36,111,11,11,306),(1,'2018-05-19 04:46:34.609202','2018-05-19 04:46:34.609323',311,36,51,11,11,311),(1,'2018-05-19 05:02:01.695702','2018-05-19 05:02:01.695819',316,16,61,11,11,316),(1,'2018-05-19 05:12:10.598488','2018-05-19 05:12:10.598621',321,36,51,11,11,321),(1,'2018-05-19 05:37:19.135865','2018-05-19 05:37:19.135989',326,11,81,11,11,326),(1,'2018-05-21 02:09:25.480969','2018-05-21 02:09:25.481093',331,41,136,11,11,331),(1,'2018-05-21 02:27:13.627866','2018-05-21 02:27:13.627989',336,26,36,11,11,336),(1,'2018-05-21 02:42:20.693758','2018-05-21 02:42:20.693881',341,6,6,11,11,341),(1,'2018-05-21 02:53:15.691292','2018-05-21 02:53:15.691414',346,11,41,11,11,346),(1,'2018-05-21 03:08:28.385757','2018-05-21 03:08:28.385874',351,11,61,11,11,351),(1,'2018-05-21 03:24:11.019037','2018-05-21 03:24:11.019177',356,36,141,11,11,356),(1,'2018-05-21 03:42:46.708499','2018-05-21 03:42:46.708617',361,41,136,11,11,361),(1,'2018-05-21 03:48:53.248972','2018-05-21 03:48:53.249092',366,6,146,11,11,366),(1,'2018-05-21 03:58:37.556765','2018-05-21 03:58:37.556892',371,46,11,11,11,371),(1,'2018-05-21 04:25:45.802418','2018-05-21 04:25:45.802538',376,6,81,11,11,376),(1,'2018-05-21 04:25:45.820785','2018-05-21 04:25:45.820912',381,26,96,11,11,376),(1,'2018-05-21 05:01:17.010580','2018-05-21 05:01:17.010715',386,76,16,11,11,381),(1,'2018-05-21 05:14:17.142470','2018-05-21 05:14:17.142590',391,11,81,11,11,386),(1,'2018-05-21 05:30:30.904857','2018-05-21 05:30:30.904990',396,71,56,11,11,391),(1,'2018-05-21 05:52:00.530361','2018-05-21 05:52:00.530481',401,6,6,11,11,396),(1,'2018-05-21 06:16:47.576804','2018-05-21 06:16:47.576923',406,26,151,11,11,401),(1,'2018-05-21 06:38:55.026953','2018-05-21 06:38:55.027075',411,6,6,11,11,406),(1,'2018-05-21 06:57:50.965927','2018-05-21 06:57:50.966047',416,21,11,11,11,411),(1,'2018-05-21 06:57:51.053750','2018-05-21 06:57:51.053900',421,16,41,11,11,411),(1,'2018-05-21 07:11:01.950403','2018-05-21 07:11:01.950526',426,36,56,11,11,416),(1,'2018-05-21 07:31:14.861880','2018-05-21 07:31:14.861999',431,36,111,11,11,421),(1,'2018-05-21 07:41:02.180287','2018-05-21 07:41:02.180407',436,11,6,11,11,426),(1,'2018-05-22 05:36:26.350506','2018-05-22 05:36:26.350675',441,11,41,11,11,431),(1,'2018-05-22 06:00:28.092347','2018-05-22 06:00:28.092476',446,6,41,11,11,436),(1,'2018-05-22 06:10:11.444056','2018-05-22 06:10:11.444170',451,41,156,11,11,331),(1,'2018-05-22 06:29:36.069643','2018-05-22 06:29:36.069762',456,16,81,11,11,441),(1,'2018-05-22 06:35:11.082415','2018-05-22 06:35:11.082533',461,41,56,11,11,446),(1,'2018-05-22 06:49:52.343317','2018-05-22 06:49:52.343437',466,11,146,11,11,451),(1,'2018-05-22 07:07:43.291496','2018-05-22 07:07:43.291613',471,11,61,11,11,456),(1,'2018-05-22 07:12:18.142080','2018-05-22 07:12:18.142198',476,16,61,11,11,461),(1,'2018-05-22 07:26:20.180276','2018-05-22 08:55:15.883439',481,11,61,11,11,466),(1,'2018-05-22 08:26:25.895943','2018-05-22 08:26:25.896057',486,11,61,11,11,471),(1,'2018-05-22 08:34:50.431983','2018-05-22 08:34:50.432099',491,21,91,11,11,476),(1,'2018-05-22 09:09:16.769896','2018-05-22 09:09:16.770018',496,16,146,11,11,481),(1,'2018-05-22 09:09:16.787291','2018-05-22 09:09:16.787411',501,26,96,11,11,481),(1,'2018-05-23 02:00:01.749606','2018-05-23 02:00:01.749770',506,6,6,11,11,486),(1,'2018-05-23 02:15:46.371341','2018-05-23 02:15:46.371465',511,16,81,11,11,491),(1,'2018-05-23 02:32:29.069066','2018-05-23 02:32:29.069190',516,26,21,11,11,496),(1,'2018-05-23 02:45:10.548184','2018-05-23 02:45:10.548307',521,36,111,11,11,501),(1,'2018-05-23 03:09:37.382546','2018-05-23 03:09:37.382666',526,11,6,11,11,506),(1,'2018-05-23 03:27:18.664441','2018-05-23 03:27:18.664580',531,11,61,11,11,511),(1,'2018-05-23 03:37:49.400520','2018-05-23 03:37:49.400645',536,16,41,11,11,516),(1,'2018-05-23 03:37:49.418128','2018-05-23 03:37:49.418255',541,36,161,11,11,516),(1,'2018-05-23 03:58:24.002981','2018-05-23 03:58:24.003104',546,36,11,11,11,521),(1,'2018-05-23 04:00:01.602313','2018-05-23 04:00:01.602433',551,36,51,11,11,526),(1,'2018-05-23 04:10:04.453180','2018-05-23 04:10:04.453302',556,26,26,11,11,531),(1,'2018-05-23 05:38:23.261209','2018-05-23 05:38:23.261331',561,6,81,11,11,536),(1,'2018-05-23 05:45:13.500132','2018-05-23 05:45:13.500250',566,26,76,11,11,541),(1,'2018-05-23 05:56:02.823923','2018-05-23 05:56:02.824043',571,6,6,11,11,546),(1,'2018-05-23 06:13:13.913553','2018-05-23 06:13:13.913672',576,11,86,11,11,551),(1,'2018-05-23 06:36:03.827520','2018-05-23 06:36:03.827657',581,41,76,11,11,556),(1,'2018-05-23 06:52:33.040641','2018-05-23 06:52:33.040760',586,16,6,11,11,561),(1,'2018-05-23 07:16:23.719228','2018-05-23 07:16:23.719345',591,21,11,11,11,566),(1,'2018-05-24 02:32:05.472946','2018-05-24 02:32:05.473068',596,46,36,11,11,576),(1,'2018-05-24 02:44:31.455369','2018-05-24 02:44:31.455490',601,16,41,11,11,581),(1,'2018-05-24 03:19:16.846975','2018-05-24 03:19:16.847092',606,81,16,11,11,586),(1,'2018-05-24 03:36:41.614873','2018-05-24 03:36:41.614991',611,56,166,11,11,591),(1,'2018-05-24 03:54:50.115263','2018-05-24 03:54:50.115380',616,16,41,11,11,596),(1,'2018-05-24 03:54:50.133540','2018-05-24 03:54:50.133673',621,26,96,11,11,596),(1,'2018-05-24 04:13:34.686267','2018-05-24 04:13:34.686390',626,51,126,11,11,601),(1,'2018-05-24 04:13:35.212333','2018-05-24 04:13:35.212464',631,16,41,11,11,601),(1,'2018-05-24 04:26:54.839835','2018-05-24 04:26:54.839957',636,11,41,11,11,606),(1,'2018-05-24 04:37:43.413064','2018-05-24 04:37:43.413181',641,16,41,11,11,611),(1,'2018-05-24 04:51:39.643355','2018-05-24 04:51:39.643473',646,16,171,11,11,616),(1,'2018-05-24 05:16:05.560117','2018-05-24 05:16:05.560275',651,16,41,11,11,621),(1,'2018-05-24 05:24:28.211561','2018-05-24 05:24:28.211748',656,11,41,11,11,626),(1,'2018-05-24 05:32:41.500757','2018-05-24 05:32:41.500876',661,26,156,11,11,631),(1,'2018-05-24 05:40:48.992845','2018-05-24 05:40:48.992967',666,86,176,11,11,636),(1,'2018-05-24 05:52:14.901698','2018-05-24 05:52:14.901815',671,6,156,11,11,641),(1,'2018-05-24 05:52:14.919005','2018-05-24 05:52:14.919129',676,26,156,11,11,641),(1,'2018-05-24 05:58:09.878442','2018-05-24 05:58:09.878559',681,6,41,11,11,646),(1,'2018-05-24 06:24:57.299812','2018-05-24 06:24:57.299933',686,16,81,11,11,651),(1,'2018-05-24 06:29:44.724358','2018-05-24 06:29:44.724479',691,11,41,11,11,656),(1,'2018-05-24 06:29:44.742011','2018-05-24 06:29:44.742137',696,6,41,11,11,656),(1,'2018-05-24 06:48:37.739206','2018-05-24 06:48:37.739326',701,36,51,11,11,661),(1,'2018-05-24 07:01:05.912015','2018-05-24 07:01:05.912134',706,16,81,11,11,666),(1,'2018-05-24 07:16:32.015031','2018-05-24 07:16:32.015149',711,6,61,11,11,671),(1,'2018-05-24 07:45:23.640879','2018-05-24 07:45:23.640999',716,41,56,11,11,676),(1,'2018-05-24 08:00:34.897848','2018-05-24 08:00:34.897970',721,11,181,11,11,681),(1,'2018-05-24 08:08:40.516138','2018-05-24 08:08:40.516261',726,6,6,11,11,686),(1,'2018-05-24 08:21:59.223934','2018-05-24 08:21:59.224053',731,16,41,11,11,691),(1,'2018-05-25 01:53:16.551887','2018-05-25 01:53:16.552046',736,16,81,11,11,696),(1,'2018-05-25 01:54:06.668119','2018-05-25 01:54:06.668239',741,16,81,11,11,701),(1,'2018-05-25 02:01:49.119044','2018-05-25 02:01:49.119165',746,16,41,11,11,706),(1,'2018-05-25 02:21:00.818691','2018-05-25 02:21:00.818810',751,6,6,11,11,711),(1,'2018-05-25 02:21:00.837216','2018-05-25 02:21:00.837345',756,11,41,11,11,711),(1,'2018-05-25 02:34:08.501753','2018-05-25 02:34:08.501876',761,41,56,11,11,716),(1,'2018-05-25 02:42:03.142234','2018-05-25 02:42:03.142368',766,6,146,11,11,721),(1,'2018-05-25 03:20:19.245490','2018-05-25 03:20:19.245612',771,11,41,11,11,726),(1,'2018-05-25 03:20:19.263275','2018-05-25 03:20:19.263393',776,16,86,11,11,726),(1,'2018-05-25 03:42:57.665246','2018-05-25 03:42:57.665459',781,11,81,11,11,731),(1,'2018-05-25 04:01:00.658905','2018-05-25 04:01:00.659020',786,6,41,11,11,736),(1,'2018-05-25 04:01:00.676473','2018-05-25 04:01:00.676596',791,11,41,11,11,736),(1,'2018-05-25 04:14:31.852121','2018-05-25 04:14:31.852238',796,16,86,11,11,741),(1,'2018-05-25 04:28:54.944821','2018-05-25 04:28:54.944938',801,16,81,11,11,746),(1,'2018-05-25 04:48:46.770351','2018-05-25 04:48:46.770469',806,11,41,11,11,751),(1,'2018-05-25 05:03:10.407870','2018-05-25 05:03:10.407986',811,11,81,11,11,756),(1,'2018-05-25 05:19:10.379742','2018-05-25 05:19:10.379863',816,21,91,11,11,761),(1,'2018-05-25 05:37:08.780847','2018-05-25 05:37:08.780980',821,91,186,11,11,766),(1,'2018-05-25 05:50:17.277762','2018-05-25 05:50:17.277883',826,16,6,11,11,771),(1,'2018-05-25 05:59:27.873570','2018-05-25 05:59:27.873688',831,16,41,11,11,776),(1,'2018-05-25 06:19:20.190019','2018-05-25 06:19:20.190138',836,11,61,11,11,781),(1,'2018-05-25 06:20:45.176066','2018-05-25 06:20:45.176186',841,6,61,11,11,786),(1,'2018-05-26 02:24:27.948453','2018-05-26 02:24:27.948572',846,61,11,11,11,791),(1,'2018-05-26 02:38:30.862036','2018-05-26 02:38:30.862167',851,6,81,11,11,796),(1,'2018-05-26 02:51:45.526736','2018-05-26 02:51:45.526859',856,96,6,11,11,801),(1,'2018-05-26 03:07:24.182743','2018-05-26 03:07:24.182865',861,81,191,11,11,806),(1,'2018-05-26 03:22:53.950418','2018-05-26 03:22:53.950546',866,46,111,11,11,811),(1,'2018-05-26 03:33:54.846169','2018-05-26 03:33:54.846296',871,6,6,11,11,816),(1,'2018-05-26 03:44:19.186027','2018-05-26 03:44:19.186148',876,6,41,11,11,821),(1,'2018-05-26 04:11:49.726922','2018-05-26 04:11:49.727044',881,11,81,11,11,826),(1,'2018-05-26 04:34:27.136789','2018-05-26 04:34:27.136912',886,26,191,11,11,831),(1,'2018-05-26 04:53:59.089181','2018-05-26 04:53:59.089305',891,101,136,11,11,836),(1,'2018-05-26 05:13:36.615270','2018-05-29 03:26:21.780512',896,96,6,11,11,841),(1,'2018-05-26 05:28:53.303738','2018-05-26 05:28:53.303858',901,6,181,11,11,846),(1,'2018-05-26 06:10:17.130928','2018-05-26 06:10:17.131051',906,16,6,11,11,851),(1,'2018-05-26 06:31:01.226184','2018-05-26 06:31:01.226305',911,41,56,11,11,856),(1,'2018-05-26 06:31:01.243891','2018-05-26 06:31:01.244019',916,26,36,11,11,856),(1,'2018-05-26 06:37:04.415719','2018-05-26 06:37:04.415844',921,16,101,11,11,861),(1,'2018-05-26 06:53:49.376180','2018-05-26 06:53:49.376301',926,11,146,11,11,866),(1,'2018-05-26 07:22:55.267139','2018-05-26 07:22:55.267258',931,16,171,11,11,871),(1,'2018-05-26 07:45:06.717646','2018-05-26 07:45:06.717765',936,56,51,11,11,876),(1,'2018-05-26 07:58:51.239954','2018-05-26 07:58:51.240073',941,71,56,11,11,881),(1,'2018-05-26 08:10:21.203291','2018-05-26 08:10:21.203408',946,6,81,11,11,886),(1,'2018-05-28 02:05:15.025291','2018-05-28 02:05:15.025451',951,106,71,11,11,891),(1,'2018-05-28 02:12:16.007416','2018-05-28 02:12:16.007537',956,16,41,11,11,896),(1,'2018-05-28 02:26:27.833294','2018-05-28 02:26:27.833413',961,51,106,11,11,901),(1,'2018-05-28 02:35:54.874290','2018-05-28 02:35:54.874411',966,6,6,11,11,906),(1,'2018-05-28 02:51:29.203893','2018-05-28 02:51:29.204012',971,111,196,11,11,911),(1,'2018-05-28 03:07:10.978483','2018-05-28 03:07:10.978606',976,56,71,11,11,916),(1,'2018-05-28 03:15:18.479503','2018-05-28 03:15:18.479625',981,16,41,11,11,921),(1,'2018-05-28 03:20:12.391214','2018-05-28 03:20:12.391332',986,16,41,11,11,926),(1,'2018-05-28 03:35:03.748948','2018-05-28 03:35:03.749070',991,16,41,11,11,931),(1,'2018-05-28 03:37:26.292112','2018-05-28 03:37:26.292235',996,16,71,11,11,936),(1,'2018-05-28 03:53:04.786198','2018-05-28 03:53:04.786313',1001,11,156,11,11,941),(1,'2018-05-28 04:00:51.841080','2018-05-28 04:00:51.841244',1006,36,51,11,11,946),(1,'2018-05-28 04:13:05.904756','2018-05-28 04:13:05.904877',1011,36,111,11,11,951),(1,'2018-05-28 04:38:41.747469','2018-05-28 04:38:41.747587',1016,41,56,11,11,956),(1,'2018-05-28 04:50:21.043636','2018-05-28 04:50:21.043758',1021,111,196,11,11,961),(1,'2018-05-29 02:06:24.468818','2018-05-29 02:06:24.468935',1026,6,41,11,11,966),(1,'2018-05-29 02:16:58.077412','2018-05-29 02:16:58.077528',1031,6,81,11,11,971),(1,'2018-05-29 02:40:45.394866','2018-05-29 02:40:45.394986',1036,6,156,11,11,976),(1,'2018-05-29 03:01:33.902216','2018-05-29 03:01:33.902335',1041,6,61,11,11,981),(1,'2018-05-29 03:01:33.920578','2018-05-29 03:01:33.920702',1046,11,41,11,11,981),(1,'2018-05-29 03:13:48.340356','2018-05-29 03:13:48.340474',1051,11,171,11,11,986),(1,'2018-05-29 03:36:57.651741','2018-05-29 03:36:57.651860',1056,16,41,11,11,991),(1,'2018-05-29 03:52:52.027708','2018-05-29 03:52:52.027826',1061,11,6,11,11,996),(1,'2018-05-29 04:05:53.097007','2018-05-29 04:05:53.097129',1066,11,61,11,11,1001),(1,'2018-05-29 04:19:55.600301','2018-05-29 04:19:55.600420',1071,11,81,11,11,1006),(1,'2018-05-29 04:48:47.881825','2018-05-29 04:48:47.881944',1076,16,156,11,11,1011),(1,'2018-05-29 05:03:48.724581','2018-05-29 05:03:48.724699',1081,51,126,11,11,1016),(1,'2018-05-29 05:12:17.930178','2018-05-29 05:12:17.930298',1086,6,146,11,11,1021),(1,'2018-05-29 05:27:08.622049','2018-05-29 05:27:08.622168',1091,96,41,11,11,1026),(1,'2018-05-29 05:35:29.869044','2018-05-29 05:35:29.869163',1096,6,81,11,11,1031),(1,'2018-05-29 05:42:05.068553','2018-05-29 05:42:05.068671',1101,66,201,11,11,1036),(1,'2018-05-29 05:51:27.765408','2018-05-29 05:51:27.765527',1106,36,51,11,11,1041),(1,'2018-05-30 02:11:20.225902','2018-05-30 02:11:20.226068',1111,6,81,11,11,1046),(1,'2018-05-30 02:25:40.338450','2018-05-30 02:25:40.338570',1116,6,156,11,11,1051),(1,'2018-05-30 02:43:50.116431','2018-05-30 02:43:50.116552',1121,11,81,11,11,1056),(1,'2018-05-30 03:00:45.941886','2018-05-30 03:00:45.942011',1126,116,36,11,11,1061),(1,'2018-05-30 03:08:43.418668','2018-05-30 03:08:43.418797',1131,11,6,11,11,1066),(1,'2018-05-30 03:22:33.091268','2018-05-30 03:22:33.091388',1136,16,41,11,11,1071),(1,'2018-05-30 03:23:12.592326','2018-05-30 03:23:12.592448',1141,16,41,11,11,1076),(1,'2018-05-30 03:29:39.682684','2018-05-30 03:29:39.682806',1146,101,41,11,11,1081),(1,'2018-05-30 03:40:41.236451','2018-05-30 03:40:41.236570',1151,16,81,11,11,1086),(1,'2018-05-30 03:49:10.846971','2018-05-30 03:49:10.847090',1156,16,41,11,11,1091),(1,'2018-05-30 04:31:28.984305','2018-05-30 04:31:28.984426',1161,111,156,11,11,1096),(1,'2018-05-30 04:51:59.102601','2018-05-30 04:51:59.102739',1166,11,156,11,11,1101),(1,'2018-05-30 04:51:59.120095','2018-05-30 04:51:59.120219',1171,11,86,11,11,1101),(1,'2018-05-30 05:05:44.611732','2018-05-30 05:05:44.611935',1176,6,86,11,11,1106),(1,'2018-05-30 05:21:43.271683','2018-05-30 05:21:43.271802',1181,11,41,11,11,1111),(1,'2018-05-30 05:21:43.289491','2018-05-30 05:21:43.289616',1186,26,96,11,11,1111),(1,'2018-05-30 05:36:02.140279','2018-05-30 05:36:02.140400',1191,11,81,11,11,1116),(1,'2018-05-30 05:54:12.111971','2018-05-30 05:54:12.112091',1196,6,6,11,11,1121),(1,'2018-05-30 05:54:12.130015','2018-05-30 05:54:12.130138',1201,11,41,11,11,1121),(1,'2018-05-30 06:05:29.175420','2018-05-30 06:05:29.175539',1206,16,41,11,11,1126),(1,'2018-05-30 06:11:05.427750','2018-05-30 06:11:05.427917',1211,11,41,11,11,1131),(1,'2018-05-30 06:19:42.685052','2018-05-30 06:19:42.685188',1216,11,6,11,11,1136),(1,'2018-06-07 02:36:56.979641','2018-06-07 02:36:56.979764',1221,46,156,11,11,1141),(1,'2018-06-07 02:57:41.442243','2018-06-07 02:57:41.442361',1226,11,156,11,11,1146),(1,'2018-06-07 03:12:21.385749','2018-06-07 03:12:21.385888',1231,16,61,11,11,1151),(1,'2018-06-07 03:52:52.075324','2018-06-07 03:52:52.075443',1236,36,51,11,11,1156),(1,'2018-06-07 04:11:53.443265','2018-06-07 04:11:53.443383',1241,6,81,11,11,1161),(1,'2018-06-07 04:23:06.731277','2018-06-07 04:23:06.731395',1246,11,156,11,11,1166),(1,'2018-06-07 04:45:27.829533','2018-06-07 04:45:27.829651',1251,51,106,11,11,1171),(1,'2018-06-07 05:10:01.866258','2018-06-07 05:10:01.866376',1256,16,41,11,11,1176),(1,'2018-06-07 05:23:36.403269','2018-06-07 05:23:36.403390',1261,6,41,11,11,1181),(1,'2018-06-14 18:52:35.581674','2018-06-14 18:52:35.581772',1262,41,56,12,12,1182),(1,'2018-06-17 18:28:56.830031','2018-06-17 18:28:56.830136',1263,111,131,12,12,1183),(1,'2018-09-04 10:53:48.898639','2018-09-04 10:53:48.898735',1264,16,101,6,6,1184),(1,'2018-09-04 11:11:29.361470','2018-09-04 11:11:29.361566',1265,36,111,6,6,1186),(1,'2018-09-04 11:33:43.073696','2018-09-04 11:33:43.073788',1266,6,6,6,6,1187),(1,'2018-09-04 11:37:18.279292','2018-09-04 11:37:18.279390',1267,16,71,6,6,1188),(1,'2018-09-04 11:52:32.111490','2018-09-04 11:52:32.111598',1268,11,6,6,6,1189),(1,'2018-09-04 11:52:32.128847','2018-09-04 11:52:32.128954',1269,6,176,6,6,1189),(1,'2018-09-04 12:11:58.072799','2018-09-04 12:11:58.072898',1270,11,41,6,6,1190),(1,'2018-09-04 12:33:02.265090','2018-09-04 12:33:02.265191',1271,26,131,6,6,1191),(1,'2018-09-04 12:44:40.171458','2018-09-04 12:44:40.171554',1272,51,126,6,6,1192),(1,'2018-09-04 13:02:01.172875','2018-09-04 13:02:01.172969',1273,26,36,6,6,1193),(1,'2018-09-04 13:17:17.021645','2018-09-04 13:17:17.021756',1274,6,41,6,6,1194),(1,'2018-09-04 13:36:16.102926','2018-09-04 13:36:16.103022',1275,6,41,6,6,1195),(1,'2018-09-04 13:36:16.120220','2018-09-04 13:36:16.120319',1276,11,41,6,6,1195),(1,'2018-09-04 15:23:59.321474','2018-09-04 15:23:59.321570',1277,6,156,6,6,1196),(1,'2018-09-04 15:47:06.700135','2018-09-04 15:47:06.700233',1278,16,41,6,6,1197),(1,'2018-09-06 10:04:04.254814','2018-09-06 10:04:04.254913',1279,11,61,6,6,1198),(1,'2018-09-06 10:15:32.021150','2018-09-06 10:15:32.021279',1280,11,146,6,6,1199),(1,'2018-09-06 10:34:29.393281','2018-09-06 10:34:29.393377',1281,16,41,6,6,1200),(1,'2018-09-06 10:34:29.411394','2018-09-06 10:34:29.411498',1282,26,131,6,6,1200),(1,'2018-09-06 10:52:58.595121','2018-09-06 10:52:58.595224',1283,36,141,6,6,1201),(1,'2018-09-06 11:19:46.633010','2018-09-06 11:19:46.633112',1284,6,6,6,6,1202),(1,'2018-09-06 11:36:58.763038','2018-09-06 11:36:58.763136',1285,41,116,6,6,1203),(1,'2018-09-06 11:55:53.868472','2018-09-06 11:55:53.868573',1286,6,146,6,6,1204),(1,'2018-09-06 12:35:23.188501','2018-09-06 12:35:23.188600',1287,11,6,6,6,1205),(1,'2018-09-06 13:12:06.326351','2018-09-06 13:12:06.326446',1288,36,71,6,6,1206),(1,'2018-09-06 13:23:57.528019','2018-09-06 13:23:57.528120',1289,46,71,6,6,1207),(1,'2018-09-06 13:42:51.337265','2018-09-06 13:42:51.337361',1290,51,126,6,6,1209),(1,'2018-09-06 13:57:34.924232','2018-09-06 13:57:34.924331',1291,46,51,6,6,1210),(1,'2018-09-06 14:08:08.771695','2018-09-06 14:08:08.771843',1292,11,81,6,6,1211),(1,'2018-09-06 14:19:52.670803','2018-09-06 14:19:52.670899',1293,31,16,6,6,1212),(1,'2018-09-06 14:29:43.017051','2018-09-06 14:29:43.017148',1294,11,81,6,6,1213),(1,'2018-09-06 14:43:43.739069','2018-09-06 14:43:43.739165',1295,16,81,6,6,1214),(1,'2018-09-07 10:04:31.960611','2018-09-07 10:04:31.960706',1296,6,41,6,6,1215),(1,'2018-09-07 10:04:31.980572','2018-09-07 10:04:31.980669',1297,11,41,6,6,1215),(1,'2018-09-07 10:11:27.575890','2018-09-07 10:11:27.575991',1298,46,156,6,6,1216),(1,'2018-09-07 10:26:29.951348','2018-09-07 10:26:29.951444',1299,6,146,6,6,1217),(1,'2018-09-07 10:38:21.273735','2018-09-07 10:38:21.273831',1300,26,56,6,6,1218),(1,'2018-09-07 10:55:54.165682','2018-09-07 10:55:54.165778',1301,6,81,6,6,1219),(1,'2018-09-07 11:08:14.706915','2018-09-07 11:08:14.707016',1302,26,76,6,6,1220),(1,'2018-09-07 11:19:53.908714','2018-09-07 11:19:53.908815',1303,26,96,6,6,1221),(1,'2018-09-07 11:38:54.540646','2018-09-07 11:38:54.540743',1304,36,141,6,6,1222),(1,'2018-09-07 11:56:42.547968','2018-09-07 11:56:42.548069',1305,16,81,6,6,1223),(1,'2018-09-07 12:00:09.735277','2018-09-07 12:00:09.735374',1306,86,176,6,6,1224),(1,'2018-09-07 12:09:14.745983','2018-09-07 12:09:14.746079',1307,16,41,6,6,1225),(1,'2018-09-07 12:42:25.580956','2018-09-07 12:42:25.581056',1308,16,41,6,6,1226),(1,'2018-09-07 12:42:25.598135','2018-09-07 12:42:25.598237',1309,26,131,6,6,1226),(1,'2018-09-07 13:05:06.096611','2018-09-07 13:05:06.096706',1310,36,66,6,6,1227),(1,'2018-09-07 15:11:50.831498','2018-09-07 15:11:50.831597',1311,36,203,6,6,1228),(1,'2018-09-07 15:29:29.516858','2018-09-07 15:29:29.516955',1312,11,6,6,6,1229),(1,'2018-09-07 15:49:08.550641','2018-09-07 15:49:08.550742',1313,21,204,6,6,1230),(1,'2018-09-08 10:06:40.542150','2018-09-08 10:06:40.542251',1314,11,6,11,11,1231);
/*!40000 ALTER TABLE `visit_complaint` ENABLE KEYS */;
UNLOCK TABLES;

--
-- Table structure for table `visit_complaint_finding`
--

DROP TABLE IF EXISTS `visit_complaint_finding`;
/*!40101 SET @saved_cs_client     = @@character_set_client */;
/*!40101 SET character_set_client = utf8 */;
CREATE TABLE `visit_complaint_finding` (
  `id` int(11) NOT NULL AUTO_INCREMENT,
  `complaint_id` int(11) NOT NULL,
  `finding_id` int(11) NOT NULL,
  PRIMARY KEY (`id`),
  UNIQUE KEY `visit_complaint_finding_complaint_id_finding_id_4b311d39_uniq` (`complaint_id`,`finding_id`),
  KEY `visit_complaint_finding_finding_id_3b56644d_fk_visit_finding_id` (`finding_id`),
  CONSTRAINT `visit_complaint_find_complaint_id_7cf4da80_fk_visit_com` FOREIGN KEY (`complaint_id`) REFERENCES `visit_complaint` (`id`),
  CONSTRAINT `visit_complaint_finding_finding_id_3b56644d_fk_visit_finding_id` FOREIGN KEY (`finding_id`) REFERENCES `visit_finding` (`id`)
) ENGINE=InnoDB AUTO_INCREMENT=1627 DEFAULT CHARSET=latin1;
/*!40101 SET character_set_client = @saved_cs_client */;

--
-- Dumping data for table `visit_complaint_finding`
--

LOCK TABLES `visit_complaint_finding` WRITE;
/*!40000 ALTER TABLE `visit_complaint_finding` DISABLE KEYS */;
INSERT INTO `visit_complaint_finding` VALUES (1,1,1),(6,6,6),(11,11,11),(16,16,16),(21,21,21),(26,26,26),(31,31,31),(36,36,11),(41,41,36),(46,46,41),(51,51,46),(56,56,51),(66,61,31),(61,61,56),(71,66,61),(76,71,56),(81,76,66),(86,76,71),(91,81,76),(96,86,21),(101,91,81),(106,96,86),(111,101,91),(116,106,96),(121,106,101),(126,111,106),(131,116,61),(136,121,111),(141,126,116),(146,131,71),(151,136,116),(156,141,51),(161,146,116),(171,151,116),(166,151,121),(176,156,61),(181,161,61),(186,166,116),(196,171,126),(191,171,131),(201,176,21),(206,181,136),(211,186,61),(216,191,116),(221,196,136),(226,201,136),(231,206,61),(236,211,141),(241,216,61),(246,221,61),(251,226,61),(256,231,56),(261,236,61),(266,241,61),(271,246,146),(276,251,151),(281,256,61),(286,261,156),(291,266,111),(296,271,161),(301,276,106),(306,281,66),(311,281,76),(316,286,81),(321,286,166),(326,291,171),(331,296,61),(336,301,21),(341,306,61),(346,311,126),(351,316,181),(356,321,186),(361,326,151),(366,331,61),(371,331,191),(381,336,36),(376,336,196),(386,341,56),(396,341,166),(391,341,201),(401,346,116),(406,351,56),(411,356,186),(421,361,206),(416,361,211),(426,366,61),(431,371,216),(436,376,56),(441,376,221),(446,381,56),(451,381,226),(456,386,91),(461,391,116),(466,396,231),(471,401,56),(481,401,116),(476,401,201),(486,406,236),(496,411,201),(491,411,241),(501,416,61),(506,421,116),(511,426,61),(516,426,101),(521,431,251),(526,436,201),(531,441,56),(536,441,66),(541,446,256),(546,451,191),(551,456,61),(556,461,61),(561,461,261),(566,466,266),(571,471,56),(576,471,76),(581,476,61),(586,481,271),(606,481,276),(591,486,56),(596,486,171),(601,491,61),(611,496,41),(616,501,281),(621,506,56),(626,506,201),(636,511,151),(631,511,201),(641,516,21),(646,521,61),(656,526,61),(661,526,286),(651,526,291),(666,531,56),(671,531,76),(676,536,296),(681,541,61),(686,546,301),(691,551,216),(696,556,61),(701,561,306),(706,566,106),(711,571,56),(716,576,61),(721,581,211),(726,586,56),(731,586,311),(736,591,316),(741,596,321),(746,601,136),(751,606,326),(756,611,56),(761,616,136),(766,616,171),(771,621,56),(776,626,161),(781,626,331),(786,631,171),(791,636,336),(796,641,171),(801,646,136),(806,651,116),(811,656,56),(816,661,341),(821,666,61),(826,671,61),(831,676,61),(836,681,346),(841,686,41),(851,691,151),(846,691,296),(856,696,56),(861,696,231),(866,701,351),(871,706,61),(876,711,151),(881,716,356),(886,721,56),(891,721,201),(896,726,201),(901,731,151),(906,736,61),(911,741,61),(916,746,136),(921,751,241),(926,756,151),(931,761,61),(936,766,296),(941,771,336),(946,776,336),(951,781,61),(956,786,171),(961,791,151),(966,796,61),(971,801,361),(976,806,71),(981,811,21),(986,816,366),(991,821,371),(996,826,136),(1001,831,61),(1006,836,56),(1011,836,76),(1016,841,56),(1021,841,376),(1026,846,381),(1036,851,81),(1031,851,336),(1041,856,386),(1046,856,391),(1051,861,21),(1056,866,61),(1066,871,151),(1061,871,201),(1071,876,396),(1076,881,56),(1081,881,401),(1086,886,21),(1091,891,206),(1096,896,406),(1101,901,376),(1116,906,151),(1106,906,201),(1111,906,406),(1121,911,131),(1126,916,411),(1131,921,61),(1136,926,76),(1141,931,56),(1146,936,416),(1151,941,206),(1156,946,136),(1161,946,401),(1166,951,211),(1171,956,136),(1176,961,421),(1181,966,201),(1186,971,426),(1191,976,351),(1196,981,136),(1201,986,61),(1211,991,61),(1206,991,136),(1216,996,61),(1221,1001,56),(1226,1001,76),(1231,1001,311),(1236,1006,126),(1241,1011,61),(1246,1016,61),(1251,1021,426),(1256,1026,431),(1261,1031,56),(1266,1031,401),(1271,1036,56),(1281,1036,151),(1276,1036,241),(1286,1041,436),(1291,1046,441),(1296,1051,306),(1301,1056,136),(1306,1061,56),(1311,1061,201),(1316,1066,56),(1321,1066,76),(1326,1066,376),(1331,1071,151),(1336,1076,151),(1346,1081,446),(1341,1081,451),(1351,1086,61),(1356,1091,456),(1361,1096,461),(1366,1101,456),(1371,1106,126),(1376,1111,61),(1381,1116,56),(1386,1116,376),(1391,1121,56),(1396,1121,401),(1401,1126,411),(1406,1131,466),(1411,1136,151),(1416,1141,151),(1421,1146,456),(1426,1151,266),(1431,1156,56),(1436,1156,306),(1441,1161,406),(1446,1166,171),(1451,1171,401),(1456,1176,61),(1461,1181,296),(1466,1186,351),(1471,1191,401),(1481,1196,151),(1476,1196,201),(1486,1201,151),(1491,1206,151),(1496,1211,151),(1506,1216,151),(1501,1216,166),(1511,1221,216),(1516,1226,66),(1521,1226,471),(1526,1231,171),(1531,1236,476),(1536,1241,151),(1541,1246,56),(1551,1251,421),(1546,1251,481),(1561,1256,151),(1556,1256,171),(1566,1261,401),(1571,1261,486),(1572,1262,171),(1573,1262,191),(1574,1263,106),(1575,1264,401),(1576,1265,61),(1577,1266,81),(1578,1267,61),(1579,1268,56),(1580,1269,441),(1581,1270,487),(1582,1271,196),(1583,1272,488),(1584,1273,486),(1585,1274,386),(1586,1275,489),(1587,1276,151),(1588,1277,431),(1589,1278,491),(1590,1279,487),(1591,1280,296),(1592,1281,116),(1593,1282,493),(1594,1283,186),(1595,1284,81),(1596,1285,61),(1597,1286,56),(1598,1287,494),(1599,1288,61),(1600,1289,495),(1601,1290,496),(1602,1290,497),(1603,1291,316),(1604,1292,151),(1605,1293,498),(1606,1294,151),(1607,1295,61),(1608,1296,66),(1609,1297,491),(1610,1298,61),(1611,1299,61),(1612,1300,498),(1613,1301,401),(1614,1302,406),(1615,1303,21),(1616,1304,476),(1617,1305,490),(1618,1306,497),(1619,1307,401),(1620,1308,386),(1621,1309,56),(1622,1310,61),(1623,1311,111),(1624,1312,166),(1625,1313,499),(1626,1314,71);
/*!40000 ALTER TABLE `visit_complaint_finding` ENABLE KEYS */;
UNLOCK TABLES;

--
-- Table structure for table `visit_complaint_treatment`
--

DROP TABLE IF EXISTS `visit_complaint_treatment`;
/*!40101 SET @saved_cs_client     = @@character_set_client */;
/*!40101 SET character_set_client = utf8 */;
CREATE TABLE `visit_complaint_treatment` (
  `id` int(11) NOT NULL AUTO_INCREMENT,
  `complaint_id` int(11) NOT NULL,
  `treatment_id` int(11) NOT NULL,
  PRIMARY KEY (`id`),
  UNIQUE KEY `visit_complaint_treatmen_complaint_id_treatment_i_38cf473c_uniq` (`complaint_id`,`treatment_id`),
  KEY `visit_complaint_trea_treatment_id_ae981dcc_fk_visit_tre` (`treatment_id`),
  CONSTRAINT `visit_complaint_trea_complaint_id_97f7ec8b_fk_visit_com` FOREIGN KEY (`complaint_id`) REFERENCES `visit_complaint` (`id`),
  CONSTRAINT `visit_complaint_trea_treatment_id_ae981dcc_fk_visit_tre` FOREIGN KEY (`treatment_id`) REFERENCES `visit_treatment` (`id`)
) ENGINE=InnoDB AUTO_INCREMENT=1777 DEFAULT CHARSET=latin1;
/*!40101 SET character_set_client = @saved_cs_client */;

--
-- Dumping data for table `visit_complaint_treatment`
--

LOCK TABLES `visit_complaint_treatment` WRITE;
/*!40000 ALTER TABLE `visit_complaint_treatment` DISABLE KEYS */;
INSERT INTO `visit_complaint_treatment` VALUES (1,1,1),(6,6,6),(11,11,11),(16,16,16),(21,21,26),(26,26,6),(31,31,31),(36,36,16),(41,41,16),(46,46,36),(51,51,6),(56,56,6),(61,61,6),(66,66,6),(71,71,6),(76,76,6),(81,81,6),(86,86,6),(91,91,6),(96,96,6),(101,101,6),(161,101,11),(106,106,16),(111,111,41),(116,116,16),(121,121,6),(171,121,46),(166,121,51),(126,126,36),(131,131,36),(136,136,36),(141,141,6),(146,146,36),(156,151,6),(151,151,36),(181,156,6),(176,156,16),(191,161,6),(186,161,16),(196,166,36),(201,171,6),(211,176,6),(206,176,36),(216,181,36),(221,186,36),(226,191,36),(231,196,36),(236,201,36),(241,206,56),(246,211,36),(251,216,61),(261,221,6),(256,221,16),(271,226,6),(266,226,16),(281,231,6),(276,231,36),(296,236,6),(286,236,16),(291,236,46),(301,241,16),(311,246,36),(306,246,66),(316,251,66),(321,256,71),(326,261,76),(341,266,6),(331,266,16),(336,266,36),(351,271,6),(346,271,81),(356,276,41),(366,281,6),(361,281,36),(376,286,6),(371,286,36),(386,291,6),(381,291,36),(401,296,6),(391,296,16),(396,296,51),(411,301,6),(406,301,46),(416,306,51),(421,306,86),(426,311,6),(431,316,6),(436,321,31),(441,326,36),(456,331,46),(446,331,51),(451,331,91),(471,336,6),(461,336,36),(466,336,46),(481,341,6),(476,341,36),(486,346,66),(496,351,36),(491,351,96),(506,356,6),(511,356,31),(501,356,51),(516,361,101),(521,366,16),(526,371,6),(536,376,6),(531,376,36),(541,381,36),(551,386,6),(546,386,106),(556,391,66),(561,396,6),(571,401,6),(566,401,36),(576,406,6),(581,406,31),(591,411,6),(586,411,36),(596,416,16),(601,421,66),(606,426,16),(611,426,51),(616,431,51),(621,431,111),(626,436,36),(631,441,36),(641,446,6),(636,446,36),(651,451,111),(646,451,116),(656,456,121),(661,461,126),(666,466,36),(676,471,6),(671,471,36),(681,476,16),(686,481,106),(696,486,6),(691,486,36),(701,491,16),(706,491,36),(711,496,16),(716,501,6),(726,506,6),(721,506,36),(736,511,6),(731,511,36),(746,516,6),(741,516,16),(756,521,6),(751,521,16),(761,526,16),(766,526,131),(771,526,136),(781,531,6),(776,531,36),(786,536,16),(791,541,16),(796,546,16),(801,551,6),(806,556,16),(816,561,6),(811,561,36),(826,566,6),(821,566,41),(831,571,36),(836,576,16),(841,576,141),(846,581,16),(851,581,111),(856,586,36),(861,591,146),(866,596,6),(876,601,1),(871,601,16),(881,606,151),(891,611,6),(886,611,36),(896,616,36),(901,621,6),(906,626,81),(911,631,36),(916,636,36),(921,641,36),(931,646,6),(926,646,36),(936,651,66),(941,656,36),(951,661,36),(946,661,156),(956,666,161),(961,671,166),(966,676,166),(971,681,31),(976,686,121),(981,691,66),(991,696,6),(986,696,36),(996,701,6),(1001,706,16),(1006,711,36),(1011,716,171),(1016,721,36),(1021,726,6),(1026,731,66),(1031,736,121),(1036,741,121),(1041,746,36),(1051,751,6),(1046,751,36),(1056,756,66),(1061,761,16),(1066,761,51),(1071,766,121),(1076,771,36),(1081,776,6),(1086,781,121),(1091,786,36),(1096,791,66),(1106,796,6),(1101,796,141),(1111,801,6),(1116,806,36),(1126,811,6),(1121,811,36),(1131,816,16),(1136,816,176),(1141,821,111),(1146,826,36),(1151,831,16),(1156,836,6),(1161,841,36),(1166,846,16),(1171,846,41),(1181,851,6),(1176,851,36),(1186,856,6),(1196,861,6),(1191,861,36),(1201,866,6),(1206,871,6),(1211,876,31),(1221,881,6),(1216,881,36),(1226,886,6),(1231,891,6),(1236,896,6),(1456,896,106),(1246,901,6),(1241,901,36),(1251,906,66),(1256,911,6),(1266,916,6),(1261,916,36),(1271,921,16),(1281,926,6),(1276,926,36),(1291,931,6),(1286,931,36),(1296,936,36),(1301,941,16),(1306,946,36),(1311,951,16),(1316,956,36),(1321,961,16),(1331,966,6),(1326,966,36),(1336,971,6),(1341,976,6),(1346,981,36),(1351,986,16),(1356,991,36),(1361,996,16),(1366,996,36),(1371,1001,36),(1376,1006,6),(1381,1011,16),(1386,1011,51),(1391,1016,16),(1401,1021,6),(1396,1021,106),(1406,1026,16),(1411,1026,36),(1421,1031,6),(1416,1031,36),(1426,1036,181),(1436,1041,36),(1431,1041,186),(1441,1046,16),(1451,1051,6),(1446,1051,36),(1461,1056,36),(1471,1061,6),(1466,1061,36),(1476,1066,36),(1481,1071,66),(1486,1076,66),(1496,1081,6),(1491,1081,81),(1501,1086,121),(1506,1091,41),(1511,1096,191),(1516,1101,41),(1521,1106,6),(1526,1111,121),(1536,1116,6),(1531,1116,36),(1546,1121,6),(1541,1121,36),(1551,1126,46),(1556,1131,196),(1561,1136,66),(1566,1141,66),(1571,1146,6),(1576,1151,121),(1586,1156,6),(1581,1156,36),(1591,1161,106),(1596,1166,36),(1601,1171,141),(1606,1176,141),(1611,1181,16),(1616,1186,16),(1621,1186,36),(1626,1191,121),(1636,1196,6),(1631,1196,36),(1641,1201,66),(1646,1206,66),(1651,1211,66),(1661,1216,6),(1656,1216,66),(1666,1221,6),(1671,1226,6),(1686,1231,6),(1681,1231,36),(1676,1231,121),(1691,1236,51),(1696,1241,36),(1701,1246,16),(1706,1246,36),(1711,1251,16),(1716,1256,36),(1721,1261,36),(1722,1262,16),(1723,1262,41),(1724,1263,31),(1725,1264,121),(1726,1265,6),(1727,1266,6),(1728,1267,16),(1729,1268,6),(1730,1269,16),(1731,1270,36),(1732,1271,36),(1733,1272,16),(1734,1273,36),(1735,1274,36),(1736,1275,31),(1737,1276,66),(1738,1277,36),(1739,1278,36),(1740,1279,36),(1741,1280,16),(1742,1281,36),(1743,1282,6),(1744,1283,31),(1745,1284,36),(1746,1285,6),(1747,1286,36),(1748,1287,6),(1749,1288,16),(1750,1289,41),(1751,1290,16),(1752,1291,16),(1753,1292,66),(1754,1293,16),(1755,1294,66),(1756,1295,16),(1757,1296,16),(1758,1297,36),(1759,1298,16),(1760,1299,16),(1761,1300,16),(1762,1301,36),(1763,1302,106),(1764,1303,6),(1765,1304,6),(1766,1305,36),(1767,1306,16),(1768,1307,16),(1769,1308,36),(1770,1309,36),(1771,1310,91),(1772,1311,6),(1773,1312,36),(1774,1313,16),(1776,1314,6),(1775,1314,36);
/*!40000 ALTER TABLE `visit_complaint_treatment` ENABLE KEYS */;
UNLOCK TABLES;

--
-- Table structure for table `visit_complaintname`
--

DROP TABLE IF EXISTS `visit_complaintname`;
/*!40101 SET @saved_cs_client     = @@character_set_client */;
/*!40101 SET character_set_client = utf8 */;
CREATE TABLE `visit_complaintname` (
  `is_active` tinyint(1) NOT NULL,
  `created_on` datetime(6) NOT NULL,
  `modified_on` datetime(6) NOT NULL,
  `id` int(11) NOT NULL AUTO_INCREMENT,
  `complaint_name` varchar(255) NOT NULL,
  `created_by_id` int(11) DEFAULT NULL,
  `modified_by_id` int(11) DEFAULT NULL,
  PRIMARY KEY (`id`),
  UNIQUE KEY `complaint_name` (`complaint_name`),
  KEY `visit_complaintname_created_by_id_ca17b8f5_fk_auth_user_id` (`created_by_id`),
  KEY `visit_complaintname_modified_by_id_e2bd6848_fk_auth_user_id` (`modified_by_id`),
  CONSTRAINT `visit_complaintname_created_by_id_ca17b8f5_fk_auth_user_id` FOREIGN KEY (`created_by_id`) REFERENCES `auth_user` (`id`),
  CONSTRAINT `visit_complaintname_modified_by_id_e2bd6848_fk_auth_user_id` FOREIGN KEY (`modified_by_id`) REFERENCES `auth_user` (`id`)
) ENGINE=InnoDB AUTO_INCREMENT=205 DEFAULT CHARSET=latin1;
/*!40101 SET character_set_client = @saved_cs_client */;

--
-- Dumping data for table `visit_complaintname`
--

LOCK TABLES `visit_complaintname` WRITE;
/*!40000 ALTER TABLE `visit_complaintname` DISABLE KEYS */;
INSERT INTO `visit_complaintname` VALUES (1,'2018-05-05 01:48:27.639206','2018-05-05 01:48:27.639334',1,'Comp1',1,1),(1,'2018-05-05 06:57:09.988987','2018-05-05 06:57:09.989112',6,'Ear pain',1,1),(1,'2018-05-05 07:56:55.410961','2018-05-05 07:56:55.411091',11,'oral check-up',6,6),(1,'2018-05-15 03:15:48.667554','2018-05-15 03:15:48.667680',16,'maxillary mass',6,6),(1,'2018-05-16 02:35:40.353840','2018-05-16 02:35:40.353969',21,'sneezing, itchiness',11,11),(1,'2018-05-16 02:56:47.799469','2018-05-16 02:56:47.799641',26,'frontal headache',11,11),(1,'2018-05-16 03:06:17.824909','2018-05-16 03:06:17.825037',31,'FB (rice)',11,11),(1,'2018-05-16 03:28:26.970517','2018-05-16 03:28:26.970666',36,'epistaxis',11,11),(1,'2018-05-16 03:49:42.869258','2018-05-16 03:49:42.869396',41,'ear check up',11,11),(1,'2018-05-16 04:35:11.613865','2018-05-16 04:35:11.613993',46,'cough, coryza, itchy throat',11,11),(1,'2018-05-16 04:42:48.916839','2018-05-16 04:42:48.916968',51,'odynophagia',11,11),(1,'2018-05-16 05:05:19.429192','2018-05-16 05:05:19.429325',56,'neck check up',11,11),(1,'2018-05-16 05:47:52.356378','2018-05-16 05:47:52.356515',61,'otorrhea',11,11),(1,'2018-05-16 07:02:22.175153','2018-05-16 07:02:22.175329',66,'bloody expectorate',11,11),(1,'2018-05-16 07:21:32.180716','2018-05-16 07:21:32.180864',71,'ENT check up',11,11),(1,'2018-05-17 02:13:54.256579','2018-05-17 02:13:54.256709',76,'nasal mass',11,11),(1,'2018-05-17 03:41:57.068588','2018-05-17 03:41:57.068712',81,'decreased hearing',11,11),(1,'2018-05-18 02:25:41.669376','2018-05-18 02:25:41.669505',86,'dizziness/vertigo',11,11),(1,'2018-05-18 02:27:56.998356','2018-05-18 02:27:56.998496',91,'oral check up',11,11),(1,'2018-05-18 03:20:10.458306','2018-05-18 03:20:10.458435',96,'rhinorrhea',11,11),(1,'2018-05-18 04:45:24.237576','2018-05-18 04:45:24.237704',101,'hard of hearing',11,11),(1,'2018-05-18 05:03:13.461358','2018-05-18 05:03:13.461484',106,'change of voice',11,11),(1,'2018-05-18 05:07:42.586796','2018-05-18 05:07:42.586929',111,'dysphagia',11,11),(1,'2018-05-18 06:01:28.643082','2018-05-18 06:01:28.643213',116,'nape pain',11,11),(1,'2018-05-18 07:15:59.459876','2018-05-18 07:15:59.460002',121,'facial asymmetry',11,11),(1,'2018-05-19 02:30:31.876984','2018-05-19 02:30:31.877112',126,'hoarseness',11,11),(1,'2018-05-19 04:05:39.425179','2018-05-19 04:05:39.425338',131,'nasal congestion',11,11),(1,'2018-05-21 02:04:32.460627','2018-05-21 02:04:32.460761',136,'neck mass',11,11),(1,'2018-05-21 03:10:55.835050','2018-05-21 03:10:55.835185',141,'FB sensation',11,11),(1,'2018-05-21 03:46:55.802257','2018-05-21 03:46:55.802393',146,'tinnitus',11,11),(1,'2018-05-21 05:54:26.517590','2018-05-21 05:54:26.517715',151,'foul smelling breath',11,11),(1,'2018-05-22 06:07:27.614145','2018-05-22 06:07:27.614268',156,'ff up',11,11),(1,'2018-05-23 03:37:23.093329','2018-05-23 03:37:23.093465',161,'halitosis',11,11),(1,'2018-05-24 03:28:44.385651','2018-05-24 03:28:44.385781',166,'post nasal drip',11,11),(1,'2018-05-24 04:39:58.914213','2018-05-24 04:39:58.914346',171,'itchiness',11,11),(1,'2018-05-24 05:39:40.484778','2018-05-24 05:39:40.484906',176,'check up',11,11),(1,'2018-05-24 07:52:20.701583','2018-05-24 07:52:20.701714',181,'otorrhagia',11,11),(1,'2018-05-25 05:34:22.006759','2018-05-25 05:34:22.006886',186,'proptosis',11,11),(1,'2018-05-26 02:53:46.003616','2018-05-26 02:53:46.003753',191,'facial pain',11,11),(1,'2018-05-28 02:38:51.867777','2018-05-28 02:38:51.867910',196,'nasal pain',11,11),(1,'2018-05-29 05:41:08.548438','2018-05-29 05:41:08.548563',201,'mandibular mass',11,11),(1,'2018-09-07 14:54:32.178468','2018-09-07 14:54:32.178568',203,'Itchy throat',6,6),(1,'2018-09-07 15:48:10.356544','2018-09-07 15:48:10.356655',204,'Gingival mass',6,6);
/*!40000 ALTER TABLE `visit_complaintname` ENABLE KEYS */;
UNLOCK TABLES;

--
-- Table structure for table `visit_diagnosis`
--

DROP TABLE IF EXISTS `visit_diagnosis`;
/*!40101 SET @saved_cs_client     = @@character_set_client */;
/*!40101 SET character_set_client = utf8 */;
CREATE TABLE `visit_diagnosis` (
  `is_active` tinyint(1) NOT NULL,
  `created_on` datetime(6) NOT NULL,
  `modified_on` datetime(6) NOT NULL,
  `id` int(11) NOT NULL AUTO_INCREMENT,
  `diagnosis` varchar(100) DEFAULT NULL,
  `remarks` varchar(100) DEFAULT NULL,
  `created_by_id` int(11) DEFAULT NULL,
  `modified_by_id` int(11) DEFAULT NULL,
  `visit_id` int(11) DEFAULT NULL,
  PRIMARY KEY (`id`)
) ENGINE=InnoDB AUTO_INCREMENT=38 DEFAULT CHARSET=utf8mb4;
/*!40101 SET character_set_client = @saved_cs_client */;

--
-- Dumping data for table `visit_diagnosis`
--

LOCK TABLES `visit_diagnosis` WRITE;
/*!40000 ALTER TABLE `visit_diagnosis` DISABLE KEYS */;
INSERT INTO `visit_diagnosis` VALUES (1,'2018-09-04 11:11:29.382222','2018-09-04 11:11:29.382322',1,'pharyngitis',NULL,6,6,1186),(1,'2018-09-04 11:52:32.148398','2018-09-04 11:52:32.148542',2,'COM, AS',NULL,6,6,1189),(1,'2018-09-04 12:11:58.090555','2018-09-04 12:11:58.090658',3,'COM, AS','inactive',6,6,1190),(1,'2018-09-04 13:02:01.192766','2018-09-04 13:02:01.192866',4,'epistaxis 2 to mucositis',NULL,6,6,1193),(1,'2018-09-04 15:23:59.341004','2018-09-04 15:23:59.341108',5,'COM,AD',NULL,6,6,1196),(1,'2018-09-04 15:47:06.721895','2018-09-04 15:47:06.722010',6,'dermatosis,AU',NULL,6,6,1197),(1,'2018-09-06 10:04:04.279441','2018-09-06 10:04:04.279536',7,'COM, AS w otitis externa',NULL,6,6,1198),(1,'2018-09-06 10:15:32.040037','2018-09-06 10:15:32.040145',8,'tinnitus 2 to blood flow',NULL,6,6,1199),(1,'2018-09-06 10:57:04.867082','2018-09-06 10:57:04.867246',9,'FB (fish bone), palatine tonsils, R',NULL,6,6,1201),(1,'2018-09-06 11:19:46.655161','2018-09-06 11:19:46.655263',10,'AOM,AD',NULL,6,6,1202),(1,'2018-09-06 11:19:46.657040','2018-09-06 11:19:46.657141',11,'ARS',NULL,6,6,1202),(1,'2018-09-06 11:55:53.889138','2018-09-06 11:55:53.889242',12,'otitis externa, AD',NULL,6,6,1204),(1,'2018-09-06 13:12:06.343629','2018-09-06 13:12:06.343728',13,'pharyngitis',NULL,6,6,1206),(1,'2018-09-06 13:24:40.695946','2018-09-06 13:24:40.696044',14,'mucosal tag',NULL,6,6,1207),(1,'2018-09-06 13:27:46.931573','2018-09-06 13:27:46.931671',15,'tonsillolith',NULL,6,6,1208),(1,'2018-09-06 13:57:34.944064','2018-09-06 13:57:34.944169',16,'ATP',NULL,6,6,1210),(1,'2018-09-06 14:19:52.688351','2018-09-06 14:19:52.688455',17,'T/C maxillary CA, L','refer to VSMMC',6,6,1212),(1,'2018-09-06 14:29:43.034318','2018-09-06 14:29:43.034420',18,'IC, AS',NULL,6,6,1213),(1,'2018-09-06 14:43:43.757467','2018-09-06 14:43:43.757569',19,'Hard of Hearing',NULL,6,6,1214),(1,'2018-09-07 10:04:32.001030','2018-09-07 10:04:32.001141',20,'COM, AU',NULL,6,6,1215),(1,'2018-09-07 10:11:27.594130','2018-09-07 10:11:27.594236',21,'sialolithiasis s/p removal of calculi, marsupialization',NULL,6,6,1216),(1,'2018-09-07 10:26:29.970636','2018-09-07 10:26:29.970742',22,'T/C SNHL','tcb w PTA result',6,6,1217),(1,'2018-09-07 10:38:21.291893','2018-09-07 10:38:21.292018',23,'naso-maxillary mass, R t/c fibroma','for excision',6,6,1218),(1,'2018-09-07 10:55:54.183535','2018-09-07 10:55:54.183697',24,'T/C SNHL','for PTA',6,6,1219),(1,'2018-09-07 11:08:14.725289','2018-09-07 11:08:14.725390',25,'vestibulitis, L nostril',NULL,6,6,1220),(1,'2018-09-07 11:19:53.931080','2018-09-07 11:19:53.931179',26,'allergic rhinitis',NULL,6,6,1221),(1,'2018-09-07 11:38:54.560496','2018-09-07 11:38:54.560590',27,'pharyngitis',NULL,6,6,1222),(1,'2018-09-07 11:56:42.566881','2018-09-07 11:56:42.566983',28,'dermatosis,AU',NULL,6,6,1223),(1,'2018-09-07 11:56:42.568949','2018-09-07 11:56:42.569046',29,'chronic pharyngitis',NULL,6,6,1223),(1,'2018-09-07 12:00:09.753244','2018-09-07 12:00:09.753384',30,NULL,'refer to ophtha',6,6,1224),(1,'2018-09-07 12:09:14.763475','2018-09-07 12:09:14.763576',31,'T/C ET dysfunction',NULL,6,6,1225),(1,'2018-09-07 12:42:25.617777','2018-09-07 12:42:25.617882',32,'dermatosis,AU',NULL,6,6,1226),(1,'2018-09-07 12:42:25.619691','2018-09-07 12:42:25.619802',33,'Allergic Rhinitis',NULL,6,6,1226),(1,'2018-09-07 13:05:06.113834','2018-09-07 13:05:06.113932',34,'R/O PTB',NULL,6,6,1227),(1,'2018-09-07 15:11:50.853662','2018-09-07 15:11:50.853765',35,'nasopharyngitis',NULL,6,6,1228),(1,'2018-09-07 15:29:29.537061','2018-09-07 15:29:29.537162',36,'Otitis externa, AS',NULL,6,6,1229),(1,'2018-09-08 10:06:40.565217','2018-09-08 10:06:40.565315',37,'otomycosis, AS',NULL,11,11,1231);
/*!40000 ALTER TABLE `visit_diagnosis` ENABLE KEYS */;
UNLOCK TABLES;

--
-- Table structure for table `visit_dose`
--

DROP TABLE IF EXISTS `visit_dose`;
/*!40101 SET @saved_cs_client     = @@character_set_client */;
/*!40101 SET character_set_client = utf8 */;
CREATE TABLE `visit_dose` (
  `is_active` tinyint(1) NOT NULL,
  `created_on` datetime(6) NOT NULL,
  `modified_on` datetime(6) NOT NULL,
  `id` int(11) NOT NULL AUTO_INCREMENT,
  `dose_amount` varchar(25) NOT NULL,
  `created_by_id` int(11) DEFAULT NULL,
  `modified_by_id` int(11) DEFAULT NULL,
  PRIMARY KEY (`id`),
  UNIQUE KEY `dose_name` (`dose_amount`),
  KEY `visit_dose_created_by_id_96ae0181_fk_auth_user_id` (`created_by_id`),
  KEY `visit_dose_modified_by_id_41e95596_fk_auth_user_id` (`modified_by_id`),
  CONSTRAINT `visit_dose_created_by_id_96ae0181_fk_auth_user_id` FOREIGN KEY (`created_by_id`) REFERENCES `auth_user` (`id`),
  CONSTRAINT `visit_dose_modified_by_id_41e95596_fk_auth_user_id` FOREIGN KEY (`modified_by_id`) REFERENCES `auth_user` (`id`)
) ENGINE=InnoDB AUTO_INCREMENT=100 DEFAULT CHARSET=latin1;
/*!40101 SET character_set_client = @saved_cs_client */;

--
-- Dumping data for table `visit_dose`
--

LOCK TABLES `visit_dose` WRITE;
/*!40000 ALTER TABLE `visit_dose` DISABLE KEYS */;
INSERT INTO `visit_dose` VALUES (1,'2018-05-05 01:50:08.485299','2018-05-05 01:50:08.485434',1,'10 mg',1,1),(1,'2018-05-05 07:02:29.557712','2018-05-05 07:02:29.557856',6,'500 mg',1,1),(1,'2018-05-16 04:46:17.833977','2018-05-16 04:46:17.834109',11,'300mg',11,11),(1,'2018-05-16 05:00:40.179902','2018-05-16 05:00:40.180035',16,'3-4 gtts',11,11),(1,'2018-05-16 05:03:53.528680','2018-05-16 05:03:53.528839',21,'5mg',11,11),(1,'2018-05-16 05:14:02.015605','2018-05-16 05:14:02.015734',26,'50mg',11,11),(1,'2018-05-16 06:02:40.054860','2018-05-16 06:02:40.054989',31,'750mg',11,11),(1,'2018-05-16 06:15:50.687384','2018-05-16 06:15:50.687513',36,'2 spays/nostril',11,11),(1,'2018-05-16 06:30:47.057989','2018-05-16 06:30:47.058118',41,'642/5',11,11),(1,'2018-05-16 06:44:44.481179','2018-05-16 06:44:44.481312',46,'400mg',11,11),(1,'2018-05-17 02:40:02.164323','2018-05-17 02:40:02.164470',51,'625mg',11,11),(1,'2018-05-18 05:19:01.556537','2018-05-18 05:19:01.556689',56,'20mg',11,11),(1,'2018-05-18 05:41:14.991647','2018-05-18 05:41:14.991772',61,'200mg',11,11),(1,'2018-05-19 02:24:03.871680','2018-05-19 02:24:03.871819',66,'600mg',11,11),(1,'2018-05-19 04:45:58.392445','2018-05-19 04:45:58.392576',71,'2 sprays',11,11),(1,'2018-05-21 03:04:46.282345','2018-05-21 03:04:46.282505',76,'2 gtts',11,11),(1,'2018-05-21 05:30:16.846861','2018-05-21 05:30:16.846988',81,'16mg',11,11),(1,'2018-05-21 06:12:50.697878','2018-05-21 06:12:50.698008',86,'457/5',11,11),(1,'2018-05-24 03:53:02.130555','2018-05-24 03:53:02.130679',91,'10mg',11,11),(1,'2018-05-26 03:33:48.442160','2018-05-26 03:33:48.442321',96,'100/5',11,11),(1,'2018-09-06 11:16:13.552585','2018-09-06 11:16:13.552687',98,'1spary/nostril once daily',6,6),(1,'2018-09-06 11:17:43.803978','2018-09-06 11:17:43.804083',99,'1 spray/nostril',6,6);
/*!40000 ALTER TABLE `visit_dose` ENABLE KEYS */;
UNLOCK TABLES;

--
-- Table structure for table `visit_exam`
--

DROP TABLE IF EXISTS `visit_exam`;
/*!40101 SET @saved_cs_client     = @@character_set_client */;
/*!40101 SET character_set_client = utf8 */;
CREATE TABLE `visit_exam` (
  `is_active` tinyint(1) NOT NULL,
  `created_on` datetime(6) NOT NULL,
  `modified_on` datetime(6) NOT NULL,
  `id` int(11) NOT NULL AUTO_INCREMENT,
  `exam_text` longtext DEFAULT NULL,
  `created_by_id` int(11) DEFAULT NULL,
  `exam_name_id` int(11) DEFAULT NULL,
  `exam_result_id` int(11) DEFAULT NULL,
  `exam_type_id` int(11) DEFAULT NULL,
  `modified_by_id` int(11) DEFAULT NULL,
  `visit_id` int(11) DEFAULT NULL,
  PRIMARY KEY (`id`),
  KEY `visit_exam_created_by_id_609e6733_fk_auth_user_id` (`created_by_id`),
  KEY `visit_exam_exam_name_id_6496c2d9_fk_visit_examname_id` (`exam_name_id`),
  KEY `visit_exam_exam_result_id_72da4df8_fk_visit_examresult_id` (`exam_result_id`),
  KEY `visit_exam_exam_type_id_d7346d53_fk_visit_examtype_id` (`exam_type_id`),
  KEY `visit_exam_modified_by_id_0ce2ea2b_fk_auth_user_id` (`modified_by_id`),
  KEY `visit_exam_visit_id_2dcd1b25_fk_visit_visit_id` (`visit_id`),
  CONSTRAINT `visit_exam_created_by_id_609e6733_fk_auth_user_id` FOREIGN KEY (`created_by_id`) REFERENCES `auth_user` (`id`),
  CONSTRAINT `visit_exam_exam_name_id_6496c2d9_fk_visit_examname_id` FOREIGN KEY (`exam_name_id`) REFERENCES `visit_examname` (`id`),
  CONSTRAINT `visit_exam_exam_result_id_72da4df8_fk_visit_examresult_id` FOREIGN KEY (`exam_result_id`) REFERENCES `visit_examresult` (`id`),
  CONSTRAINT `visit_exam_exam_type_id_d7346d53_fk_visit_examtype_id` FOREIGN KEY (`exam_type_id`) REFERENCES `visit_examtype` (`id`),
  CONSTRAINT `visit_exam_modified_by_id_0ce2ea2b_fk_auth_user_id` FOREIGN KEY (`modified_by_id`) REFERENCES `auth_user` (`id`),
  CONSTRAINT `visit_exam_visit_id_2dcd1b25_fk_visit_visit_id` FOREIGN KEY (`visit_id`) REFERENCES `visit_visit` (`id`)
) ENGINE=InnoDB AUTO_INCREMENT=27 DEFAULT CHARSET=latin1;
/*!40101 SET character_set_client = @saved_cs_client */;

--
-- Dumping data for table `visit_exam`
--

LOCK TABLES `visit_exam` WRITE;
/*!40000 ALTER TABLE `visit_exam` DISABLE KEYS */;
INSERT INTO `visit_exam` VALUES (1,'2018-05-21 05:01:17.031456','2018-05-21 05:01:17.031629',1,'soft tissue mass in the alveolar process, R maxilla',11,1,NULL,NULL,11,381),(1,'2018-05-22 06:10:11.462982','2018-05-22 06:10:11.463106',6,'subsegmental atalectasis vs fibrosis',11,11,NULL,1,11,331),(1,'2018-05-23 04:13:44.997913','2018-05-23 04:13:44.998037',11,'pseudomonas aeruginosa',11,16,1,NULL,11,351),(1,'2018-05-24 07:45:23.797820','2018-05-24 07:45:23.797947',16,'follicular CA',11,NULL,6,NULL,11,676),(1,'2018-05-25 05:37:09.015385','2018-05-25 05:37:09.015508',21,'frontal sinus mass extending to orbit,R',11,NULL,11,NULL,11,766),(1,'2018-05-26 03:07:24.207355','2018-05-26 03:07:24.207480',26,'maxillary and ethmoid sinusitus',11,NULL,11,NULL,11,806);
/*!40000 ALTER TABLE `visit_exam` ENABLE KEYS */;
UNLOCK TABLES;

--
-- Table structure for table `visit_examname`
--

DROP TABLE IF EXISTS `visit_examname`;
/*!40101 SET @saved_cs_client     = @@character_set_client */;
/*!40101 SET character_set_client = utf8 */;
CREATE TABLE `visit_examname` (
  `is_active` tinyint(1) NOT NULL,
  `created_on` datetime(6) NOT NULL,
  `modified_on` datetime(6) NOT NULL,
  `id` int(11) NOT NULL AUTO_INCREMENT,
  `exam_name` varchar(25) DEFAULT NULL,
  `created_by_id` int(11) DEFAULT NULL,
  `modified_by_id` int(11) DEFAULT NULL,
  `visit_id` int(11) DEFAULT NULL,
  PRIMARY KEY (`id`),
  UNIQUE KEY `exam_name` (`exam_name`),
  KEY `visit_examname_created_by_id_c64a84ba_fk_auth_user_id` (`created_by_id`),
  KEY `visit_examname_modified_by_id_696b9793_fk_auth_user_id` (`modified_by_id`),
  KEY `visit_examname_visit_id_a00e9e1a_fk_visit_visit_id` (`visit_id`),
  CONSTRAINT `visit_examname_created_by_id_c64a84ba_fk_auth_user_id` FOREIGN KEY (`created_by_id`) REFERENCES `auth_user` (`id`),
  CONSTRAINT `visit_examname_modified_by_id_696b9793_fk_auth_user_id` FOREIGN KEY (`modified_by_id`) REFERENCES `auth_user` (`id`),
  CONSTRAINT `visit_examname_visit_id_a00e9e1a_fk_visit_visit_id` FOREIGN KEY (`visit_id`) REFERENCES `visit_visit` (`id`)
) ENGINE=InnoDB AUTO_INCREMENT=17 DEFAULT CHARSET=latin1;
/*!40101 SET character_set_client = @saved_cs_client */;

--
-- Dumping data for table `visit_examname`
--

LOCK TABLES `visit_examname` WRITE;
/*!40000 ALTER TABLE `visit_examname` DISABLE KEYS */;
INSERT INTO `visit_examname` VALUES (1,'2018-05-21 04:56:34.225683','2018-05-21 04:56:34.225811',1,'CT scan',11,11,NULL),(1,'2018-05-22 06:02:29.783202','2018-05-22 06:02:29.783328',6,'CXR-PA',11,11,NULL),(1,'2018-05-22 06:03:44.521892','2018-05-22 06:03:44.522022',11,'CXR',11,11,NULL),(1,'2018-05-23 04:12:36.232183','2018-05-23 04:12:36.232314',16,'C/S',11,11,NULL);
/*!40000 ALTER TABLE `visit_examname` ENABLE KEYS */;
UNLOCK TABLES;

--
-- Table structure for table `visit_examresult`
--

DROP TABLE IF EXISTS `visit_examresult`;
/*!40101 SET @saved_cs_client     = @@character_set_client */;
/*!40101 SET character_set_client = utf8 */;
CREATE TABLE `visit_examresult` (
  `is_active` tinyint(1) NOT NULL,
  `created_on` datetime(6) NOT NULL,
  `modified_on` datetime(6) NOT NULL,
  `id` int(11) NOT NULL AUTO_INCREMENT,
  `exam_result` varchar(25) DEFAULT NULL,
  `created_by_id` int(11) DEFAULT NULL,
  `modified_by_id` int(11) DEFAULT NULL,
  PRIMARY KEY (`id`),
  UNIQUE KEY `exam_result` (`exam_result`),
  KEY `visit_examresult_created_by_id_e6621ae9_fk_auth_user_id` (`created_by_id`),
  KEY `visit_examresult_modified_by_id_1cc49d00_fk_auth_user_id` (`modified_by_id`),
  CONSTRAINT `visit_examresult_created_by_id_e6621ae9_fk_auth_user_id` FOREIGN KEY (`created_by_id`) REFERENCES `auth_user` (`id`),
  CONSTRAINT `visit_examresult_modified_by_id_1cc49d00_fk_auth_user_id` FOREIGN KEY (`modified_by_id`) REFERENCES `auth_user` (`id`)
) ENGINE=InnoDB AUTO_INCREMENT=12 DEFAULT CHARSET=latin1;
/*!40101 SET character_set_client = @saved_cs_client */;

--
-- Dumping data for table `visit_examresult`
--

LOCK TABLES `visit_examresult` WRITE;
/*!40000 ALTER TABLE `visit_examresult` DISABLE KEYS */;
INSERT INTO `visit_examresult` VALUES (1,'2018-05-23 04:13:04.929537','2018-05-23 04:13:04.929664',1,'C/S',11,11),(1,'2018-05-24 07:45:11.832782','2018-05-24 07:45:11.832911',6,'biopsy',11,11),(1,'2018-05-25 05:36:27.161887','2018-05-25 05:36:27.162014',11,'CT scan',11,11);
/*!40000 ALTER TABLE `visit_examresult` ENABLE KEYS */;
UNLOCK TABLES;

--
-- Table structure for table `visit_examtype`
--

DROP TABLE IF EXISTS `visit_examtype`;
/*!40101 SET @saved_cs_client     = @@character_set_client */;
/*!40101 SET character_set_client = utf8 */;
CREATE TABLE `visit_examtype` (
  `is_active` tinyint(1) NOT NULL,
  `created_on` datetime(6) NOT NULL,
  `modified_on` datetime(6) NOT NULL,
  `id` int(11) NOT NULL AUTO_INCREMENT,
  `exam_type` varchar(25) DEFAULT NULL,
  `created_by_id` int(11) DEFAULT NULL,
  `modified_by_id` int(11) DEFAULT NULL,
  PRIMARY KEY (`id`),
  UNIQUE KEY `exam_type` (`exam_type`),
  KEY `visit_examtype_created_by_id_8431a5dc_fk_auth_user_id` (`created_by_id`),
  KEY `visit_examtype_modified_by_id_f0e31b09_fk_auth_user_id` (`modified_by_id`),
  CONSTRAINT `visit_examtype_created_by_id_8431a5dc_fk_auth_user_id` FOREIGN KEY (`created_by_id`) REFERENCES `auth_user` (`id`),
  CONSTRAINT `visit_examtype_modified_by_id_f0e31b09_fk_auth_user_id` FOREIGN KEY (`modified_by_id`) REFERENCES `auth_user` (`id`)
) ENGINE=InnoDB AUTO_INCREMENT=2 DEFAULT CHARSET=latin1;
/*!40101 SET character_set_client = @saved_cs_client */;

--
-- Dumping data for table `visit_examtype`
--

LOCK TABLES `visit_examtype` WRITE;
/*!40000 ALTER TABLE `visit_examtype` DISABLE KEYS */;
INSERT INTO `visit_examtype` VALUES (1,'2018-05-22 06:04:18.423660','2018-05-22 06:04:18.423785',1,'CXR',11,11);
/*!40000 ALTER TABLE `visit_examtype` ENABLE KEYS */;
UNLOCK TABLES;

--
-- Table structure for table `visit_finding`
--

DROP TABLE IF EXISTS `visit_finding`;
/*!40101 SET @saved_cs_client     = @@character_set_client */;
/*!40101 SET character_set_client = utf8 */;
CREATE TABLE `visit_finding` (
  `is_active` tinyint(1) NOT NULL,
  `created_on` datetime(6) NOT NULL,
  `modified_on` datetime(6) NOT NULL,
  `id` int(11) NOT NULL AUTO_INCREMENT,
  `finding_name` varchar(255) DEFAULT NULL,
  `created_by_id` int(11) DEFAULT NULL,
  `modified_by_id` int(11) DEFAULT NULL,
  `visit_id` int(11) DEFAULT NULL,
  PRIMARY KEY (`id`),
  KEY `visit_finding_created_by_id_1484c700_fk_auth_user_id` (`created_by_id`),
  KEY `visit_finding_modified_by_id_c1954af1_fk_auth_user_id` (`modified_by_id`),
  KEY `visit_finding_visit_id_73665c15_fk_visit_visit_id` (`visit_id`),
  CONSTRAINT `visit_finding_created_by_id_1484c700_fk_auth_user_id` FOREIGN KEY (`created_by_id`) REFERENCES `auth_user` (`id`),
  CONSTRAINT `visit_finding_modified_by_id_c1954af1_fk_auth_user_id` FOREIGN KEY (`modified_by_id`) REFERENCES `auth_user` (`id`),
  CONSTRAINT `visit_finding_visit_id_73665c15_fk_visit_visit_id` FOREIGN KEY (`visit_id`) REFERENCES `visit_visit` (`id`)
) ENGINE=InnoDB AUTO_INCREMENT=500 DEFAULT CHARSET=latin1;
/*!40101 SET character_set_client = @saved_cs_client */;

--
-- Dumping data for table `visit_finding`
--

LOCK TABLES `visit_finding` WRITE;
/*!40000 ALTER TABLE `visit_finding` DISABLE KEYS */;
INSERT INTO `visit_finding` VALUES (1,'2018-05-05 01:49:02.449189','2018-05-05 01:49:02.449322',1,'Fins1',1,1,NULL),(1,'2018-05-05 06:59:46.234295','2018-05-05 06:59:46.234428',6,'Perforated ear dru,',1,1,NULL),(1,'2018-05-05 08:01:09.875679','2018-05-05 08:01:09.875809',11,'None',6,6,NULL),(1,'2018-05-05 08:04:26.638061','2018-05-05 08:04:26.638188',16,'negative swelling',6,6,NULL),(1,'2018-05-16 02:41:13.703149','2018-05-16 02:41:13.703337',21,'pale, boggy turbinates, (-) polyps',11,11,NULL),(1,'2018-05-16 02:58:08.776709','2018-05-16 02:58:08.776838',26,'hyperemic nasal mucosa, frontal tenderness',11,11,NULL),(1,'2018-05-16 03:18:31.797888','2018-05-16 03:18:31.798014',31,'perforated TM (20%), AS',11,11,NULL),(1,'2018-05-16 03:42:38.953682','2018-05-16 03:42:38.953807',36,'(-) mass, (-) active bleeding',11,11,NULL),(1,'2018-05-16 04:06:55.664437','2018-05-16 04:06:55.664569',41,'intact TM, (-) d/c',11,11,NULL),(1,'2018-05-16 04:36:32.847628','2018-05-16 04:36:32.847758',46,'(+) mucoid d/c, edematous uvula',11,11,NULL),(1,'2018-05-16 04:45:23.241512','2018-05-16 04:45:23.241641',51,'gr III tosils, hyperemic',11,11,NULL),(1,'2018-05-16 04:58:14.362932','2018-05-16 04:58:14.363059',56,'(+) d/c',11,11,NULL),(1,'2018-05-16 05:14:49.935708','2018-05-16 05:14:49.935837',61,'unremarkable ENT findings',11,11,NULL),(1,'2018-05-16 05:41:26.729163','2018-05-16 05:41:26.729305',66,'perforated TM (80%),AS',11,11,NULL),(1,'2018-05-16 05:42:22.539921','2018-05-16 05:42:22.540054',71,'(+)d/c, (+)mycelia, (+)ulcer',11,11,NULL),(1,'2018-05-16 06:01:17.731065','2018-05-16 06:01:17.731189',76,'(+)aural polyp,AS',11,11,NULL),(1,'2018-05-16 06:30:01.461126','2018-05-16 06:30:01.461264',81,'hyperemic TM',11,11,NULL),(1,'2018-05-16 06:42:52.903463','2018-05-16 06:42:52.903594',86,'(+)tenderness, ant. neck',11,11,NULL),(1,'2018-05-16 07:03:10.447161','2018-05-16 07:03:10.447337',91,'(+)gingival abscess',11,11,NULL),(1,'2018-05-16 07:22:40.603875','2018-05-16 07:22:40.604008',96,'(+)vocal fold plyp, R',11,11,NULL),(1,'2018-05-16 07:23:36.572593','2018-05-16 07:23:36.572728',101,'(-) LAD',11,11,NULL),(1,'2018-05-17 02:14:40.718041','2018-05-17 02:14:40.718169',106,'nasal mass',11,11,NULL),(1,'2018-05-17 02:33:51.478007','2018-05-17 02:33:51.478132',111,'hyperemic, nasopharynx',11,11,NULL),(1,'2018-05-17 02:54:52.573070','2018-05-17 02:54:52.573203',116,'(+) IC, AU',11,11,NULL),(1,'2018-05-17 04:43:16.792714','2018-05-17 04:43:16.792838',121,'stenotic EAC',11,11,NULL),(1,'2018-05-18 03:07:33.854435','2018-05-18 03:07:33.854563',126,'hyperemic tonsils w exudates',11,11,NULL),(1,'2018-05-18 03:17:23.352591','2018-05-18 03:17:23.352720',131,'(+)reactive LAD',11,11,NULL),(1,'2018-05-18 03:56:37.700349','2018-05-18 03:56:37.700478',136,'R.C., AU',11,11,NULL),(1,'2018-05-18 04:54:45.211089','2018-05-18 04:54:45.211214',141,'abrasion, EAC',11,11,NULL),(1,'2018-05-18 06:38:40.141528','2018-05-18 06:38:40.141658',146,'IC w keratosis',11,11,NULL),(1,'2018-05-18 06:48:09.437990','2018-05-18 06:48:09.438183',151,'IC',11,11,NULL),(1,'2018-05-18 07:16:49.800277','2018-05-18 07:16:49.800411',156,'soft mass',11,11,NULL),(1,'2018-05-19 02:45:07.821689','2018-05-19 02:45:07.821818',161,'(+) pre nodular lesion, R VF',11,11,NULL),(1,'2018-05-19 03:26:38.618499','2018-05-19 03:26:38.618626',166,'hyperemic EAC',11,11,NULL),(1,'2018-05-19 03:44:54.675680','2018-05-19 03:44:54.675811',171,'(+) flakes',11,11,NULL),(1,'2018-05-19 04:57:05.357029','2018-05-19 04:57:05.357162',176,'(+) aural',11,11,NULL),(1,'2018-05-19 04:58:57.956282','2018-05-19 04:58:57.956431',181,'(+)aural polyp, AU',11,11,NULL),(1,'2018-05-19 05:11:59.019272','2018-05-19 05:11:59.019402',186,'FB (fish bone)',11,11,NULL),(1,'2018-05-21 02:06:04.522350','2018-05-21 02:06:04.522473',191,'(+) neck mass,L, 6x6cm',11,11,NULL),(1,'2018-05-21 02:23:06.235070','2018-05-21 02:23:06.235197',196,'(+)mucoid d/c',11,11,NULL),(1,'2018-05-21 02:36:53.537022','2018-05-21 02:36:53.537146',201,'swollen EAC',11,11,NULL),(1,'2018-05-21 03:39:39.458110','2018-05-21 03:39:39.458247',206,'(+)neck mass',11,11,NULL),(1,'2018-05-21 03:39:54.321110','2018-05-21 03:39:54.321234',211,'(+)LAD',11,11,NULL),(1,'2018-05-21 03:55:02.640671','2018-05-21 03:55:02.640793',216,'(+)ulcers',11,11,NULL),(1,'2018-05-21 04:17:40.813267','2018-05-21 04:17:40.813394',221,'(+)VT',11,11,NULL),(1,'2018-05-21 04:18:17.341498','2018-05-21 04:18:17.341624',226,'(+)nasal polyps',11,11,NULL),(1,'2018-05-21 05:19:33.082050','2018-05-21 05:19:33.082177',231,'(+)granulation tissue',11,11,NULL),(1,'2018-05-21 06:12:01.917112','2018-05-21 06:12:01.917236',236,'FB(paper)',11,11,NULL),(1,'2018-05-21 06:32:39.876227','2018-05-21 06:32:39.876353',241,'(+)aural polyp,AD',11,11,NULL),(1,'2018-05-21 06:35:46.445585','2018-05-21 06:35:46.445714',246,'(+)aural polyp,AD',11,11,NULL),(1,'2018-05-21 07:30:37.220997','2018-05-21 07:30:37.221133',251,'(+)vocal fold mass,L',11,11,NULL),(1,'2018-05-22 05:59:38.243767','2018-05-22 05:59:38.243889',256,'attic perforation',11,11,NULL),(1,'2018-05-22 06:34:45.738081','2018-05-22 06:34:45.738209',261,'(+)tremors',11,11,NULL),(1,'2018-05-22 06:49:40.743233','2018-05-22 06:49:40.743364',266,'(+)RC',11,11,NULL),(1,'2018-05-22 07:26:11.295426','2018-05-22 07:26:11.295557',271,'pre auricular sinus',11,11,NULL),(1,'2018-05-22 08:52:43.566341','2018-05-22 08:52:43.566467',276,'abscess',11,11,NULL),(1,'2018-05-22 09:05:44.564857','2018-05-22 09:05:44.564991',281,'watery d/c',11,11,NULL),(1,'2018-05-23 03:05:47.395531','2018-05-23 03:05:47.395661',286,'(+)tenderness, pinna',11,11,NULL),(1,'2018-05-23 03:08:42.219259','2018-05-23 03:08:42.219431',291,'(+)pulsating mass, neck',11,11,NULL),(1,'2018-05-23 03:37:03.993393','2018-05-23 03:37:03.993527',296,'heald TM',11,11,NULL),(1,'2018-05-23 03:58:18.065842','2018-05-23 03:58:18.065967',301,'hyperemic epiglottis',11,11,NULL),(1,'2018-05-23 05:36:24.508693','2018-05-23 05:36:24.508819',306,'(+)wet cerumen',11,11,NULL),(1,'2018-05-23 06:51:30.667377','2018-05-23 06:51:30.667508',311,'perforated TM, AU',11,11,NULL),(1,'2018-05-23 07:13:15.701623','2018-05-23 07:13:15.701749',316,'gr III hypertrophic tonsils',11,11,NULL),(1,'2018-05-24 02:28:21.714543','2018-05-24 02:28:21.714679',321,'(+)bleeder, inf. concha',11,11,NULL),(1,'2018-05-24 03:07:14.474949','2018-05-24 03:07:14.475074',326,'maxillary cyst',11,11,NULL),(1,'2018-05-24 04:13:01.805362','2018-05-24 04:13:01.805501',331,'(+) pre nodular lesion, L VF',11,11,NULL),(1,'2018-05-24 04:26:44.510485','2018-05-24 04:26:44.510612',336,'(+)film',11,11,NULL),(1,'2018-05-24 05:25:54.679088','2018-05-24 05:25:54.679215',341,'septal perforation',11,11,NULL),(1,'2018-05-24 05:57:57.918185','2018-05-24 05:57:57.918313',346,'FB(pebble)',11,11,NULL),(1,'2018-05-24 06:45:02.993082','2018-05-24 06:45:02.993217',351,'hyperemic mucosa',11,11,NULL),(1,'2018-05-24 07:44:18.677323','2018-05-24 07:44:18.677459',356,'s/p thyroidectomy,R lobe',11,11,NULL),(1,'2018-05-25 04:23:50.267952','2018-05-25 04:23:50.268091',361,'(+)middle ear fluid',11,11,NULL),(1,'2018-05-25 05:18:31.208184','2018-05-25 05:18:31.208315',366,'(+)molar problem',11,11,NULL),(1,'2018-05-25 05:35:53.917985','2018-05-25 05:35:53.918117',371,'(-)intranasal mass',11,11,NULL),(1,'2018-05-25 06:20:11.503592','2018-05-25 06:20:11.503719',376,'perforated TM',11,11,NULL),(1,'2018-05-26 02:23:58.559332','2018-05-26 02:23:58.559460',381,'(+)mucosal tag',11,11,NULL),(1,'2018-05-26 02:46:51.057792','2018-05-26 02:46:51.057950',386,'(-)d/c',11,11,NULL),(1,'2018-05-26 02:47:03.714537','2018-05-26 02:47:03.714707',391,'hyperemic pinna',11,11,NULL),(1,'2018-05-26 03:42:39.802829','2018-05-26 03:42:39.802959',396,'FB(cockroach)',11,11,NULL),(1,'2018-05-26 04:11:10.890337','2018-05-26 04:11:10.890467',401,'intact TM',11,11,NULL),(1,'2018-05-26 05:09:54.081798','2018-05-26 05:09:54.081923',406,'(+)abscess',11,11,NULL),(1,'2018-05-26 06:28:37.990192','2018-05-26 06:28:37.990319',411,'(+)septal bleeder',11,11,NULL),(1,'2018-05-26 07:44:20.532769','2018-05-26 07:44:20.532896',416,'(+)phelgmon',11,11,NULL),(1,'2018-05-28 02:26:18.970968','2018-05-28 02:26:18.971098',421,'(+)vocal fold paralysis,L',11,11,NULL),(1,'2018-05-28 02:44:15.024039','2018-05-28 02:44:15.024165',426,'swollen nasal vestibule',11,11,NULL),(1,'2018-05-29 02:06:06.045181','2018-05-29 02:06:06.045317',431,'(+)attic perforation',11,11,NULL),(1,'2018-05-29 02:59:26.113472','2018-05-29 02:59:26.113598',436,'atalectatic TM',11,11,NULL),(1,'2018-05-29 03:01:03.818185','2018-05-29 03:01:03.818312',441,'atalectatic TM',11,11,NULL),(1,'2018-05-29 04:58:49.884125','2018-05-29 04:58:49.884254',446,'edematous VF',11,11,NULL),(1,'2018-05-29 05:03:37.255921','2018-05-29 05:03:37.256049',451,'(+)pre nodular lesion',11,11,NULL),(1,'2018-05-29 05:26:54.949981','2018-05-29 05:26:54.950111',456,'(+)mass',11,11,NULL),(1,'2018-05-29 05:33:31.390320','2018-05-29 05:33:31.390453',461,'sagging EAC',11,11,NULL),(1,'2018-05-30 03:08:16.254305','2018-05-30 03:08:16.254436',466,'(+)vescicular lesions',11,11,NULL),(1,'2018-06-07 02:55:57.664917','2018-06-07 02:55:57.665048',471,'(-)aural polyp',11,11,NULL),(1,'2018-06-07 03:49:06.774422','2018-06-07 03:49:06.774559',476,'(-)FB',11,11,NULL),(1,'2018-06-07 04:39:07.500932','2018-06-07 04:39:07.501059',481,'(+)ant neck mass',11,11,NULL),(1,'2018-06-07 05:23:28.960278','2018-06-07 05:23:28.960407',486,'(+)blood clot',11,11,NULL),(1,'2018-09-04 12:11:08.722639','2018-09-04 12:11:08.722745',487,'perforated TM (30%), AS',6,6,NULL),(1,'2018-09-04 12:44:32.213573','2018-09-04 12:44:32.213671',488,'vocal fold paralysis, R',6,6,NULL),(1,'2018-09-04 13:34:51.017885','2018-09-04 13:34:51.017989',489,'FB(cotton)',6,6,NULL),(1,'2018-09-04 15:38:30.270085','2018-09-04 15:38:30.270184',490,'(+)moist skin',6,6,NULL),(1,'2018-09-04 15:42:57.348652','2018-09-04 15:42:57.348771',491,'(+)moist skin',6,6,NULL),(1,'2018-09-06 10:00:49.424872','2018-09-06 10:00:49.424976',492,'(+)d/c',6,6,NULL),(1,'2018-09-06 10:31:50.229581','2018-09-06 10:31:50.229683',493,'(+)synichea',6,6,NULL),(1,'2018-09-06 12:34:04.121053','2018-09-06 12:34:04.121155',494,'retracted TM',6,6,NULL),(1,'2018-09-06 13:23:35.233499','2018-09-06 13:23:35.233605',495,'(+)buccal mass',6,6,NULL),(1,'2018-09-06 13:40:44.000194','2018-09-06 13:40:44.000298',496,'hyperemic vocal fold',6,6,NULL),(1,'2018-09-06 13:40:52.285653','2018-09-06 13:40:52.285755',497,NULL,6,6,NULL),(1,'2018-09-06 14:19:47.304643','2018-09-06 14:19:47.304745',498,'(+)maxillary mass',6,6,NULL),(1,'2018-09-07 15:48:53.789194','2018-09-07 15:48:53.789300',499,'(+)gingival mass',6,6,NULL);
/*!40000 ALTER TABLE `visit_finding` ENABLE KEYS */;
UNLOCK TABLES;

--
-- Table structure for table `visit_hearing`
--

DROP TABLE IF EXISTS `visit_hearing`;
/*!40101 SET @saved_cs_client     = @@character_set_client */;
/*!40101 SET character_set_client = utf8 */;
CREATE TABLE `visit_hearing` (
  `is_active` tinyint(1) NOT NULL,
  `created_on` datetime(6) NOT NULL,
  `modified_on` datetime(6) NOT NULL,
  `id` int(11) NOT NULL AUTO_INCREMENT,
  `created_by_id` int(11) DEFAULT NULL,
  `hearing_result_id` int(11) DEFAULT NULL,
  `hearing_test_id` int(11) DEFAULT NULL,
  `modified_by_id` int(11) DEFAULT NULL,
  `visit_id` int(11) DEFAULT NULL,
  PRIMARY KEY (`id`),
  KEY `visit_hearing_created_by_id_ce9bd852_fk_auth_user_id` (`created_by_id`),
  KEY `visit_hearing_hearing_result_id_fafdd81d_fk_visit_hea` (`hearing_result_id`),
  KEY `visit_hearing_hearing_test_id_de48abf3_fk_visit_hearingtest_id` (`hearing_test_id`),
  KEY `visit_hearing_modified_by_id_9564b9c1_fk_auth_user_id` (`modified_by_id`),
  KEY `visit_hearing_visit_id_913f70cf_fk_visit_visit_id` (`visit_id`),
  CONSTRAINT `visit_hearing_created_by_id_ce9bd852_fk_auth_user_id` FOREIGN KEY (`created_by_id`) REFERENCES `auth_user` (`id`),
  CONSTRAINT `visit_hearing_hearing_result_id_fafdd81d_fk_visit_hea` FOREIGN KEY (`hearing_result_id`) REFERENCES `visit_hearingresult` (`id`),
  CONSTRAINT `visit_hearing_hearing_test_id_de48abf3_fk_visit_hearingtest_id` FOREIGN KEY (`hearing_test_id`) REFERENCES `visit_hearingtest` (`id`),
  CONSTRAINT `visit_hearing_modified_by_id_9564b9c1_fk_auth_user_id` FOREIGN KEY (`modified_by_id`) REFERENCES `auth_user` (`id`),
  CONSTRAINT `visit_hearing_visit_id_913f70cf_fk_visit_visit_id` FOREIGN KEY (`visit_id`) REFERENCES `visit_visit` (`id`)
) ENGINE=InnoDB AUTO_INCREMENT=47 DEFAULT CHARSET=latin1;
/*!40101 SET character_set_client = @saved_cs_client */;

--
-- Dumping data for table `visit_hearing`
--

LOCK TABLES `visit_hearing` WRITE;
/*!40000 ALTER TABLE `visit_hearing` DISABLE KEYS */;
INSERT INTO `visit_hearing` VALUES (1,'2018-05-18 04:48:01.824651','2018-05-18 04:48:01.824774',1,11,1,1,11,206),(1,'2018-05-18 06:18:33.663712','2018-05-18 06:18:33.663841',6,11,2,1,11,241),(1,'2018-05-21 03:48:53.333514','2018-05-21 03:48:53.333633',11,11,3,1,11,366),(1,'2018-05-24 07:51:04.468177','2018-05-24 07:51:04.468294',16,11,5,1,11,651),(1,'2018-05-25 03:29:10.728438','2018-05-25 03:29:10.728559',21,11,6,1,11,701),(1,'2018-05-25 03:29:56.248398','2018-05-25 03:29:56.248523',26,11,7,1,11,696),(1,'2018-05-25 04:32:14.568487','2018-05-25 04:32:14.568628',31,11,8,1,11,731),(1,'2018-06-07 02:43:58.738600','2018-06-07 02:43:58.738722',36,11,9,1,11,1021),(1,'2018-06-07 05:16:47.103710','2018-06-07 05:16:47.103829',41,11,10,1,11,1116),(1,'2018-09-04 12:20:53.330658','2018-09-04 12:20:53.330757',42,6,11,1,6,1184),(1,'2018-09-04 12:20:53.332732','2018-09-04 12:20:53.332829',43,6,13,NULL,6,1184),(1,'2018-09-06 14:43:43.759619','2018-09-06 14:43:43.759721',44,6,NULL,1,6,1214),(1,'2018-09-07 12:21:32.390927','2018-09-07 12:21:32.391024',45,6,14,1,6,1219),(1,'2018-09-07 12:21:32.393031','2018-09-07 12:21:32.393126',46,6,7,1,6,1219);
/*!40000 ALTER TABLE `visit_hearing` ENABLE KEYS */;
UNLOCK TABLES;

--
-- Table structure for table `visit_hearingresult`
--

DROP TABLE IF EXISTS `visit_hearingresult`;
/*!40101 SET @saved_cs_client     = @@character_set_client */;
/*!40101 SET character_set_client = utf8 */;
CREATE TABLE `visit_hearingresult` (
  `is_active` tinyint(1) NOT NULL,
  `created_on` datetime(6) NOT NULL,
  `modified_on` datetime(6) NOT NULL,
  `id` int(11) NOT NULL AUTO_INCREMENT,
  `hearing_result` varchar(255) NOT NULL,
  `created_by_id` int(11) DEFAULT NULL,
  `modified_by_id` int(11) DEFAULT NULL,
  PRIMARY KEY (`id`),
  UNIQUE KEY `hearing_result` (`hearing_result`),
  KEY `visit_hearingresult_created_by_id_f5e11fd8_fk_auth_user_id` (`created_by_id`),
  KEY `visit_hearingresult_modified_by_id_ab8b0852_fk_auth_user_id` (`modified_by_id`),
  CONSTRAINT `visit_hearingresult_created_by_id_f5e11fd8_fk_auth_user_id` FOREIGN KEY (`created_by_id`) REFERENCES `auth_user` (`id`),
  CONSTRAINT `visit_hearingresult_modified_by_id_ab8b0852_fk_auth_user_id` FOREIGN KEY (`modified_by_id`) REFERENCES `auth_user` (`id`)
) ENGINE=InnoDB AUTO_INCREMENT=15 DEFAULT CHARSET=latin1;
/*!40101 SET character_set_client = @saved_cs_client */;

--
-- Dumping data for table `visit_hearingresult`
--

LOCK TABLES `visit_hearingresult` WRITE;
/*!40000 ALTER TABLE `visit_hearingresult` DISABLE KEYS */;
INSERT INTO `visit_hearingresult` VALUES (1,'2018-06-13 20:36:13.000000','2018-06-13 20:36:13.000000',1,'Mixed type HL, severe, AU',12,12),(1,'2018-06-13 20:38:46.000000','2018-06-13 20:38:46.000000',2,'profound HL, AU',12,12),(1,'2018-06-13 20:40:11.000000','2018-06-13 20:40:11.000000',3,'normal hearing w dip at high frequency',12,12),(1,'2018-06-13 20:48:10.000000','2018-06-13 20:48:10.000000',5,'severe-profound HL,AU',12,12),(1,'2018-06-13 20:49:39.000000','2018-06-13 20:49:39.000000',6,'normal hearing w dip at high frequency,AU',12,12),(1,'2018-06-13 20:50:50.000000','2018-06-13 20:50:50.000000',7,'SNHL, mild, AS',12,12),(1,'2018-06-13 20:52:22.000000','2018-06-13 20:52:22.000000',8,'normal hearing',12,12),(1,'2018-06-13 20:53:43.000000','2018-06-13 20:53:43.000000',9,'SNHL,mild, AD Normal hearing, AS',12,12),(1,'2018-06-13 20:55:07.000000','2018-06-13 20:55:07.000000',10,'SNHL, moderate-severe w dip at high frequency, AS',12,12),(1,'2018-09-04 12:18:30.981490','2018-09-04 12:18:30.981595',11,'SNHL, moderate-severe, AD',6,6),(1,'2018-09-04 12:18:58.601043','2018-09-04 12:18:58.601164',12,'SNHL, moderate, AS',6,6),(1,'2018-09-04 12:20:38.269796','2018-09-04 12:20:38.269907',13,'SNHL,moderate,AS',6,6),(1,'2018-09-07 12:20:46.494467','2018-09-07 12:20:46.494571',14,'Mixed type HL, mod-severe, AD',6,6);
/*!40000 ALTER TABLE `visit_hearingresult` ENABLE KEYS */;
UNLOCK TABLES;

--
-- Table structure for table `visit_hearingtest`
--

DROP TABLE IF EXISTS `visit_hearingtest`;
/*!40101 SET @saved_cs_client     = @@character_set_client */;
/*!40101 SET character_set_client = utf8 */;
CREATE TABLE `visit_hearingtest` (
  `is_active` tinyint(1) NOT NULL,
  `created_on` datetime(6) NOT NULL,
  `modified_on` datetime(6) NOT NULL,
  `id` int(11) NOT NULL AUTO_INCREMENT,
  `hearing_name` varchar(25) NOT NULL,
  `created_by_id` int(11) DEFAULT NULL,
  `modified_by_id` int(11) DEFAULT NULL,
  PRIMARY KEY (`id`),
  UNIQUE KEY `hearing_name` (`hearing_name`),
  KEY `visit_hearingtest_created_by_id_33416889_fk_auth_user_id` (`created_by_id`),
  KEY `visit_hearingtest_modified_by_id_be3ec6db_fk_auth_user_id` (`modified_by_id`),
  CONSTRAINT `visit_hearingtest_created_by_id_33416889_fk_auth_user_id` FOREIGN KEY (`created_by_id`) REFERENCES `auth_user` (`id`),
  CONSTRAINT `visit_hearingtest_modified_by_id_be3ec6db_fk_auth_user_id` FOREIGN KEY (`modified_by_id`) REFERENCES `auth_user` (`id`)
) ENGINE=InnoDB AUTO_INCREMENT=2 DEFAULT CHARSET=latin1;
/*!40101 SET character_set_client = @saved_cs_client */;

--
-- Dumping data for table `visit_hearingtest`
--

LOCK TABLES `visit_hearingtest` WRITE;
/*!40000 ALTER TABLE `visit_hearingtest` DISABLE KEYS */;
INSERT INTO `visit_hearingtest` VALUES (1,'2018-05-18 04:47:25.838429','2018-05-18 04:47:25.838569',1,'PTA',11,11);
/*!40000 ALTER TABLE `visit_hearingtest` ENABLE KEYS */;
UNLOCK TABLES;

--
-- Table structure for table `visit_location`
--

DROP TABLE IF EXISTS `visit_location`;
/*!40101 SET @saved_cs_client     = @@character_set_client */;
/*!40101 SET character_set_client = utf8 */;
CREATE TABLE `visit_location` (
  `is_active` tinyint(1) NOT NULL,
  `created_on` datetime(6) NOT NULL,
  `modified_on` datetime(6) NOT NULL,
  `id` int(11) NOT NULL AUTO_INCREMENT,
  `location` varchar(25) NOT NULL,
  `created_by_id` int(11) DEFAULT NULL,
  `modified_by_id` int(11) DEFAULT NULL,
  PRIMARY KEY (`id`),
  UNIQUE KEY `location` (`location`),
  KEY `visit_location_created_by_id_bb6ce950_fk_auth_user_id` (`created_by_id`),
  KEY `visit_location_modified_by_id_60dab43b_fk_auth_user_id` (`modified_by_id`),
  CONSTRAINT `visit_location_created_by_id_bb6ce950_fk_auth_user_id` FOREIGN KEY (`created_by_id`) REFERENCES `auth_user` (`id`),
  CONSTRAINT `visit_location_modified_by_id_60dab43b_fk_auth_user_id` FOREIGN KEY (`modified_by_id`) REFERENCES `auth_user` (`id`)
) ENGINE=InnoDB AUTO_INCREMENT=117 DEFAULT CHARSET=latin1;
/*!40101 SET character_set_client = @saved_cs_client */;

--
-- Dumping data for table `visit_location`
--

LOCK TABLES `visit_location` WRITE;
/*!40000 ALTER TABLE `visit_location` DISABLE KEYS */;
INSERT INTO `visit_location` VALUES (1,'2018-05-05 01:48:44.383703','2018-06-15 20:16:30.725318',1,'New Location',1,12),(1,'2018-05-05 06:57:33.566211','2018-05-05 06:57:33.566334',6,'Right ear',1,1),(1,'2018-05-05 06:57:48.111134','2018-05-05 06:57:48.111262',11,'Left ear',1,1),(1,'2018-05-05 06:58:02.647239','2018-05-05 06:58:02.647367',16,'Both ears',1,1),(1,'2018-05-05 07:59:17.507130','2018-05-05 07:59:17.507262',21,'mouth',6,6),(1,'2018-05-16 02:36:03.253162','2018-05-16 02:36:03.253290',26,'nose',11,11),(1,'2018-05-16 03:21:50.315994','2018-05-16 03:21:50.316134',31,'maxilla, L',11,11),(1,'2018-05-16 04:35:44.475885','2018-05-16 04:35:44.476014',36,'pharynx',11,11),(1,'2018-05-16 05:05:32.262681','2018-05-16 05:05:32.262824',41,'neck',11,11),(1,'2018-05-16 07:02:41.516301','2018-05-16 07:02:41.516432',46,'oral cavity',11,11),(1,'2018-05-16 07:21:49.962861','2018-05-16 07:21:49.963000',51,'Larynx',11,11),(1,'2018-05-17 02:25:57.996834','2018-05-17 02:25:57.996971',56,'nasopharynx',11,11),(1,'2018-05-18 02:28:06.283406','2018-05-18 02:28:06.283536',61,'tongue',11,11),(1,'2018-05-18 07:16:20.835534','2018-05-18 07:16:20.835663',66,'mandibular area',11,11),(1,'2018-05-21 03:41:07.787368','2018-05-21 03:41:07.787544',71,'ant. neck',11,11),(1,'2018-05-21 04:55:14.615212','2018-05-21 04:55:14.615336',76,'nasomaxillary',11,11),(1,'2018-05-24 03:06:05.543081','2018-05-24 03:06:05.543213',81,'maxilla',11,11),(1,'2018-05-24 05:39:54.595633','2018-05-24 05:39:54.595763',86,'eye',11,11),(1,'2018-05-25 05:34:42.034399','2018-05-25 05:34:42.034538',91,'sinus',11,11),(1,'2018-05-26 02:45:59.564848','2018-05-26 02:45:59.564979',96,'pinna',11,11),(1,'2018-05-26 04:41:29.691456','2018-05-26 04:41:29.691635',101,'inf auricular,R',11,11),(1,'2018-05-28 02:05:01.435214','2018-05-28 02:05:01.435345',106,'occipital mass',11,11),(1,'2018-05-28 02:39:25.406896','2018-05-28 02:39:25.407023',111,'nasal vestibule',11,11),(1,'2018-05-30 02:49:53.003174','2018-05-30 02:49:53.003304',116,'R nostril',11,11);
/*!40000 ALTER TABLE `visit_location` ENABLE KEYS */;
UNLOCK TABLES;

--
-- Table structure for table `visit_medicinebrand`
--

DROP TABLE IF EXISTS `visit_medicinebrand`;
/*!40101 SET @saved_cs_client     = @@character_set_client */;
/*!40101 SET character_set_client = utf8 */;
CREATE TABLE `visit_medicinebrand` (
  `generic_name_id` int(11) NOT NULL,
  `is_active` tinyint(1) NOT NULL,
  `created_on` datetime(6) NOT NULL,
  `modified_on` datetime(6) NOT NULL,
  `id` int(11) NOT NULL AUTO_INCREMENT,
  `brand_name` varchar(50) NOT NULL,
  `created_by_id` int(11) DEFAULT NULL,
  `modified_by_id` int(11) DEFAULT NULL,
  PRIMARY KEY (`id`),
  KEY `visit_medicinebrand_created_by_id_af24f25c_fk_auth_user_id` (`created_by_id`),
  KEY `visit_medicinebrand_modified_by_id_3741f04b_fk_auth_user_id` (`modified_by_id`),
  KEY `generic_name_id` (`generic_name_id`),
  CONSTRAINT `visit_medicinebrand_created_by_id_af24f25c_fk_auth_user_id` FOREIGN KEY (`created_by_id`) REFERENCES `auth_user` (`id`),
  CONSTRAINT `visit_medicinebrand_modified_by_id_3741f04b_fk_auth_user_id` FOREIGN KEY (`modified_by_id`) REFERENCES `auth_user` (`id`)
) ENGINE=InnoDB AUTO_INCREMENT=20 DEFAULT CHARSET=utf8mb4;
/*!40101 SET character_set_client = @saved_cs_client */;

--
-- Dumping data for table `visit_medicinebrand`
--

LOCK TABLES `visit_medicinebrand` WRITE;
/*!40000 ALTER TABLE `visit_medicinebrand` DISABLE KEYS */;
INSERT INTO `visit_medicinebrand` VALUES (1,1,'2018-06-17 21:03:19.830431','2018-06-17 21:03:19.830537',1,'Nutruvox',12,12),(2,1,'2018-06-17 21:04:30.023420','2018-06-17 21:04:30.023550',2,'Nasoflo',12,12),(3,1,'2018-06-17 21:05:48.789214','2018-06-17 21:05:48.789342',3,'Fluimucil',12,12),(7,1,'2018-09-04 11:10:33.410777','2018-09-04 11:10:33.410877',5,'kamillosan',6,6),(8,1,'2018-09-04 11:32:24.531864','2018-09-04 11:32:24.531965',6,'natravox',6,6),(9,1,'2018-09-04 11:51:08.880203','2018-09-04 11:51:08.880304',7,'loxeva',6,6),(11,1,'2018-09-04 12:58:39.497187','2018-09-04 12:58:39.497300',8,'nasoclear',6,6),(13,1,'2018-09-04 15:44:04.064560','2018-09-04 15:44:04.064665',9,'otoquad',6,6),(16,1,'2018-09-04 15:46:01.759968','2018-09-04 15:46:01.760071',10,'allerzet',6,6),(18,1,'2018-09-06 10:51:11.095766','2018-09-06 10:51:11.095935',11,'Dalacin C',6,6),(19,1,'2018-09-06 11:21:38.427855','2018-09-06 11:21:38.427959',12,'Natravox',6,6),(20,1,'2018-09-06 11:34:47.296406','2018-09-06 11:34:47.296517',13,'Myelax',6,6),(21,1,'2018-09-06 11:36:01.702059','2018-09-06 11:36:01.702176',14,'Faspic',6,6),(10,1,'2018-09-06 11:54:19.392066','2018-09-06 11:54:19.392175',15,'Dexamon',6,6),(22,1,'2018-09-06 13:57:01.254384','2018-09-06 13:57:01.254485',16,'Zenith',6,6),(23,1,'2018-09-07 11:18:39.003857','2018-09-07 11:18:39.003966',17,'Montemax',6,6),(24,1,'2018-09-07 11:36:29.006135','2018-09-07 11:36:29.006243',18,'Difflam',6,6),(26,1,'2018-09-08 10:05:42.788257','2018-09-08 10:05:42.788362',19,'Otofungic',11,11);
/*!40000 ALTER TABLE `visit_medicinebrand` ENABLE KEYS */;
UNLOCK TABLES;

--
-- Table structure for table `visit_medicinegeneric`
--

DROP TABLE IF EXISTS `visit_medicinegeneric`;
/*!40101 SET @saved_cs_client     = @@character_set_client */;
/*!40101 SET character_set_client = utf8 */;
CREATE TABLE `visit_medicinegeneric` (
  `is_active` int(11) NOT NULL,
  `created_on` datetime(6) NOT NULL,
  `modified_on` datetime(6) NOT NULL,
  `id` int(11) NOT NULL AUTO_INCREMENT,
  `generic_name` varchar(50) NOT NULL,
  `created_by_id` int(11) DEFAULT NULL,
  `modified_by_id` int(11) DEFAULT NULL,
  PRIMARY KEY (`id`),
  KEY `visit_medicinegeneric_created_by_id_482d8fe9_fk_auth_user_id` (`created_by_id`),
  KEY `visit_medicinegeneric_modified_by_id_4ba3a700_fk_auth_user_id` (`modified_by_id`),
  CONSTRAINT `visit_medicinegeneric_created_by_id_482d8fe9_fk_auth_user_id` FOREIGN KEY (`created_by_id`) REFERENCES `auth_user` (`id`),
  CONSTRAINT `visit_medicinegeneric_modified_by_id_4ba3a700_fk_auth_user_id` FOREIGN KEY (`modified_by_id`) REFERENCES `auth_user` (`id`)
) ENGINE=InnoDB AUTO_INCREMENT=27 DEFAULT CHARSET=utf8mb4;
/*!40101 SET character_set_client = @saved_cs_client */;

--
-- Dumping data for table `visit_medicinegeneric`
--

LOCK TABLES `visit_medicinegeneric` WRITE;
/*!40000 ALTER TABLE `visit_medicinegeneric` DISABLE KEYS */;
INSERT INTO `visit_medicinegeneric` VALUES (1,'2018-06-17 21:03:56.702777','2018-06-17 21:03:56.702883',1,'Co-amoxidav',12,12),(1,'2018-06-17 21:04:52.376196','2018-06-17 21:04:52.376309',2,'Fluticusoue',12,12),(1,'2018-06-17 21:06:20.371333','2018-06-17 21:06:20.371451',3,'Acetylcisteine',12,12),(1,'2018-09-04 11:10:30.977706','2018-09-04 11:10:30.977809',7,'chamomille',6,6),(1,'2018-09-04 11:31:52.165124','2018-09-08 09:45:45.503650',8,'Co amoxiclav',6,11),(1,'2018-09-04 11:51:05.739206','2018-09-04 11:51:05.739315',9,'levofloxacin',6,6),(1,'2018-09-04 11:55:45.351600','2018-09-04 11:55:45.351734',10,'cipro + dexa',6,6),(1,'2018-09-04 12:58:36.497055','2018-09-04 12:58:36.497170',11,'NaCl',6,6),(1,'2018-09-04 13:16:57.167243','2018-09-04 13:16:57.167358',12,'otofungic',6,6),(1,'2018-09-04 15:39:13.589579','2018-09-04 15:39:13.589683',13,'otoquad',6,6),(1,'2018-09-04 15:39:55.503200','2018-09-04 15:39:55.503296',14,'allerzet',6,6),(1,'2018-09-04 15:45:30.982866','2018-09-04 15:45:30.982970',15,'levoceterizine',6,6),(1,'2018-09-04 15:45:58.672622','2018-09-04 15:45:58.672732',16,'levoceterizine',6,6),(1,'2018-09-06 10:32:27.378845','2018-09-06 10:32:27.378949',17,'Fluticasone',6,6),(1,'2018-09-06 10:50:37.888264','2018-09-06 10:50:37.888368',18,'Clindamycin',6,6),(1,'2018-09-06 11:20:58.430974','2018-09-06 11:20:58.431074',19,'Co amoxiclav',6,6),(1,'2018-09-06 11:34:19.329390','2018-09-06 11:34:19.329492',20,'Eperisone',6,6),(1,'2018-09-06 11:35:42.853419','2018-09-06 11:35:42.853519',21,'Ibuprofen',6,6),(1,'2018-09-06 13:56:31.820414','2018-09-06 13:56:31.820520',22,'Azithromycin',6,6),(1,'2018-09-07 11:18:16.279415','2018-09-07 11:18:16.279511',23,'Montelukast',6,6),(1,'2018-09-07 11:36:06.948778','2018-09-07 11:36:06.948876',24,'Benzydamine',6,6),(1,'2018-09-07 12:40:30.249853','2018-09-07 12:40:30.249956',25,'NaCl',6,6),(1,'2018-09-08 10:05:18.479634','2018-09-08 10:05:18.479789',26,'Clotrimazole',11,11);
/*!40000 ALTER TABLE `visit_medicinegeneric` ENABLE KEYS */;
UNLOCK TABLES;

--
-- Table structure for table `visit_medicinepayment`
--

DROP TABLE IF EXISTS `visit_medicinepayment`;
/*!40101 SET @saved_cs_client     = @@character_set_client */;
/*!40101 SET character_set_client = utf8 */;
CREATE TABLE `visit_medicinepayment` (
  `is_active` tinyint(1) NOT NULL,
  `created_on` datetime(6) NOT NULL,
  `modified_on` datetime(6) NOT NULL,
  `id` int(11) NOT NULL AUTO_INCREMENT,
  `medicine_amount` int(10) unsigned DEFAULT NULL,
  `created_by_id` int(11) DEFAULT NULL,
  `modified_by_id` int(11) DEFAULT NULL,
  PRIMARY KEY (`id`)
) ENGINE=InnoDB AUTO_INCREMENT=2 DEFAULT CHARSET=utf8mb4;
/*!40101 SET character_set_client = @saved_cs_client */;

--
-- Dumping data for table `visit_medicinepayment`
--

LOCK TABLES `visit_medicinepayment` WRITE;
/*!40000 ALTER TABLE `visit_medicinepayment` DISABLE KEYS */;
INSERT INTO `visit_medicinepayment` VALUES (1,'2018-06-13 19:16:32.081876','2018-06-13 19:16:32.081977',1,0,12,12);
/*!40000 ALTER TABLE `visit_medicinepayment` ENABLE KEYS */;
UNLOCK TABLES;

--
-- Table structure for table `visit_medicinequantity`
--

DROP TABLE IF EXISTS `visit_medicinequantity`;
/*!40101 SET @saved_cs_client     = @@character_set_client */;
/*!40101 SET character_set_client = utf8 */;
CREATE TABLE `visit_medicinequantity` (
  `is_active` tinyint(1) NOT NULL,
  `created_on` datetime(6) NOT NULL,
  `modified_on` datetime(6) NOT NULL,
  `id` int(11) NOT NULL AUTO_INCREMENT,
  `med_quantity` varchar(15) DEFAULT NULL,
  `created_by_id` int(11) DEFAULT NULL,
  `modified_by_id` int(11) DEFAULT NULL,
  PRIMARY KEY (`id`),
  KEY `visit_medicinequantity_created_by_id_59d9a39a_fk_auth_user_id` (`created_by_id`),
  KEY `visit_medicinequantity_modified_by_id_5277b868_fk_auth_user_id` (`modified_by_id`),
  CONSTRAINT `visit_medicinequantity_created_by_id_59d9a39a_fk_auth_user_id` FOREIGN KEY (`created_by_id`) REFERENCES `auth_user` (`id`),
  CONSTRAINT `visit_medicinequantity_modified_by_id_5277b868_fk_auth_user_id` FOREIGN KEY (`modified_by_id`) REFERENCES `auth_user` (`id`)
) ENGINE=InnoDB AUTO_INCREMENT=7 DEFAULT CHARSET=utf8mb4;
/*!40101 SET character_set_client = @saved_cs_client */;

--
-- Dumping data for table `visit_medicinequantity`
--

LOCK TABLES `visit_medicinequantity` WRITE;
/*!40000 ALTER TABLE `visit_medicinequantity` DISABLE KEYS */;
INSERT INTO `visit_medicinequantity` VALUES (1,'2018-06-17 20:09:40.695599','2018-06-17 20:09:40.695723',1,'Tab #14',12,12),(1,'2018-06-17 20:09:58.951180','2018-06-17 20:09:58.951317',2,'Bot #1',12,12),(1,'2018-06-17 20:10:19.608284','2018-06-17 20:10:19.608401',3,'Tab #5',12,12),(1,'2018-09-06 10:02:42.901382','2018-09-06 10:02:42.901485',4,'tab # 10',6,6),(1,'2018-09-06 10:52:26.245544','2018-09-06 10:52:26.245649',5,'cap# 21',6,6),(1,'2018-09-06 11:18:47.827718','2018-09-06 11:18:47.827892',6,'tab # 14',6,6);
/*!40000 ALTER TABLE `visit_medicinequantity` ENABLE KEYS */;
UNLOCK TABLES;

--
-- Table structure for table `visit_numofdays`
--

DROP TABLE IF EXISTS `visit_numofdays`;
/*!40101 SET @saved_cs_client     = @@character_set_client */;
/*!40101 SET character_set_client = utf8 */;
CREATE TABLE `visit_numofdays` (
  `is_active` tinyint(1) NOT NULL,
  `created_on` datetime(6) NOT NULL,
  `modified_on` datetime(6) NOT NULL,
  `id` int(11) NOT NULL AUTO_INCREMENT,
  `numofdays` int(10) unsigned DEFAULT NULL,
  `created_by_id` int(11) DEFAULT NULL,
  `modified_by_id` int(11) DEFAULT NULL,
  PRIMARY KEY (`id`),
  KEY `visit_numofdays_created_by_id_62b3c157_fk_auth_user_id` (`created_by_id`),
  KEY `visit_numofdays_modified_by_id_25482646_fk_auth_user_id` (`modified_by_id`),
  CONSTRAINT `visit_numofdays_created_by_id_62b3c157_fk_auth_user_id` FOREIGN KEY (`created_by_id`) REFERENCES `auth_user` (`id`),
  CONSTRAINT `visit_numofdays_modified_by_id_25482646_fk_auth_user_id` FOREIGN KEY (`modified_by_id`) REFERENCES `auth_user` (`id`)
) ENGINE=InnoDB AUTO_INCREMENT=11 DEFAULT CHARSET=utf8mb4;
/*!40101 SET character_set_client = @saved_cs_client */;

--
-- Dumping data for table `visit_numofdays`
--

LOCK TABLES `visit_numofdays` WRITE;
/*!40000 ALTER TABLE `visit_numofdays` DISABLE KEYS */;
INSERT INTO `visit_numofdays` VALUES (1,'2018-06-17 08:29:28.500038','2018-06-17 08:29:28.500170',1,1,12,12),(1,'2018-06-17 08:29:36.900570','2018-06-17 08:29:36.900685',2,2,12,12),(1,'2018-06-17 08:29:45.154860','2018-06-17 08:29:45.154992',3,3,12,12),(1,'2018-06-17 08:29:52.862139','2018-06-17 08:29:52.862256',4,4,12,12),(1,'2018-06-17 08:30:00.295447','2018-06-17 08:30:00.295562',5,5,12,12),(1,'2018-06-17 08:30:07.533586','2018-06-17 08:30:07.533685',6,6,12,12),(1,'2018-06-17 08:30:14.993444','2018-06-17 08:30:14.993578',7,7,12,12),(1,'2018-06-17 08:30:52.905348','2018-06-17 08:30:52.905493',8,14,12,12),(1,'2018-06-17 08:31:04.562214','2018-06-17 08:31:04.562345',9,30,12,12),(1,'2018-09-04 11:33:30.907088','2018-09-04 11:33:30.907194',10,10,6,6);
/*!40000 ALTER TABLE `visit_numofdays` ENABLE KEYS */;
UNLOCK TABLES;

--
-- Table structure for table `visit_prescription`
--

DROP TABLE IF EXISTS `visit_prescription`;
/*!40101 SET @saved_cs_client     = @@character_set_client */;
/*!40101 SET character_set_client = utf8 */;
CREATE TABLE `visit_prescription` (
  `is_active` tinyint(4) NOT NULL,
  `created_on` datetime(6) NOT NULL,
  `modified_on` datetime(6) NOT NULL,
  `id` int(11) NOT NULL AUTO_INCREMENT,
  `medicine_duration_days_id` int(11) DEFAULT NULL,
  `created_by_id` int(11) DEFAULT NULL,
  `medicine_dose_id` int(11) DEFAULT NULL,
  `medicine_reminder_id` int(11) DEFAULT NULL,
  `modified_by_id` int(11) DEFAULT NULL,
  `visit_id` int(11) DEFAULT NULL,
  `medicine_brand_id` int(11) DEFAULT NULL,
  `medicine_generic_id` int(11) DEFAULT NULL,
  `medicine_quantity_id` int(11) DEFAULT NULL,
  PRIMARY KEY (`id`),
  KEY `visit_prescription_created_by_id_41810e30_fk_auth_user_id` (`created_by_id`),
  KEY `visit_prescription_medicine_dose_id_120047de_fk_visit_dose_id` (`medicine_dose_id`),
  KEY `visit_prescription_medicine_reminder_id_bdc06d62_fk_visit_rem` (`medicine_reminder_id`),
  KEY `visit_prescription_modified_by_id_868e6204_fk_auth_user_id` (`modified_by_id`),
  KEY `visit_prescription_visit_id_4c1a431d_fk_visit_visit_id` (`visit_id`),
  KEY `visit_prescription_medicine_duration_days_id_20fcd384` (`medicine_duration_days_id`),
  KEY `visit_prescription_medicine_brand_id_bdbd16f5_fk_visit_med` (`medicine_brand_id`),
  KEY `visit_prescription_medicine_generic_id_4501ae36_fk_visit_med` (`medicine_generic_id`),
  KEY `visit_prescription_medicine_quantity_id_51840d5c_fk_visit_med` (`medicine_quantity_id`),
  CONSTRAINT `visit_prescription_created_by_id_41810e30_fk_auth_user_id` FOREIGN KEY (`created_by_id`) REFERENCES `auth_user` (`id`),
  CONSTRAINT `visit_prescription_medicine_brand_id_bdbd16f5_fk_visit_med` FOREIGN KEY (`medicine_brand_id`) REFERENCES `visit_medicinebrand` (`id`),
  CONSTRAINT `visit_prescription_medicine_dose_id_120047de_fk_visit_dose_id` FOREIGN KEY (`medicine_dose_id`) REFERENCES `visit_dose` (`id`),
  CONSTRAINT `visit_prescription_medicine_generic_id_4501ae36_fk_visit_med` FOREIGN KEY (`medicine_generic_id`) REFERENCES `visit_medicinegeneric` (`id`),
  CONSTRAINT `visit_prescription_medicine_quantity_id_51840d5c_fk_visit_med` FOREIGN KEY (`medicine_quantity_id`) REFERENCES `visit_medicinequantity` (`id`),
  CONSTRAINT `visit_prescription_medicine_reminder_id_bdc06d62_fk_visit_rem` FOREIGN KEY (`medicine_reminder_id`) REFERENCES `visit_reminder` (`id`),
  CONSTRAINT `visit_prescription_modified_by_id_868e6204_fk_auth_user_id` FOREIGN KEY (`modified_by_id`) REFERENCES `auth_user` (`id`),
  CONSTRAINT `visit_prescription_visit_id_4c1a431d_fk_visit_visit_id` FOREIGN KEY (`visit_id`) REFERENCES `visit_visit` (`id`)
) ENGINE=InnoDB AUTO_INCREMENT=1281 DEFAULT CHARSET=latin1;
/*!40101 SET character_set_client = @saved_cs_client */;

--
-- Dumping data for table `visit_prescription`
--

LOCK TABLES `visit_prescription` WRITE;
/*!40000 ALTER TABLE `visit_prescription` DISABLE KEYS */;
INSERT INTO `visit_prescription` VALUES (0,'2018-05-05 01:51:08.841324','2018-05-05 01:51:08.841465',1,7,1,1,1,1,1,NULL,NULL,NULL),(0,'2018-05-05 07:05:01.271643','2018-05-05 07:05:01.271765',6,21,1,6,6,1,6,NULL,NULL,NULL),(0,'2018-05-16 03:00:59.753491','2018-05-16 03:00:59.753617',11,NULL,11,NULL,NULL,11,26,NULL,NULL,NULL),(0,'2018-05-16 04:40:21.682876','2018-05-16 04:40:21.683025',16,NULL,11,NULL,NULL,11,51,NULL,NULL,NULL),(0,'2018-05-16 04:41:50.538355','2018-05-16 04:41:50.538473',21,NULL,11,NULL,NULL,11,51,NULL,NULL,NULL),(0,'2018-05-16 04:41:50.540479','2018-05-16 04:41:50.540598',26,NULL,11,NULL,NULL,11,51,NULL,NULL,NULL),(0,'2018-05-16 04:46:31.357673','2018-05-16 04:46:31.357800',31,NULL,11,11,6,11,56,NULL,NULL,NULL),(0,'2018-05-16 04:59:39.576151','2018-05-16 04:59:39.576276',36,NULL,11,6,11,11,61,NULL,NULL,NULL),(0,'2018-05-16 05:01:06.183117','2018-05-16 05:01:06.183280',41,NULL,11,16,16,11,61,NULL,NULL,NULL),(0,'2018-05-16 05:04:01.260322','2018-05-16 05:04:01.260455',46,NULL,11,21,11,11,61,NULL,NULL,NULL),(0,'2018-05-16 05:14:55.029262','2018-05-16 05:14:55.029401',51,NULL,11,26,16,11,66,NULL,NULL,NULL),(0,'2018-05-16 05:29:27.502709','2018-05-16 05:29:27.502834',56,NULL,11,NULL,NULL,11,71,NULL,NULL,NULL),(0,'2018-05-16 05:45:09.978763','2018-05-16 05:45:09.978887',61,NULL,11,16,16,11,76,NULL,NULL,NULL),(0,'2018-05-16 06:03:26.803655','2018-05-16 06:03:26.803789',66,NULL,11,31,11,11,81,NULL,NULL,NULL),(0,'2018-05-16 06:03:26.873880','2018-05-16 06:03:26.874005',71,NULL,11,16,16,11,81,NULL,NULL,NULL),(0,'2018-05-16 06:16:24.765294','2018-05-16 06:16:24.765423',76,NULL,11,36,11,11,86,NULL,NULL,NULL),(0,'2018-05-16 06:16:24.767423','2018-05-16 06:16:24.767553',81,NULL,11,NULL,11,11,86,NULL,NULL,NULL),(0,'2018-05-16 06:31:09.247886','2018-05-16 06:31:09.248013',86,NULL,11,41,16,11,91,NULL,NULL,NULL),(0,'2018-05-16 06:44:53.307148','2018-05-16 06:44:53.307323',91,NULL,11,31,16,11,96,NULL,NULL,NULL),(0,'2018-05-16 06:44:53.309251','2018-05-16 06:44:53.309377',96,NULL,11,46,16,11,96,NULL,NULL,NULL),(0,'2018-05-16 07:03:34.996150','2018-05-16 07:03:34.996281',101,NULL,11,11,6,11,101,NULL,NULL,NULL),(0,'2018-05-17 02:40:08.935254','2018-05-17 02:40:08.935383',106,NULL,11,51,16,11,121,NULL,NULL,NULL),(0,'2018-05-17 03:21:49.356613','2018-05-17 03:21:49.356744',111,NULL,11,16,6,11,131,NULL,NULL,NULL),(0,'2018-05-17 04:01:13.935555','2018-05-17 04:01:13.935685',116,NULL,11,16,16,11,136,NULL,NULL,NULL),(0,'2018-05-17 04:19:06.687698','2018-05-17 04:19:06.687826',121,NULL,11,6,16,11,141,NULL,NULL,NULL),(0,'2018-05-17 04:48:02.389152','2018-05-17 04:48:02.389278',126,NULL,11,16,16,11,151,NULL,NULL,NULL),(0,'2018-05-18 02:26:47.574935','2018-05-18 02:26:47.575060',131,NULL,11,NULL,11,11,156,NULL,NULL,NULL),(0,'2018-05-18 02:43:33.313977','2018-05-18 02:43:33.314156',136,NULL,11,26,16,11,161,NULL,NULL,NULL),(0,'2018-05-18 02:43:33.316172','2018-05-18 02:43:33.316301',141,NULL,11,NULL,11,11,161,NULL,NULL,NULL),(0,'2018-05-18 03:18:52.607271','2018-05-18 03:18:52.607399',146,NULL,11,6,16,11,171,NULL,NULL,NULL),(0,'2018-05-18 03:18:52.609397','2018-05-18 03:18:52.609527',151,NULL,11,46,11,11,171,NULL,NULL,NULL),(0,'2018-05-18 03:18:52.683208','2018-05-18 03:18:52.683333',156,NULL,11,6,21,11,171,NULL,NULL,NULL),(0,'2018-05-18 03:39:02.790246','2018-05-18 03:39:02.790393',161,NULL,11,NULL,11,11,176,NULL,NULL,NULL),(0,'2018-05-18 03:39:02.792381','2018-05-18 03:39:02.792502',166,NULL,11,NULL,11,11,176,NULL,NULL,NULL),(0,'2018-05-18 05:19:15.733343','2018-05-18 05:19:15.733480',171,NULL,11,56,11,11,221,NULL,NULL,NULL),(0,'2018-05-18 05:42:25.002020','2018-05-18 05:42:25.002210',176,NULL,11,61,11,11,226,NULL,NULL,NULL),(0,'2018-05-18 05:59:27.933178','2018-05-18 05:59:27.933307',181,NULL,11,16,16,11,231,NULL,NULL,NULL),(0,'2018-05-18 05:59:27.935275','2018-05-18 05:59:27.935398',186,NULL,11,21,11,11,231,NULL,NULL,NULL),(0,'2018-05-18 06:15:57.654924','2018-05-18 06:15:57.655052',191,NULL,11,26,16,11,236,NULL,NULL,NULL),(0,'2018-05-18 06:41:13.847979','2018-05-18 06:41:13.848124',196,NULL,11,16,16,11,246,NULL,NULL,NULL),(0,'2018-05-18 07:34:09.430685','2018-05-18 07:34:09.430814',201,500,6,NULL,NULL,6,261,NULL,NULL,NULL),(0,'2018-05-19 02:26:24.231716','2018-05-19 02:26:24.231838',206,NULL,11,31,16,11,266,NULL,NULL,NULL),(0,'2018-05-19 02:26:24.233850','2018-05-19 02:26:24.233974',211,NULL,11,66,11,11,266,NULL,NULL,NULL),(0,'2018-05-19 02:28:35.845209','2018-06-15 22:26:27.369290',216,NULL,6,NULL,NULL,12,266,NULL,NULL,NULL),(0,'2018-05-19 02:45:40.777149','2018-05-19 02:45:40.777278',221,NULL,11,NULL,6,11,271,NULL,NULL,NULL),(0,'2018-05-19 02:45:40.779193','2018-05-19 02:45:40.779318',226,NULL,11,56,11,11,271,NULL,NULL,NULL),(0,'2018-05-19 02:47:17.133132','2018-05-19 02:47:17.133267',231,500,6,NULL,NULL,6,271,NULL,NULL,NULL),(0,'2018-05-19 03:17:52.953400','2018-05-19 03:17:52.953528',236,NULL,11,6,11,11,281,NULL,NULL,NULL),(0,'2018-05-19 03:17:53.040292','2018-05-19 03:17:53.040423',241,NULL,11,16,6,11,281,NULL,NULL,NULL),(0,'2018-05-19 03:28:53.325615','2018-05-19 03:28:53.325741',246,NULL,11,51,16,11,286,NULL,NULL,NULL),(0,'2018-05-19 03:46:35.034291','2018-05-19 03:46:35.034418',251,500,6,NULL,NULL,6,286,NULL,NULL,NULL),(0,'2018-05-19 03:47:16.633147','2018-05-19 03:47:16.633275',256,NULL,11,21,11,11,291,NULL,NULL,NULL),(0,'2018-05-19 03:47:16.635221','2018-05-19 03:47:16.635343',261,NULL,11,16,16,11,291,NULL,NULL,NULL),(0,'2018-05-19 04:04:07.385349','2018-05-19 04:04:07.385476',266,NULL,11,NULL,6,11,296,NULL,NULL,NULL),(0,'2018-05-19 04:15:58.686539','2018-05-19 04:15:58.686667',271,NULL,11,36,11,11,301,NULL,NULL,NULL),(0,'2018-05-19 04:15:58.688656','2018-05-19 04:15:58.688783',276,NULL,11,NULL,11,11,301,NULL,NULL,NULL),(0,'2018-05-19 04:19:52.319215','2018-05-19 04:19:52.319340',281,500,6,NULL,NULL,6,301,NULL,NULL,NULL),(0,'2018-05-19 04:32:06.869777','2018-05-19 04:32:06.869904',286,500,6,NULL,NULL,6,306,NULL,NULL,NULL),(0,'2018-05-19 04:46:34.627025','2018-05-19 04:46:34.627146',291,NULL,11,71,6,11,311,NULL,NULL,NULL),(0,'2018-05-19 04:46:34.629164','2018-05-19 04:46:34.629292',296,NULL,11,6,11,11,311,NULL,NULL,NULL),(0,'2018-05-19 05:02:01.713596','2018-05-19 05:02:01.713721',301,NULL,11,6,11,11,316,NULL,NULL,NULL),(0,'2018-05-19 05:02:01.715619','2018-05-19 05:02:01.715742',306,NULL,11,16,6,11,316,NULL,NULL,NULL),(0,'2018-05-19 05:42:15.028598','2018-05-19 05:42:15.028723',311,500,6,NULL,NULL,6,321,NULL,NULL,NULL),(0,'2018-05-19 05:42:30.319291','2018-05-19 05:42:30.319422',316,500,6,NULL,NULL,6,326,NULL,NULL,NULL),(0,'2018-05-19 05:42:55.026858','2018-05-19 05:42:55.026990',321,500,6,NULL,NULL,6,316,NULL,NULL,NULL),(0,'2018-05-21 02:27:13.646516','2018-05-21 02:27:13.646641',326,NULL,11,51,16,11,336,NULL,NULL,NULL),(0,'2018-05-21 02:27:13.648749','2018-05-21 02:27:13.648879',331,NULL,11,36,16,11,336,NULL,NULL,NULL),(0,'2018-05-21 02:31:57.870963','2018-05-23 02:20:27.222323',336,500,6,46,31,11,331,NULL,NULL,NULL),(0,'2018-05-21 02:32:25.029338','2018-05-21 02:32:25.029479',341,500,6,NULL,NULL,6,336,NULL,NULL,NULL),(0,'2018-05-21 02:42:20.714316','2018-05-21 02:42:20.714448',346,NULL,11,16,26,11,341,NULL,NULL,NULL),(0,'2018-05-21 02:42:20.716596','2018-05-21 02:42:20.716721',351,NULL,11,51,16,11,341,NULL,NULL,NULL),(0,'2018-05-21 03:08:28.476969','2018-05-21 03:08:28.477106',356,NULL,11,76,16,11,351,NULL,NULL,NULL),(0,'2018-05-21 03:24:11.123248','2018-05-21 03:24:11.123371',361,NULL,11,51,16,11,356,NULL,NULL,NULL),(0,'2018-05-21 03:25:05.438285','2018-05-21 03:25:05.438421',366,500,6,NULL,NULL,6,351,NULL,NULL,NULL),(0,'2018-05-21 03:25:24.797810','2018-05-21 03:25:24.797931',371,600,6,NULL,NULL,6,356,NULL,NULL,NULL),(0,'2018-05-21 03:58:37.575015','2018-05-21 03:58:37.575143',376,NULL,11,26,31,11,371,NULL,NULL,NULL),(0,'2018-05-21 04:25:45.838585','2018-05-21 04:25:45.838714',381,NULL,11,6,16,11,376,NULL,NULL,NULL),(0,'2018-05-21 04:25:45.840685','2018-05-21 04:25:45.840808',386,NULL,11,66,31,11,376,NULL,NULL,NULL),(0,'2018-05-21 04:25:45.842677','2018-05-21 04:25:45.842800',391,NULL,11,36,31,11,376,NULL,NULL,NULL),(0,'2018-05-21 05:01:17.029218','2018-05-21 05:01:17.029341',396,NULL,11,11,6,11,381,NULL,NULL,NULL),(0,'2018-05-21 05:30:30.991995','2018-05-21 05:30:30.992133',401,NULL,11,31,16,11,391,NULL,NULL,NULL),(0,'2018-05-21 05:30:31.055978','2018-05-21 05:30:31.056103',406,NULL,11,NULL,16,11,391,NULL,NULL,NULL),(0,'2018-05-21 05:30:31.058008','2018-05-21 05:30:31.058128',411,NULL,11,81,31,11,391,NULL,NULL,NULL),(0,'2018-05-21 05:35:43.418170','2018-05-21 05:35:43.418291',416,600,6,NULL,NULL,6,386,NULL,NULL,NULL),(0,'2018-05-21 05:36:02.552143','2018-05-21 05:36:02.552265',421,500,6,NULL,NULL,6,391,NULL,NULL,NULL),(0,'2018-05-21 05:52:00.548924','2018-05-21 05:52:00.549055',426,NULL,11,76,16,11,396,NULL,NULL,NULL),(0,'2018-05-21 06:16:47.595330','2018-05-21 06:16:47.595454',431,NULL,11,86,16,11,401,NULL,NULL,NULL),(0,'2018-05-21 06:16:47.597547','2018-05-21 06:16:47.597675',436,NULL,11,36,16,11,401,NULL,NULL,NULL),(0,'2018-05-21 06:19:08.823925','2018-05-21 06:19:08.824047',441,1000,6,NULL,NULL,6,401,NULL,NULL,NULL),(0,'2018-05-21 06:38:55.045492','2018-05-21 06:38:55.045614',446,NULL,11,6,16,11,406,NULL,NULL,NULL),(0,'2018-05-21 06:38:55.047660','2018-05-21 06:38:55.047790',451,NULL,11,16,26,11,406,NULL,NULL,NULL),(0,'2018-05-21 07:09:56.459592','2018-05-21 07:09:56.459721',456,500,6,NULL,NULL,6,411,NULL,NULL,NULL),(0,'2018-05-21 07:41:02.202141','2018-05-21 07:41:02.202266',461,NULL,11,16,26,11,426,NULL,NULL,NULL),(0,'2018-05-21 07:48:06.106178','2018-05-21 07:48:06.106307',466,400,6,NULL,NULL,6,421,NULL,NULL,NULL),(0,'2018-05-22 05:36:26.379107','2018-05-22 05:36:26.379229',471,0,11,16,16,11,431,NULL,NULL,NULL),(0,'2018-05-22 06:00:28.113870','2018-05-22 06:00:28.113995',476,NULL,11,61,16,11,436,NULL,NULL,NULL),(0,'2018-05-22 06:00:28.851273','2018-05-22 06:00:28.851407',481,500,6,NULL,NULL,6,431,NULL,NULL,NULL),(0,'2018-05-22 06:01:12.505866','2018-05-22 06:01:12.505992',486,500,6,NULL,NULL,6,436,NULL,NULL,NULL),(0,'2018-05-22 07:07:07.338291','2018-05-22 07:07:07.338411',491,500,6,NULL,NULL,6,446,NULL,NULL,NULL),(0,'2018-05-22 07:07:23.857906','2018-05-22 07:07:23.858030',496,500,6,NULL,NULL,6,451,NULL,NULL,NULL),(0,'2018-05-22 07:07:43.310542','2018-05-22 07:07:43.310669',501,NULL,11,31,31,11,456,NULL,NULL,NULL),(0,'2018-05-22 07:07:43.312634','2018-05-22 07:07:43.312757',506,NULL,11,16,26,11,456,NULL,NULL,NULL),(0,'2018-05-22 08:26:26.085464','2018-05-22 08:26:26.085634',511,NULL,11,16,16,11,471,NULL,NULL,NULL),(0,'2018-05-22 08:34:50.514636','2018-05-22 08:34:50.514775',516,NULL,11,71,26,11,476,NULL,NULL,NULL),(0,'2018-05-22 08:34:50.516741','2018-05-22 08:34:50.516859',521,NULL,11,56,31,11,476,NULL,NULL,NULL),(0,'2018-05-22 08:55:15.897973','2018-05-22 08:55:15.898104',526,NULL,11,6,36,11,466,NULL,NULL,NULL),(0,'2018-05-22 09:09:16.804972','2018-05-22 09:09:16.805094',531,NULL,11,6,31,11,481,NULL,NULL,NULL),(0,'2018-05-22 09:09:16.807117','2018-05-22 09:09:16.807236',536,NULL,11,66,31,11,481,NULL,NULL,NULL),(0,'2018-05-22 09:13:25.790242','2018-05-22 09:13:25.790363',541,500,6,NULL,NULL,6,481,NULL,NULL,NULL),(0,'2018-05-22 09:13:42.755870','2018-05-22 09:13:42.755993',546,500,6,NULL,NULL,6,476,NULL,NULL,NULL),(0,'2018-05-22 09:14:34.039316','2018-05-22 09:14:34.039437',551,800,6,NULL,NULL,6,466,NULL,NULL,NULL),(0,'2018-05-23 02:00:01.778189','2018-05-23 02:00:01.778315',556,NULL,11,51,16,11,486,NULL,NULL,NULL),(0,'2018-05-23 02:00:01.780314','2018-05-23 02:00:01.780438',561,NULL,11,16,26,11,486,NULL,NULL,NULL),(0,'2018-05-23 02:15:46.390929','2018-05-23 02:15:46.391058',566,NULL,11,16,16,11,491,NULL,NULL,NULL),(0,'2018-05-23 02:20:27.225858','2018-05-23 02:20:27.226018',571,NULL,11,NULL,26,11,331,NULL,NULL,NULL),(0,'2018-05-23 02:20:39.073494','2018-05-23 02:23:27.798407',576,NULL,6,NULL,NULL,6,486,NULL,NULL,NULL),(0,'2018-05-23 02:23:46.540292','2018-05-23 02:23:46.540412',581,600,6,NULL,NULL,6,491,NULL,NULL,NULL),(0,'2018-05-23 02:32:29.087028','2018-05-23 02:32:29.087154',586,NULL,11,36,31,11,496,NULL,NULL,NULL),(0,'2018-05-23 02:32:29.089144','2018-05-23 02:32:29.089271',591,NULL,11,NULL,31,11,496,NULL,NULL,NULL),(0,'2018-05-23 02:45:10.566601','2018-05-23 02:45:10.566729',596,NULL,11,56,31,11,501,NULL,NULL,NULL),(0,'2018-05-23 02:56:25.638914','2018-05-23 02:56:25.639033',601,500,6,NULL,NULL,6,501,NULL,NULL,NULL),(0,'2018-05-23 03:18:44.411953','2018-05-23 03:18:44.412075',606,500,6,NULL,NULL,6,506,NULL,NULL,NULL),(0,'2018-05-23 03:27:19.057808','2018-05-23 03:27:19.057934',611,NULL,11,31,31,11,511,NULL,NULL,NULL),(0,'2018-05-23 03:27:19.059915','2018-05-23 03:27:19.060037',616,NULL,11,16,16,11,511,NULL,NULL,NULL),(0,'2018-05-23 04:00:01.695846','2018-05-23 04:00:01.695985',621,NULL,11,26,31,11,526,NULL,NULL,NULL),(0,'2018-05-23 04:10:04.475554','2018-05-23 04:10:04.475679',626,NULL,11,46,16,11,531,NULL,NULL,NULL),(0,'2018-05-23 05:38:23.279040','2018-05-23 05:38:23.279168',631,NULL,11,21,31,11,536,NULL,NULL,NULL),(0,'2018-05-23 05:45:13.607916','2018-05-23 05:45:13.608039',636,NULL,11,NULL,16,11,541,NULL,NULL,NULL),(0,'2018-05-23 05:56:02.841547','2018-05-23 05:56:02.841677',641,NULL,11,16,16,11,546,NULL,NULL,NULL),(0,'2018-05-23 06:12:37.392955','2018-05-23 06:12:37.393085',646,600,6,NULL,NULL,6,546,NULL,NULL,NULL),(0,'2018-05-23 06:19:02.022089','2018-05-23 06:19:02.022215',651,500,6,NULL,NULL,6,551,NULL,NULL,NULL),(0,'2018-05-23 06:38:28.436266','2018-05-23 06:38:28.436393',656,500,6,NULL,NULL,6,556,NULL,NULL,NULL),(0,'2018-05-23 06:52:33.058754','2018-05-23 06:52:33.058887',661,NULL,11,6,31,11,561,NULL,NULL,NULL),(0,'2018-05-23 06:52:33.060866','2018-05-23 06:52:33.061044',666,NULL,11,16,26,11,561,NULL,NULL,NULL),(0,'2018-05-23 07:25:14.047249','2018-05-23 08:40:13.702545',671,NULL,6,NULL,NULL,6,566,NULL,NULL,NULL),(0,'2018-05-24 02:32:05.493223','2018-05-24 02:32:05.493348',676,NULL,11,6,26,11,576,NULL,NULL,NULL),(0,'2018-05-24 02:32:05.495338','2018-05-24 02:32:05.495462',681,NULL,11,71,16,11,576,NULL,NULL,NULL),(0,'2018-05-24 02:47:06.876729','2018-05-24 03:53:24.695265',686,600,6,NULL,NULL,6,576,NULL,NULL,NULL),(0,'2018-05-24 02:47:32.686969','2018-05-24 02:47:32.687088',691,600,6,NULL,NULL,6,581,NULL,NULL,NULL),(0,'2018-05-24 03:19:16.865005','2018-05-24 03:19:16.865136',696,NULL,11,51,16,11,586,NULL,NULL,NULL),(0,'2018-05-24 03:36:08.581246','2018-05-24 03:36:08.581365',701,400,6,NULL,NULL,6,586,NULL,NULL,NULL),(0,'2018-05-24 03:36:41.632790','2018-05-24 03:36:41.632916',706,NULL,11,31,16,11,591,NULL,NULL,NULL),(0,'2018-05-24 03:36:41.634817','2018-05-24 03:36:41.634940',711,NULL,11,66,31,11,591,NULL,NULL,NULL),(0,'2018-05-24 03:54:50.151545','2018-05-24 03:54:50.151742',716,NULL,11,36,31,11,596,NULL,NULL,NULL),(0,'2018-05-24 03:54:50.153733','2018-05-24 03:54:50.153858',721,NULL,11,91,31,11,596,NULL,NULL,NULL),(0,'2018-05-24 04:12:54.247718','2018-05-24 04:12:54.247845',726,600,6,NULL,NULL,6,596,NULL,NULL,NULL),(0,'2018-05-24 04:28:21.728717','2018-05-24 04:28:21.728836',731,500,6,NULL,NULL,6,606,NULL,NULL,NULL),(0,'2018-05-24 04:37:43.430841','2018-05-24 04:37:43.430966',736,NULL,11,21,31,11,611,NULL,NULL,NULL),(0,'2018-05-24 04:38:48.101465','2018-05-24 04:38:48.101585',741,500,6,NULL,NULL,6,611,NULL,NULL,NULL),(0,'2018-05-24 04:51:39.661309','2018-05-24 04:51:39.661437',746,NULL,11,21,31,11,616,NULL,NULL,NULL),(0,'2018-05-24 05:24:28.230719','2018-05-24 05:24:28.230844',751,NULL,11,16,16,11,626,NULL,NULL,NULL),(0,'2018-05-24 06:29:44.759829','2018-05-24 06:29:44.759953',756,NULL,11,16,26,11,656,NULL,NULL,NULL),(0,'2018-05-24 06:29:44.761848','2018-05-24 06:29:44.761967',761,NULL,11,6,31,11,656,NULL,NULL,NULL),(0,'2018-05-24 06:48:37.757220','2018-05-24 06:48:37.757341',766,NULL,11,6,31,11,661,NULL,NULL,NULL),(0,'2018-05-24 06:48:37.759248','2018-05-24 06:48:37.759361',771,NULL,11,66,31,11,661,NULL,NULL,NULL),(0,'2018-05-24 06:50:33.606624','2018-05-24 06:50:33.606742',776,500,6,NULL,NULL,6,661,NULL,NULL,NULL),(0,'2018-05-24 06:51:11.047612','2018-05-24 06:51:11.047725',781,500,6,NULL,NULL,6,651,NULL,NULL,NULL),(0,'2018-05-24 07:16:32.033023','2018-05-24 07:16:32.033150',786,NULL,11,86,16,11,671,NULL,NULL,NULL),(0,'2018-05-24 07:16:32.035158','2018-05-24 07:16:32.035287',791,NULL,11,76,16,11,671,NULL,NULL,NULL),(0,'2018-05-24 07:45:59.671989','2018-05-24 07:45:59.672113',796,500,6,NULL,NULL,6,676,NULL,NULL,NULL),(0,'2018-05-24 08:00:34.990012','2018-05-24 08:00:34.990138',801,NULL,11,86,16,11,681,NULL,NULL,NULL),(0,'2018-05-24 08:00:34.992237','2018-05-24 08:00:34.992361',806,NULL,11,76,16,11,681,NULL,NULL,NULL),(0,'2018-05-24 08:08:40.533398','2018-05-24 08:08:40.533523',811,NULL,11,76,16,11,686,NULL,NULL,NULL),(0,'2018-05-24 08:39:13.467612','2018-05-24 08:39:13.467733',816,500,6,NULL,NULL,6,691,NULL,NULL,NULL),(0,'2018-05-24 09:19:18.633204','2018-05-24 09:19:18.633328',821,600,6,NULL,NULL,6,646,NULL,NULL,NULL),(0,'2018-05-25 01:56:58.118915','2018-05-25 01:56:58.119046',826,500,6,NULL,NULL,6,696,NULL,NULL,NULL),(0,'2018-05-25 01:57:11.009443','2018-05-25 01:57:11.009566',831,400,6,NULL,NULL,6,701,NULL,NULL,NULL),(0,'2018-05-25 02:21:00.854848','2018-05-25 02:21:00.854971',836,NULL,11,6,16,11,711,NULL,NULL,NULL),(0,'2018-05-25 02:21:00.857030','2018-05-25 02:21:00.857155',841,NULL,11,76,26,11,711,NULL,NULL,NULL),(0,'2018-05-25 02:34:08.520101','2018-05-25 02:34:08.520234',846,NULL,11,26,16,11,716,NULL,NULL,NULL),(0,'2018-05-25 02:35:24.689005','2018-05-25 02:35:24.689124',851,NULL,11,46,16,11,716,NULL,NULL,NULL),(0,'2018-05-25 02:40:09.692077','2018-05-25 02:40:09.692202',856,400,6,NULL,NULL,6,706,NULL,NULL,NULL),(0,'2018-05-25 02:40:43.599356','2018-05-25 02:40:43.599478',861,500,6,NULL,NULL,6,716,NULL,NULL,NULL),(0,'2018-05-25 03:20:19.280980','2018-05-25 03:20:19.281101',866,NULL,11,16,16,11,726,NULL,NULL,NULL),(0,'2018-05-25 03:20:19.283053','2018-05-25 03:20:19.283173',871,NULL,11,81,26,11,726,NULL,NULL,NULL),(0,'2018-05-25 03:48:06.382396','2018-05-25 03:48:06.382524',876,500,6,NULL,NULL,6,731,NULL,NULL,NULL),(0,'2018-05-25 04:03:11.746723','2018-05-25 04:03:11.746844',881,600,6,NULL,NULL,6,736,NULL,NULL,NULL),(0,'2018-05-25 04:14:31.870088','2018-05-25 04:14:31.870215',886,NULL,11,81,26,11,741,NULL,NULL,NULL),(0,'2018-05-25 04:17:11.423633','2018-05-25 04:17:11.423758',891,500,6,NULL,NULL,6,741,NULL,NULL,NULL),(0,'2018-05-25 04:28:54.963128','2018-05-25 04:28:54.963260',896,NULL,11,36,31,11,746,NULL,NULL,NULL),(0,'2018-05-25 04:48:46.787857','2018-05-25 04:48:46.787984',901,NULL,11,16,26,11,751,NULL,NULL,NULL),(0,'2018-05-25 04:48:46.789989','2018-05-25 04:48:46.790114',906,NULL,11,6,16,11,751,NULL,NULL,NULL),(0,'2018-05-25 04:51:37.615433','2018-05-25 04:51:37.615560',911,300,6,NULL,NULL,6,751,NULL,NULL,NULL),(0,'2018-05-25 05:03:10.425916','2018-05-25 05:03:10.426059',916,NULL,11,51,16,11,756,NULL,NULL,NULL),(0,'2018-05-25 05:03:10.493812','2018-05-25 05:03:10.493940',921,NULL,11,36,31,11,756,NULL,NULL,NULL),(0,'2018-05-25 05:05:58.106846','2018-05-25 05:05:58.106973',926,500,6,NULL,NULL,6,756,NULL,NULL,NULL),(0,'2018-05-25 05:20:27.340742','2018-05-25 05:20:27.340869',931,400,6,NULL,NULL,6,761,NULL,NULL,NULL),(0,'2018-05-25 06:19:20.281104','2018-05-25 06:19:20.281231',936,NULL,11,16,26,11,781,NULL,NULL,NULL),(0,'2018-05-25 06:19:20.283254','2018-05-25 06:19:20.283379',941,NULL,11,51,16,11,781,NULL,NULL,NULL),(0,'2018-05-25 06:20:45.194308','2018-05-25 06:20:45.194433',946,NULL,11,16,16,11,786,NULL,NULL,NULL),(0,'2018-05-26 02:38:30.881806','2018-05-26 02:38:30.881932',951,NULL,11,51,26,11,796,NULL,NULL,NULL),(0,'2018-05-26 02:51:45.545041','2018-05-26 02:51:45.545161',956,NULL,11,51,16,11,801,NULL,NULL,NULL),(0,'2018-05-26 02:51:45.547148','2018-05-26 02:51:45.547267',961,NULL,11,21,31,11,801,NULL,NULL,NULL),(0,'2018-05-26 03:07:24.200998','2018-05-26 03:07:24.201124',966,NULL,11,6,16,11,806,NULL,NULL,NULL),(0,'2018-05-26 03:07:24.203086','2018-05-26 03:07:24.203209',971,NULL,11,36,31,11,806,NULL,NULL,NULL),(0,'2018-05-26 03:07:24.205148','2018-05-26 03:07:24.205271',976,NULL,11,NULL,26,11,806,NULL,NULL,NULL),(0,'2018-05-26 03:22:53.969480','2018-05-26 03:22:53.969604',981,NULL,11,56,31,11,811,NULL,NULL,NULL),(0,'2018-05-26 03:22:53.971735','2018-05-26 03:22:53.971857',986,NULL,11,71,26,11,811,NULL,NULL,NULL),(0,'2018-05-26 03:33:54.864297','2018-05-26 03:33:54.864425',991,NULL,11,86,16,11,816,NULL,NULL,NULL),(0,'2018-05-26 03:33:54.866382','2018-05-26 03:33:54.866508',996,NULL,11,96,26,11,816,NULL,NULL,NULL),(0,'2018-05-26 03:44:50.625193','2018-05-26 03:44:50.625315',1001,NULL,11,16,16,11,821,NULL,NULL,NULL),(0,'2018-05-26 04:11:49.746366','2018-05-26 04:11:49.746494',1006,NULL,11,16,16,11,826,NULL,NULL,NULL),(0,'2018-05-26 04:34:27.154729','2018-05-26 04:34:27.154853',1011,NULL,11,36,31,11,831,NULL,NULL,NULL),(0,'2018-05-26 05:13:36.633137','2018-05-26 05:13:36.633261',1016,NULL,11,6,36,11,841,NULL,NULL,NULL),(0,'2018-05-26 05:13:36.635263','2018-05-26 05:13:36.635390',1021,NULL,11,46,16,11,841,NULL,NULL,NULL),(0,'2018-05-26 05:28:53.322159','2018-05-26 05:28:53.322287',1026,NULL,11,96,16,11,846,NULL,NULL,NULL),(0,'2018-05-26 05:28:53.324280','2018-05-26 05:28:53.324404',1031,NULL,11,76,16,11,846,NULL,NULL,NULL),(0,'2018-05-26 06:10:17.149329','2018-05-26 06:10:17.149460',1036,NULL,11,86,16,11,851,NULL,NULL,NULL),(0,'2018-05-26 06:10:17.151443','2018-05-26 06:10:17.151615',1041,NULL,11,76,26,11,851,NULL,NULL,NULL),(0,'2018-05-26 06:31:01.262040','2018-05-26 06:31:01.262166',1046,NULL,11,86,16,11,856,NULL,NULL,NULL),(0,'2018-05-26 06:31:01.264142','2018-05-26 06:31:01.264266',1051,NULL,11,36,16,11,856,NULL,NULL,NULL),(0,'2018-05-26 06:53:49.547521','2018-05-26 06:53:49.547713',1056,NULL,11,6,31,11,866,NULL,NULL,NULL),(0,'2018-05-26 06:53:49.550290','2018-05-26 06:53:49.550417',1061,NULL,11,16,16,11,866,NULL,NULL,NULL),(0,'2018-05-26 07:22:55.509751','2018-05-26 07:22:55.509877',1066,NULL,11,76,16,11,871,NULL,NULL,NULL),(0,'2018-05-26 07:45:06.735542','2018-05-26 07:45:06.735722',1071,NULL,11,86,16,11,876,NULL,NULL,NULL),(0,'2018-05-28 02:37:06.383830','2018-05-28 02:37:06.383987',1076,NULL,11,16,26,11,906,NULL,NULL,NULL),(0,'2018-05-28 02:51:29.225682','2018-05-28 02:51:29.225806',1081,NULL,11,6,36,11,911,NULL,NULL,NULL),(0,'2018-05-28 02:51:29.227725','2018-05-28 02:51:29.227845',1086,NULL,11,46,16,11,911,NULL,NULL,NULL),(0,'2018-05-28 03:07:10.996127','2018-05-28 03:07:10.996254',1091,NULL,11,51,16,11,916,NULL,NULL,NULL),(0,'2018-05-28 03:53:04.804287','2018-05-28 03:53:04.804464',1096,NULL,11,6,31,11,941,NULL,NULL,NULL),(0,'2018-05-28 03:53:04.806380','2018-05-28 03:53:04.806496',1101,NULL,11,16,16,11,941,NULL,NULL,NULL),(0,'2018-05-28 04:00:51.858646','2018-05-28 04:00:51.858778',1106,NULL,11,51,26,11,946,NULL,NULL,NULL),(0,'2018-05-28 04:50:21.061913','2018-05-28 04:50:21.062041',1111,NULL,11,6,36,11,961,NULL,NULL,NULL),(0,'2018-05-29 02:16:58.096032','2018-05-29 02:16:58.096161',1116,NULL,11,16,16,11,971,NULL,NULL,NULL),(0,'2018-05-29 02:40:45.413767','2018-05-29 02:40:45.413892',1121,NULL,11,6,16,11,976,NULL,NULL,NULL),(0,'2018-05-29 02:40:45.415869','2018-05-29 02:40:45.415994',1126,NULL,11,16,16,11,976,NULL,NULL,NULL),(0,'2018-05-29 03:13:48.358382','2018-05-29 03:13:48.358509',1131,NULL,11,16,16,11,986,NULL,NULL,NULL),(0,'2018-05-29 03:13:48.360455','2018-05-29 03:13:48.360578',1136,NULL,11,NULL,31,11,986,NULL,NULL,NULL),(0,'2018-05-29 03:52:52.046442','2018-05-29 03:52:52.046572',1141,NULL,11,51,16,11,996,NULL,NULL,NULL),(0,'2018-05-29 03:52:52.048764','2018-05-29 03:52:52.048891',1146,NULL,11,16,26,11,996,NULL,NULL,NULL),(0,'2018-05-29 04:05:53.115166','2018-05-29 04:05:53.115291',1151,NULL,11,6,31,11,1001,NULL,NULL,NULL),(0,'2018-05-29 04:05:53.117238','2018-05-29 04:05:53.117362',1156,NULL,11,16,16,11,1001,NULL,NULL,NULL),(0,'2018-05-29 05:03:48.743676','2018-05-29 05:03:48.743804',1161,NULL,11,NULL,26,11,1016,NULL,NULL,NULL),(0,'2018-05-29 05:03:48.745766','2018-05-29 05:03:48.745888',1166,NULL,11,56,31,11,1016,NULL,NULL,NULL),(0,'2018-05-29 05:35:29.886657','2018-05-29 05:35:29.886779',1171,NULL,11,6,31,11,1031,NULL,NULL,NULL),(0,'2018-05-29 05:51:27.783080','2018-05-29 05:51:27.783204',1176,NULL,11,51,16,11,1041,NULL,NULL,NULL),(0,'2018-05-30 02:25:40.357525','2018-05-30 02:25:40.357654',1181,NULL,11,16,26,11,1051,NULL,NULL,NULL),(0,'2018-05-30 02:43:50.136392','2018-05-30 02:43:50.136516',1186,NULL,11,16,16,11,1056,NULL,NULL,NULL),(0,'2018-05-30 03:29:39.700333','2018-05-30 03:29:39.700459',1191,NULL,11,51,16,11,1081,NULL,NULL,NULL),(0,'2018-05-30 03:49:10.865469','2018-05-30 03:49:10.865588',1196,NULL,11,16,16,11,1091,NULL,NULL,NULL),(0,'2018-05-30 04:31:29.002217','2018-05-30 04:31:29.002344',1201,NULL,11,NULL,16,11,1096,NULL,NULL,NULL),(0,'2018-05-30 04:51:59.137327','2018-05-30 04:51:59.137452',1206,NULL,11,6,16,11,1101,NULL,NULL,NULL),(0,'2018-05-30 05:54:12.147568','2018-05-30 05:54:12.147692',1211,NULL,11,76,16,11,1121,NULL,NULL,NULL),(0,'2018-05-30 05:54:12.149682','2018-05-30 05:54:12.149801',1216,NULL,11,76,16,11,1121,NULL,NULL,NULL),(0,'2018-05-30 06:19:42.779584','2018-05-30 06:19:42.779707',1221,NULL,11,76,16,11,1136,NULL,NULL,NULL),(0,'2018-06-07 02:36:56.999084','2018-06-07 02:36:56.999211',1226,NULL,11,NULL,36,11,1141,NULL,NULL,NULL),(0,'2018-06-07 02:57:41.461726','2018-06-07 02:57:41.461849',1231,NULL,11,6,31,11,1146,NULL,NULL,NULL),(0,'2018-06-07 03:12:21.404210','2018-06-07 03:12:21.404333',1236,NULL,11,21,31,11,1151,NULL,NULL,NULL),(0,'2018-06-07 03:12:21.406264','2018-06-07 03:12:21.406385',1241,NULL,11,NULL,16,11,1151,NULL,NULL,NULL),(0,'2018-06-07 03:52:52.093195','2018-06-07 03:52:52.093319',1246,NULL,11,71,26,11,1156,NULL,NULL,NULL),(0,'2018-06-17 18:28:56.868855','2018-06-17 18:28:56.868975',1247,7,12,51,37,12,1183,1,1,1),(0,'2018-06-17 18:31:46.424058','2018-06-17 18:31:46.424138',1248,7,12,36,38,12,1183,2,2,2),(0,'2018-06-17 18:31:46.425499','2018-06-17 18:31:46.425565',1249,5,12,66,39,12,1183,3,3,3),(1,'2018-09-04 11:11:29.379887','2018-09-04 11:11:29.379987',1250,7,6,71,26,6,1186,5,NULL,2),(1,'2018-09-04 11:33:43.091346','2018-09-04 11:33:43.091442',1251,10,6,41,26,6,1187,6,8,NULL),(1,'2018-09-04 11:52:32.146284','2018-09-04 11:52:32.146384',1252,10,6,6,31,6,1189,7,NULL,NULL),(1,'2018-09-04 11:56:18.197738','2018-09-04 11:56:18.197867',1253,10,6,16,16,6,1189,NULL,10,NULL),(1,'2018-09-04 13:02:01.190602','2018-09-04 13:02:01.190698',1254,NULL,6,36,16,6,1193,8,NULL,NULL),(1,'2018-09-04 13:17:17.039105','2018-09-04 13:17:17.039208',1255,3,6,16,16,6,1194,NULL,12,NULL),(1,'2018-09-04 13:36:16.137930','2018-09-04 13:36:16.138029',1256,7,6,16,16,6,1195,NULL,10,NULL),(1,'2018-09-04 15:23:59.338827','2018-09-04 15:23:59.338930',1257,10,6,6,31,6,1196,7,NULL,NULL),(1,'2018-09-04 15:47:06.717391','2018-09-04 15:47:06.717491',1258,7,6,16,40,6,1197,9,13,NULL),(1,'2018-09-04 15:47:06.719637','2018-09-04 15:47:06.719737',1259,8,6,21,41,6,1197,10,15,NULL),(1,'2018-09-06 10:04:04.274773','2018-09-06 10:04:04.274873',1260,10,6,6,41,6,1198,7,9,4),(1,'2018-09-06 10:04:04.277161','2018-09-06 10:04:04.277258',1261,7,6,16,40,6,1198,9,NULL,2),(1,'2018-09-06 10:34:29.428741','2018-09-06 10:34:29.428842',1262,NULL,6,36,42,6,1200,2,17,2),(1,'2018-09-06 10:52:58.613526','2018-09-06 10:57:04.861963',1263,7,6,11,43,6,1201,11,18,5),(1,'2018-09-06 11:19:46.650655','2018-09-06 11:21:53.228373',1264,7,6,51,37,6,1202,12,19,6),(1,'2018-09-06 11:19:46.652911','2018-09-06 11:19:46.653010',1265,8,6,99,44,6,1202,2,17,2),(1,'2018-09-06 11:36:58.780572','2018-09-06 11:36:58.780676',1266,5,6,26,37,6,1203,13,20,4),(1,'2018-09-06 11:36:58.782783','2018-09-06 11:36:58.782884',1267,5,6,46,37,6,1203,14,21,4),(1,'2018-09-06 11:55:53.886654','2018-09-06 11:55:53.886754',1268,10,6,NULL,40,6,1204,15,10,2),(1,'2018-09-06 12:35:23.205853','2018-09-06 12:35:23.205950',1269,7,6,51,37,6,1205,12,19,6),(1,'2018-09-06 13:42:51.355424','2018-09-06 13:42:51.355528',1270,7,6,NULL,45,6,1209,5,7,2),(1,'2018-09-06 13:57:34.941767','2018-09-06 13:57:34.941865',1271,6,6,6,41,6,1210,16,22,NULL),(1,'2018-09-07 10:04:31.998473','2018-09-07 10:04:31.998588',1272,7,6,NULL,40,6,1215,9,13,2),(1,'2018-09-07 11:19:53.926613','2018-09-07 11:19:53.926715',1273,8,6,21,41,6,1221,17,23,1),(1,'2018-09-07 11:19:53.928919','2018-09-07 11:19:53.929018',1274,8,6,NULL,42,6,1221,2,17,2),(1,'2018-09-07 11:38:54.558316','2018-09-07 11:38:54.558417',1275,7,6,NULL,46,6,1222,18,24,2),(1,'2018-09-07 12:42:25.615437','2018-09-07 12:42:25.615538',1276,7,6,NULL,47,6,1226,8,25,2),(1,'2018-09-07 15:11:50.849195','2018-09-07 15:11:50.849306',1277,5,6,6,41,6,1228,16,22,3),(1,'2018-09-07 15:11:50.851397','2018-09-07 15:11:50.851499',1278,5,6,66,48,6,1228,3,3,3),(1,'2018-09-07 15:29:29.534771','2018-09-07 15:29:29.534873',1279,7,6,NULL,40,6,1229,9,13,2),(1,'2018-09-08 10:06:40.562767','2018-09-08 10:06:40.562874',1280,7,11,NULL,40,11,1231,19,26,2);
/*!40000 ALTER TABLE `visit_prescription` ENABLE KEYS */;
UNLOCK TABLES;

--
-- Table structure for table `visit_reminder`
--

DROP TABLE IF EXISTS `visit_reminder`;
/*!40101 SET @saved_cs_client     = @@character_set_client */;
/*!40101 SET character_set_client = utf8 */;
CREATE TABLE `visit_reminder` (
  `is_active` tinyint(1) NOT NULL,
  `created_on` datetime(6) NOT NULL,
  `modified_on` datetime(6) NOT NULL,
  `id` int(11) NOT NULL AUTO_INCREMENT,
  `medicine_reminder` varchar(50) DEFAULT NULL,
  `created_by_id` int(11) DEFAULT NULL,
  `modified_by_id` int(11) DEFAULT NULL,
  PRIMARY KEY (`id`),
  UNIQUE KEY `medicine_reminder` (`medicine_reminder`),
  KEY `visit_reminder_created_by_id_fe52085f_fk_auth_user_id` (`created_by_id`),
  KEY `visit_reminder_modified_by_id_cbe79c8e_fk_auth_user_id` (`modified_by_id`),
  CONSTRAINT `visit_reminder_created_by_id_fe52085f_fk_auth_user_id` FOREIGN KEY (`created_by_id`) REFERENCES `auth_user` (`id`),
  CONSTRAINT `visit_reminder_modified_by_id_cbe79c8e_fk_auth_user_id` FOREIGN KEY (`modified_by_id`) REFERENCES `auth_user` (`id`)
) ENGINE=InnoDB AUTO_INCREMENT=49 DEFAULT CHARSET=latin1;
/*!40101 SET character_set_client = @saved_cs_client */;

--
-- Dumping data for table `visit_reminder`
--

LOCK TABLES `visit_reminder` WRITE;
/*!40000 ALTER TABLE `visit_reminder` DISABLE KEYS */;
INSERT INTO `visit_reminder` VALUES (1,'2018-05-05 01:50:21.353375','2018-05-05 01:50:21.353502',1,'Take daily',1,1),(1,'2018-05-05 07:02:50.476544','2018-05-05 07:02:50.476667',6,'Three times a day',1,1),(1,'2018-05-16 04:59:11.086705','2018-05-16 04:59:11.086834',11,'once daily',11,11),(1,'2018-05-16 05:01:02.129291','2018-05-16 05:01:02.129420',16,'BID',11,11),(1,'2018-05-18 03:18:48.946899','2018-05-18 03:18:48.947024',21,'PRN',11,11),(1,'2018-05-21 02:37:53.363359','2018-05-21 02:37:53.363535',26,'TID',11,11),(1,'2018-05-21 03:55:43.125247','2018-05-21 03:55:43.125371',31,'OD',11,11),(1,'2018-05-22 08:52:22.682535','2018-05-22 08:52:22.682664',36,'QID',11,11),(1,'2018-06-17 08:09:34.000000','2018-06-17 08:09:34.000000',37,'SIG: 1 tab 2x daily',12,12),(1,'2018-06-17 08:10:40.000000','2018-06-17 08:10:40.000000',38,'RIG: 2 sprays/nostril once daily',12,12),(1,'2018-06-17 08:11:36.000000','2018-06-17 08:11:36.000000',39,'SIG: 1 tab in 100 ml water once daily',12,12),(1,'2018-09-04 15:44:59.122091','2018-09-04 15:44:59.122203',40,'Sig. 3-4 drops 2x daily',6,6),(1,'2018-09-04 15:46:40.015258','2018-09-04 15:46:40.015370',41,'Sig. 1 tab once daily',6,6),(1,'2018-09-06 10:33:44.432194','2018-09-06 10:33:44.432299',42,'Sig. 2 sparys/nostril once daily',6,6),(1,'2018-09-06 10:51:59.100860','2018-09-06 10:51:59.100960',43,'Sig. 1 cap 3x daily',6,6),(1,'2018-09-06 11:17:15.051534','2018-09-06 11:17:15.051638',44,'Sig. 1 spay/nostril once daily',6,6),(1,'2018-09-06 13:42:04.055893','2018-09-06 13:42:04.056002',45,'1-2 sprays 3x daily',6,6),(1,'2018-09-07 11:38:17.613393','2018-09-07 11:38:17.613502',46,'Sig. gargle 3x daily',6,6),(1,'2018-09-07 12:41:23.753931','2018-09-07 12:41:23.754035',47,'Sig. 2-3 spays 2x daily',6,6),(1,'2018-09-07 15:11:02.308124','2018-09-07 15:11:02.308225',48,'Sig, 1 tab in 100 ml water once daily',6,6);
/*!40000 ALTER TABLE `visit_reminder` ENABLE KEYS */;
UNLOCK TABLES;

--
-- Table structure for table `visit_treatment`
--

DROP TABLE IF EXISTS `visit_treatment`;
/*!40101 SET @saved_cs_client     = @@character_set_client */;
/*!40101 SET character_set_client = utf8 */;
CREATE TABLE `visit_treatment` (
  `is_active` tinyint(1) NOT NULL,
  `created_on` datetime(6) NOT NULL,
  `modified_on` datetime(6) NOT NULL,
  `id` int(11) NOT NULL AUTO_INCREMENT,
  `treatment_name` varchar(255) DEFAULT NULL,
  `created_by_id` int(11) DEFAULT NULL,
  `modified_by_id` int(11) DEFAULT NULL,
  `visit_id` int(11) DEFAULT NULL,
  PRIMARY KEY (`id`),
  KEY `visit_treatment_created_by_id_d807bd9c_fk_auth_user_id` (`created_by_id`),
  KEY `visit_treatment_modified_by_id_286f5588_fk_auth_user_id` (`modified_by_id`),
  KEY `visit_treatment_visit_id_f90e9e42_fk_visit_visit_id` (`visit_id`),
  CONSTRAINT `visit_treatment_created_by_id_d807bd9c_fk_auth_user_id` FOREIGN KEY (`created_by_id`) REFERENCES `auth_user` (`id`),
  CONSTRAINT `visit_treatment_modified_by_id_286f5588_fk_auth_user_id` FOREIGN KEY (`modified_by_id`) REFERENCES `auth_user` (`id`),
  CONSTRAINT `visit_treatment_visit_id_f90e9e42_fk_visit_visit_id` FOREIGN KEY (`visit_id`) REFERENCES `visit_visit` (`id`)
) ENGINE=InnoDB AUTO_INCREMENT=197 DEFAULT CHARSET=latin1;
/*!40101 SET character_set_client = @saved_cs_client */;

--
-- Dumping data for table `visit_treatment`
--

LOCK TABLES `visit_treatment` WRITE;
/*!40000 ALTER TABLE `visit_treatment` DISABLE KEYS */;
INSERT INTO `visit_treatment` VALUES (1,'2018-05-05 01:49:15.462031','2018-05-05 01:49:15.462158',1,'Treat1',1,1,NULL),(1,'2018-05-05 07:01:09.569362','2018-05-05 07:01:09.569487',6,'Perscribed medicine',1,1,NULL),(1,'2018-05-05 08:00:59.888124','2018-05-05 08:00:59.888248',11,'refer to dentist',6,6,NULL),(1,'2018-05-05 08:04:51.590580','2018-05-05 08:04:51.590707',16,'advised',6,6,NULL),(1,'2018-05-16 02:43:01.755019','2018-05-16 02:43:01.755149',21,'zykast OD',11,11,NULL),(1,'2018-05-16 02:43:35.146543','2018-05-16 02:43:35.146666',26,'zykast OD, Nasoflo OD',11,11,NULL),(1,'2018-05-16 03:19:01.453617','2018-05-16 03:19:01.453747',31,'removal of FB',11,11,NULL),(1,'2018-05-16 04:07:10.815205','2018-05-16 04:07:10.815423',36,'suction',11,11,NULL),(1,'2018-05-17 02:14:25.665496','2018-05-17 02:14:25.665624',41,'excision',11,11,NULL),(1,'2018-05-17 04:55:04.255703','2018-05-17 04:55:04.255837',46,'nasal endoscopy',11,11,NULL),(1,'2018-05-17 04:55:23.138164','2018-05-17 04:55:23.138288',51,'per oral endoscopy',11,11,NULL),(1,'2018-05-18 04:46:38.805122','2018-05-18 04:46:38.805249',56,'hearing aid fitting',11,11,NULL),(1,'2018-05-18 05:03:39.701742','2018-05-18 05:03:39.701877',61,'refer to neuro',11,11,NULL),(1,'2018-05-18 06:39:07.355253','2018-05-18 06:39:07.355404',66,'removal of IC',11,11,NULL),(1,'2018-05-18 07:05:59.805229','2018-05-18 07:05:59.805369',71,'PTA',11,11,NULL),(1,'2018-05-18 07:17:07.880586','2018-05-18 07:17:07.880716',76,'UTZ',11,11,NULL),(1,'2018-05-19 02:45:22.452672','2018-05-19 02:45:22.452805',81,'voice rest',11,11,NULL),(1,'2018-05-19 04:31:23.898352','2018-05-19 04:31:23.898481',86,'refer to gastro',11,11,NULL),(1,'2018-05-21 02:06:44.655684','2018-05-21 02:06:44.655815',91,'CXR',11,11,NULL),(1,'2018-05-21 03:04:13.665295','2018-05-21 03:04:13.665450',96,'C/S',11,11,NULL),(1,'2018-05-21 03:40:16.238183','2018-05-21 03:40:16.238318',101,'FNAB',11,11,NULL),(1,'2018-05-21 05:00:50.161734','2018-05-21 05:00:50.161867',106,'for I&D',11,11,NULL),(1,'2018-05-21 07:31:06.729470','2018-05-21 07:31:06.729593',111,'for biopsy',11,11,NULL),(1,'2018-05-22 06:08:05.335019','2018-05-22 06:08:05.335142',116,'refer to pulmo',11,11,NULL),(1,'2018-05-22 06:29:29.980358','2018-05-22 06:29:29.980486',121,'for PTA',11,11,NULL),(1,'2018-05-22 06:35:06.205201','2018-05-22 06:35:06.205323',126,'refer to endo',11,11,NULL),(1,'2018-05-23 03:06:12.622889','2018-05-23 03:06:12.623013',131,'refer to hema',11,11,NULL),(1,'2018-05-23 03:09:31.398479','2018-05-23 03:09:31.398609',136,'for CT scan',11,11,NULL),(1,'2018-05-23 06:10:15.293826','2018-05-23 06:10:15.293955',141,'vestibular exercise',11,11,NULL),(1,'2018-05-23 07:13:35.518400','2018-05-23 07:13:35.518528',146,'for tonsillectomy',11,11,NULL),(1,'2018-05-24 03:07:31.558558','2018-05-24 03:07:31.558685',151,'aspiration',11,11,NULL),(1,'2018-05-24 05:26:32.825317','2018-05-24 05:26:32.825462',156,'s/p removal of FB(battery)',11,11,NULL),(1,'2018-05-24 05:40:09.829040','2018-05-24 05:40:09.829167',161,'refer to ophtha',11,11,NULL),(1,'2018-05-24 05:51:13.992400','2018-05-24 05:51:13.992531',166,'cont nasoflo',11,11,NULL),(1,'2018-05-24 07:44:45.503138','2018-05-24 07:44:45.503266',171,'for completion thyroidectomy',11,11,NULL),(1,'2018-05-25 05:18:50.231852','2018-05-25 05:18:50.231976',176,'warm compress',11,11,NULL),(1,'2018-05-29 02:38:33.446305','2018-05-29 02:38:33.446429',181,'removal of aural polyp',11,11,NULL),(1,'2018-05-29 02:59:50.529822','2018-05-29 02:59:50.529947',186,'for hearing aid fitting',11,11,NULL),(1,'2018-05-29 05:33:58.223073','2018-05-29 05:33:58.223198',191,'for mastoidectomy',11,11,NULL),(1,'2018-05-30 03:08:39.140586','2018-05-30 03:08:39.140717',196,'refer to infectious',11,11,NULL);
/*!40000 ALTER TABLE `visit_treatment` ENABLE KEYS */;
UNLOCK TABLES;

--
-- Table structure for table `visit_visit`
--

DROP TABLE IF EXISTS `visit_visit`;
/*!40101 SET @saved_cs_client     = @@character_set_client */;
/*!40101 SET character_set_client = utf8 */;
CREATE TABLE `visit_visit` (
  `medicine_payment_id` int(11) NOT NULL,
  `visit_payment_id` int(11) NOT NULL,
  `is_active` tinyint(1) NOT NULL,
  `created_on` datetime(6) NOT NULL,
  `modified_on` datetime(6) NOT NULL,
  `id` int(11) NOT NULL AUTO_INCREMENT,
  `visit_date` date NOT NULL,
  `created_by_id` int(11) DEFAULT NULL,
  `modified_by_id` int(11) DEFAULT NULL,
  `patient_id` int(11) NOT NULL,
  PRIMARY KEY (`id`),
  KEY `visit_visit_created_by_id_629adb86_fk_auth_user_id` (`created_by_id`),
  KEY `visit_visit_modified_by_id_c4ba55c8_fk_auth_user_id` (`modified_by_id`),
  KEY `visit_visit_patient_id_369358a0_fk_patient_patient_id` (`patient_id`),
  KEY `visit_visit_payment_id` (`visit_payment_id`),
  KEY `medicine_payment_id` (`medicine_payment_id`),
  CONSTRAINT `visit_visit_created_by_id_629adb86_fk_auth_user_id` FOREIGN KEY (`created_by_id`) REFERENCES `auth_user` (`id`),
  CONSTRAINT `visit_visit_modified_by_id_c4ba55c8_fk_auth_user_id` FOREIGN KEY (`modified_by_id`) REFERENCES `auth_user` (`id`),
  CONSTRAINT `visit_visit_patient_id_369358a0_fk_patient_patient_id` FOREIGN KEY (`patient_id`) REFERENCES `patient_patient` (`id`)
) ENGINE=InnoDB AUTO_INCREMENT=1232 DEFAULT CHARSET=latin1;
/*!40101 SET character_set_client = @saved_cs_client */;

--
-- Dumping data for table `visit_visit`
--

LOCK TABLES `visit_visit` WRITE;
/*!40000 ALTER TABLE `visit_visit` DISABLE KEYS */;
INSERT INTO `visit_visit` VALUES (1,1,1,'2018-05-05 01:51:08.799081','2018-05-05 01:51:08.799211',1,'2018-05-05',1,1,1),(0,0,1,'2018-05-05 07:05:01.232348','2018-05-05 07:05:01.232473',6,'2018-05-05',1,1,1),(0,0,1,'2018-05-05 08:01:32.943051','2018-05-05 08:01:32.943178',11,'2017-11-12',6,6,11),(0,0,1,'2018-05-05 08:05:09.126882','2018-05-05 08:05:09.127011',16,'2018-05-04',6,6,11),(0,0,1,'2018-05-16 02:47:46.580924','2018-05-16 02:47:46.581051',21,'2018-05-16',11,11,111),(0,0,1,'2018-05-16 03:00:59.515714','2018-05-16 03:00:59.515845',26,'2018-05-16',11,11,116),(0,0,1,'2018-05-16 03:19:05.154242','2018-05-16 03:19:05.154366',31,'2018-05-16',11,11,121),(0,0,1,'2018-05-16 03:23:50.070044','2018-05-16 03:23:50.070170',36,'2018-05-16',11,11,101),(0,0,1,'2018-05-16 03:42:53.200802','2018-05-16 03:42:53.200937',41,'2018-05-16',11,11,126),(0,0,1,'2018-05-16 04:07:14.860944','2018-05-16 04:07:14.861072',46,'2018-05-16',11,11,136),(0,0,1,'2018-05-16 04:40:21.134351','2018-05-16 04:41:50.535109',51,'2018-05-16',11,11,141),(0,0,1,'2018-05-16 04:46:31.265247','2018-05-16 04:46:31.265371',56,'2018-05-16',11,11,131),(0,0,1,'2018-05-16 04:59:39.402147','2018-05-16 05:04:01.256946',61,'2018-05-16',11,11,146),(0,0,1,'2018-05-16 05:14:54.376509','2018-05-16 05:14:54.376640',66,'2018-05-16',11,11,151),(0,0,1,'2018-05-16 05:29:27.482727','2018-05-16 05:29:27.482851',71,'2018-05-16',11,11,156),(0,0,1,'2018-05-16 05:45:09.805539','2018-05-16 05:45:09.805671',76,'2018-05-16',11,11,161),(0,0,1,'2018-05-16 06:03:26.193107','2018-05-16 06:03:26.193237',81,'2018-05-16',11,11,166),(0,0,1,'2018-05-16 06:16:24.745353','2018-05-16 06:16:24.745481',86,'2018-05-16',11,11,171),(0,0,1,'2018-05-16 06:31:09.227337','2018-05-16 06:31:09.227466',91,'2018-05-16',11,11,176),(0,0,1,'2018-05-16 06:44:53.217753','2018-05-16 06:44:53.217877',96,'2018-05-16',11,11,181),(0,0,1,'2018-05-16 07:03:34.844595','2018-05-17 04:53:06.286745',101,'2018-05-16',11,11,186),(0,0,1,'2018-05-16 07:23:57.649181','2018-05-16 07:23:57.649308',106,'2018-05-16',11,11,191),(0,0,1,'2018-05-17 02:16:38.644776','2018-05-17 02:16:38.644904',111,'2018-05-17',11,11,106),(0,0,1,'2018-05-17 02:23:24.172434','2018-05-17 02:23:24.172563',116,'2018-05-17',11,11,196),(0,0,1,'2018-05-17 02:40:08.914933','2018-05-17 04:56:15.786506',121,'2018-05-17',11,11,201),(0,0,1,'2018-05-17 02:55:02.184688','2018-05-17 02:55:02.184831',126,'2018-05-17',11,11,206),(0,0,1,'2018-05-17 03:21:49.333221','2018-05-17 03:21:49.333373',131,'2018-05-17',11,11,216),(0,0,1,'2018-05-17 04:01:13.914808','2018-05-17 04:01:13.914935',136,'2018-05-17',11,11,221),(0,0,1,'2018-05-17 04:19:06.667494','2018-05-17 04:19:06.667670',141,'2018-05-17',11,11,231),(0,0,1,'2018-05-17 04:42:00.925454','2018-05-17 04:42:00.925581',146,'2018-05-17',11,11,241),(0,0,1,'2018-05-17 04:48:01.754219','2018-05-17 04:48:01.754351',151,'2018-05-17',11,11,236),(0,0,1,'2018-05-18 02:26:47.518778','2018-05-18 02:26:47.518905',156,'2018-05-18',11,11,246),(0,0,1,'2018-05-18 02:43:33.292640','2018-05-18 02:43:33.292765',161,'2018-05-18',11,11,251),(0,0,1,'2018-05-18 02:58:54.916664','2018-05-18 03:22:00.884755',166,'2018-05-18',11,6,256),(0,0,1,'2018-05-18 03:18:52.586882','2018-05-18 03:18:52.587008',171,'2018-05-18',11,11,261),(0,0,1,'2018-05-18 03:39:02.643921','2018-05-18 03:39:02.644051',176,'2018-05-18',11,11,266),(0,0,1,'2018-05-18 03:56:45.308444','2018-05-18 03:56:45.308573',181,'2018-05-18',11,11,271),(0,0,1,'2018-05-18 04:06:08.462411','2018-05-18 04:06:08.462540',186,'2018-05-18',11,11,276),(0,0,1,'2018-05-18 04:17:12.302540','2018-05-18 04:17:12.302669',191,'2018-05-18',11,11,291),(0,0,1,'2018-05-18 04:27:31.440056','2018-05-18 04:27:31.440188',196,'2018-05-18',11,11,286),(0,0,1,'2018-05-18 04:39:14.389306','2018-05-18 04:39:14.389436',201,'2018-05-18',11,11,296),(0,0,1,'2018-05-18 04:48:01.602042','2018-05-18 04:48:01.602224',206,'2018-05-18',11,11,301),(0,0,1,'2018-05-18 04:54:49.773714','2018-05-18 04:54:49.773845',211,'2018-05-18',11,11,306),(0,0,1,'2018-05-18 05:06:38.861970','2018-05-18 05:06:38.862098',216,'2018-05-18',11,11,311),(0,0,1,'2018-05-18 05:19:15.712431','2018-05-18 05:19:15.712555',221,'2018-05-18',11,11,316),(0,0,1,'2018-05-18 05:42:24.981014','2018-05-18 05:42:24.981140',226,'2018-05-18',11,11,321),(0,0,1,'2018-05-18 05:59:27.846176','2018-05-18 05:59:27.846311',231,'2018-05-18',11,11,326),(0,0,1,'2018-05-18 06:15:57.567105','2018-05-18 06:15:57.567231',236,'2018-05-18',11,11,331),(0,0,1,'2018-05-18 06:18:33.571587','2018-05-18 06:18:33.571715',241,'2018-05-18',11,11,56),(0,0,1,'2018-05-18 06:41:13.827639','2018-05-18 06:41:13.827771',246,'2018-05-18',11,11,336),(0,0,1,'2018-05-18 06:48:27.614723','2018-05-18 06:48:27.614865',251,'2018-05-18',11,11,341),(0,0,1,'2018-05-18 07:07:03.406622','2018-05-18 07:07:03.406750',256,'2018-05-18',11,11,346),(0,0,1,'2018-05-18 07:23:18.733579','2018-05-18 07:34:09.427309',261,'2018-05-18',11,6,356),(1,1,1,'2018-05-19 02:26:24.110664','2018-06-15 22:26:27.365563',266,'2018-05-19',11,12,361),(0,0,1,'2018-05-19 02:45:40.757075','2018-05-19 02:47:17.129806',271,'2018-05-19',11,6,366),(0,0,1,'2018-05-19 02:52:58.143599','2018-05-19 02:55:23.696868',276,'2018-05-19',11,6,371),(0,0,1,'2018-05-19 03:17:52.794247','2018-05-19 03:20:51.438103',281,'2018-05-19',11,6,376),(0,0,1,'2018-05-19 03:28:53.303775','2018-05-19 03:46:35.030621',286,'2018-05-19',11,6,381),(0,0,1,'2018-05-19 03:47:16.245977','2018-05-19 03:49:55.619738',291,'2018-05-19',11,6,391),(0,0,1,'2018-05-19 04:04:07.233283','2018-05-19 04:04:07.233409',296,'2018-05-19',11,11,396),(0,0,1,'2018-05-19 04:15:58.666413','2018-05-19 04:19:52.314983',301,'2018-05-19',11,6,401),(0,0,1,'2018-05-19 04:31:31.763905','2018-05-19 04:32:06.866575',306,'2018-05-19',11,6,406),(0,0,1,'2018-05-19 04:46:34.607017','2018-05-19 04:46:34.607143',311,'2018-05-19',11,11,416),(0,0,1,'2018-05-19 05:02:01.693585','2018-05-19 05:42:55.023588',316,'2018-05-19',11,6,421),(0,0,1,'2018-05-19 05:12:10.596283','2018-05-19 05:42:15.025371',321,'2018-05-19',11,6,426),(0,0,1,'2018-05-19 05:37:19.133648','2018-05-19 05:42:30.315876',326,'2018-05-19',11,6,431),(0,0,1,'2018-05-21 02:09:25.478625','2018-05-23 02:20:27.210906',331,'2018-05-21',11,11,436),(0,0,1,'2018-05-21 02:27:13.625725','2018-05-21 02:32:25.025872',336,'2018-05-21',11,6,441),(0,0,1,'2018-05-21 02:42:20.691608','2018-05-21 02:44:29.784092',341,'2018-05-21',11,6,446),(0,0,1,'2018-05-21 02:53:15.689097','2018-05-21 02:53:15.689227',346,'2018-05-21',11,11,451),(0,0,1,'2018-05-21 03:08:28.383669','2018-05-23 04:13:44.994389',351,'2018-05-21',11,11,456),(0,0,1,'2018-05-21 03:24:11.016902','2018-05-21 03:25:24.794530',356,'2018-05-21',11,6,461),(0,0,1,'2018-05-21 03:42:46.706305','2018-05-21 03:42:46.706435',361,'2018-05-21',11,11,411),(0,0,1,'2018-05-21 03:48:53.246744','2018-05-21 03:48:53.246875',366,'2018-05-21',11,11,36),(0,0,1,'2018-05-21 03:58:37.554579','2018-05-21 03:58:37.554709',371,'2018-05-21',11,11,466),(0,0,1,'2018-05-21 04:25:45.800292','2018-05-21 04:25:45.800433',376,'2018-05-21',11,11,471),(0,0,1,'2018-05-21 05:01:17.008289','2018-05-21 05:01:17.008416',381,'2018-05-21',11,11,351),(0,0,1,'2018-05-21 05:14:17.140297','2018-05-21 05:35:43.414947',386,'2018-05-21',11,6,476),(0,0,1,'2018-05-21 05:30:30.902525','2018-05-21 05:36:02.548861',391,'2018-05-21',11,6,491),(0,0,1,'2018-05-21 05:52:00.528280','2018-05-21 05:52:00.528406',396,'2018-05-21',11,11,486),(0,0,1,'2018-05-21 06:16:47.574648','2018-05-21 06:19:08.820699',401,'2018-05-21',11,6,496),(0,0,1,'2018-05-21 06:38:55.024770','2018-05-21 07:09:28.936734',406,'2018-05-21',11,6,501),(0,0,1,'2018-05-21 06:57:50.963748','2018-05-21 07:09:56.456293',411,'2018-05-21',11,6,506),(0,0,1,'2018-05-21 07:11:01.948201','2018-05-21 07:11:01.948330',416,'2018-05-21',11,11,511),(0,0,1,'2018-05-21 07:31:14.859742','2018-05-21 07:48:06.102828',421,'2018-05-21',11,6,516),(0,0,1,'2018-05-21 07:41:02.178181','2018-05-21 07:47:47.024587',426,'2018-05-21',11,6,481),(0,0,1,'2018-05-22 05:36:26.311839','2018-05-22 06:00:28.835996',431,'2018-05-22',11,6,526),(0,0,1,'2018-05-22 06:00:28.089984','2018-05-22 06:01:12.502144',436,'2018-05-22',11,6,521),(0,0,1,'2018-05-22 06:29:36.067401','2018-05-22 06:29:36.067529',441,'2018-05-22',11,11,536),(0,0,1,'2018-05-22 06:35:11.080190','2018-05-22 07:07:07.335218',446,'2018-05-22',11,6,541),(0,0,1,'2018-05-22 06:49:52.341087','2018-05-22 07:07:23.854684',451,'2018-05-22',11,6,546),(0,0,1,'2018-05-22 07:07:43.289252','2018-05-22 09:15:07.316856',456,'2018-05-22',11,6,551),(0,0,1,'2018-05-22 07:12:18.139854','2018-05-22 09:15:51.170322',461,'2018-05-22',11,6,556),(0,0,1,'2018-05-22 07:26:20.178181','2018-05-22 09:14:34.035614',466,'2018-05-22',11,6,561),(0,0,1,'2018-05-22 08:26:25.893836','2018-05-22 09:14:13.174597',471,'2018-05-22',11,6,566),(0,0,1,'2018-05-22 08:34:50.429887','2018-05-22 09:13:42.752406',476,'2018-05-22',11,6,571),(0,0,1,'2018-05-22 09:09:16.767423','2018-05-22 09:13:25.786986',481,'2018-05-22',11,6,576),(0,0,1,'2018-05-23 02:00:01.710807','2018-05-23 02:23:27.795351',486,'2018-05-23',11,6,581),(0,0,1,'2018-05-23 02:15:46.369138','2018-05-23 02:23:46.536888',491,'2018-05-23',11,6,586),(0,0,1,'2018-05-23 02:32:29.066925','2018-05-23 02:32:29.067051',496,'2018-05-23',11,11,591),(0,0,1,'2018-05-23 02:45:10.546086','2018-05-23 02:56:25.635635',501,'2018-05-23',11,6,596),(0,0,1,'2018-05-23 03:09:37.380361','2018-05-23 03:18:44.408713',506,'2018-05-23',11,6,601),(0,0,1,'2018-05-23 03:27:18.662056','2018-05-23 03:30:29.668868',511,'2018-05-23',11,6,606),(0,0,1,'2018-05-23 03:37:49.398427','2018-05-23 03:37:49.398557',516,'2018-05-23',11,11,611),(0,0,1,'2018-05-23 03:58:24.000817','2018-05-23 03:58:24.001005',521,'2018-05-23',11,11,616),(0,0,1,'2018-05-23 04:00:01.600165','2018-05-23 04:00:01.600294',526,'2018-05-23',11,11,621),(0,0,1,'2018-05-23 04:10:04.451047','2018-05-23 04:10:04.451175',531,'2018-05-23',11,11,626),(0,0,1,'2018-05-23 05:38:23.259058','2018-05-23 05:38:23.259188',536,'2018-05-23',11,11,631),(0,0,1,'2018-05-23 05:45:13.498038','2018-05-23 05:45:13.498166',541,'2018-05-23',11,11,636),(0,0,1,'2018-05-23 05:56:02.821837','2018-05-23 06:12:37.389490',546,'2018-05-23',11,6,641),(0,0,1,'2018-05-23 06:13:13.911296','2018-05-23 06:19:02.018827',551,'2018-05-23',11,6,646),(0,0,1,'2018-05-23 06:36:03.825466','2018-05-23 06:38:28.432958',556,'2018-05-23',11,6,651),(0,0,1,'2018-05-23 06:52:33.038548','2018-05-23 07:04:29.245080',561,'2018-05-23',11,11,656),(0,0,1,'2018-05-23 07:16:23.717006','2018-05-23 08:40:40.965265',566,'2018-05-23',11,6,361),(0,0,1,'2018-05-23 08:08:42.057358','2018-05-23 08:08:42.057487',571,'2018-05-23',6,6,361),(0,0,1,'2018-05-24 02:32:05.470622','2018-05-24 03:53:24.692296',576,'2018-05-24',11,6,671),(0,0,1,'2018-05-24 02:44:31.453034','2018-05-24 02:47:32.683895',581,'2018-05-24',11,6,681),(0,0,1,'2018-05-24 03:19:16.844889','2018-05-24 03:36:08.575339',586,'2018-05-24',11,6,351),(0,0,1,'2018-05-24 03:36:41.612759','2018-05-24 03:38:02.934777',591,'2018-05-24',11,6,686),(0,0,1,'2018-05-24 03:54:50.113118','2018-05-24 04:12:54.244393',596,'2018-05-24',11,6,691),(0,0,1,'2018-05-24 04:13:34.683839','2018-05-24 04:13:34.683976',601,'2018-05-24',11,11,676),(0,0,1,'2018-05-24 04:26:54.837709','2018-05-24 04:28:21.725506',606,'2018-05-24',11,6,696),(0,0,1,'2018-05-24 04:37:43.410930','2018-05-24 04:38:48.098066',611,'2018-05-24',11,6,701),(0,0,1,'2018-05-24 04:51:39.641278','2018-05-24 04:51:39.641403',616,'2018-05-24',11,11,706),(0,0,1,'2018-05-24 05:16:05.498496','2018-05-24 05:16:05.498624',621,'2018-05-24',11,11,711),(0,0,1,'2018-05-24 05:24:28.208969','2018-05-24 05:29:37.465272',626,'2018-05-24',11,6,716),(0,0,1,'2018-05-24 05:32:41.498546','2018-05-24 05:32:41.498672',631,'2018-05-24',11,11,721),(0,0,1,'2018-05-24 05:40:48.990573','2018-05-24 05:40:48.990704',636,'2018-05-24',11,11,726),(0,0,1,'2018-05-24 05:52:14.899622','2018-05-24 05:52:14.899751',641,'2018-05-24',11,11,731),(0,0,1,'2018-05-24 05:58:09.876279','2018-05-24 09:19:18.629965',646,'2018-05-24',11,6,736),(0,0,1,'2018-05-24 06:24:57.297469','2018-05-24 07:51:04.464646',651,'2018-05-24',11,11,741),(0,0,1,'2018-05-24 06:29:44.722260','2018-05-24 06:50:54.153214',656,'2018-05-24',11,6,751),(0,0,1,'2018-05-24 06:48:37.737021','2018-05-24 06:50:33.603338',661,'2018-05-24',11,6,746),(0,0,1,'2018-05-24 07:01:05.909708','2018-05-24 07:01:05.909834',666,'2018-05-24',11,11,756),(0,0,1,'2018-05-24 07:16:32.012933','2018-05-24 07:45:43.302052',671,'2018-05-24',11,6,761),(0,0,1,'2018-05-24 07:45:23.638679','2018-05-24 07:45:59.668660',676,'2018-05-24',11,6,771),(0,0,1,'2018-05-24 08:00:34.895720','2018-05-24 08:00:34.895848',681,'2018-05-24',11,11,776),(0,0,1,'2018-05-24 08:08:40.514045','2018-05-24 08:08:40.514176',686,'2018-05-24',11,11,781),(0,0,1,'2018-05-24 08:21:59.221797','2018-05-24 08:39:13.464340',691,'2018-05-24',11,6,786),(0,0,1,'2018-05-25 01:53:16.513245','2018-05-25 03:29:56.245137',696,'2018-05-25',11,11,791),(0,0,1,'2018-05-25 01:54:06.665955','2018-05-25 03:29:10.725100',701,'2018-05-25',11,11,796),(0,0,1,'2018-05-25 02:01:49.116771','2018-05-25 02:40:09.688784',706,'2018-05-25',11,6,801),(0,0,1,'2018-05-25 02:21:00.816441','2018-05-29 02:03:59.072307',711,'2018-05-25',11,6,806),(0,0,1,'2018-05-25 02:34:08.499382','2018-05-25 02:40:43.596024',716,'2018-05-25',11,6,811),(0,0,1,'2018-05-25 02:42:03.140064','2018-05-25 02:42:03.140196',721,'2018-05-25',11,11,821),(0,0,1,'2018-05-25 03:20:19.243356','2018-05-25 05:25:02.493323',726,'2018-05-25',11,6,826),(0,0,1,'2018-05-25 03:42:57.663025','2018-05-25 04:32:14.565208',731,'2018-05-25',11,11,831),(0,0,1,'2018-05-25 04:01:00.656779','2018-05-25 04:03:11.743487',736,'2018-05-25',11,6,816),(0,0,1,'2018-05-25 04:14:31.850034','2018-05-25 04:17:11.420088',741,'2018-05-25',11,6,836),(0,0,1,'2018-05-25 04:28:54.942790','2018-05-25 04:34:55.655507',746,'2018-05-25',11,6,841),(0,0,1,'2018-05-25 04:48:46.768219','2018-05-25 04:51:37.612141',751,'2018-05-25',11,6,846),(0,0,1,'2018-05-25 05:03:10.405776','2018-05-25 05:05:58.103567',756,'2018-05-25',11,6,851),(0,0,1,'2018-05-25 05:19:10.377514','2018-05-25 05:20:27.337578',761,'2018-05-25',11,6,856),(0,0,1,'2018-05-25 05:37:08.778497','2018-05-25 05:37:08.778622',766,'2018-05-25',11,11,861),(0,0,1,'2018-05-25 05:50:17.275426','2018-05-25 05:50:17.275554',771,'2018-05-25',11,11,866),(0,0,1,'2018-05-25 05:59:27.871338','2018-05-25 05:59:27.871462',776,'2018-05-25',11,11,871),(0,0,1,'2018-05-25 06:19:20.187835','2018-05-25 06:27:29.052897',781,'2018-05-25',11,6,876),(0,0,1,'2018-05-25 06:20:45.173903','2018-05-25 06:26:11.223886',786,'2018-05-25',11,6,881),(0,0,1,'2018-05-26 02:24:27.653353','2018-05-26 02:24:27.653479',791,'2018-05-26',11,11,886),(0,0,1,'2018-05-26 02:38:30.859648','2018-05-26 02:38:30.859781',796,'2018-05-26',11,11,891),(0,0,1,'2018-05-26 02:51:45.524547','2018-05-26 02:51:45.524677',801,'2018-05-26',11,11,896),(0,0,1,'2018-05-26 03:07:24.180557','2018-05-26 03:07:24.180685',806,'2018-05-26',11,11,901),(0,0,1,'2018-05-26 03:22:53.948214','2018-05-26 03:22:53.948348',811,'2018-05-26',11,11,906),(0,0,1,'2018-05-26 03:33:54.844030','2018-05-26 03:33:54.844178',816,'2018-05-26',11,11,911),(0,0,1,'2018-05-26 03:44:19.183850','2018-05-26 03:44:50.519670',821,'2018-05-26',11,11,916),(0,0,1,'2018-05-26 04:11:49.724723','2018-05-26 04:11:49.724857',826,'2018-05-26',11,11,926),(0,0,1,'2018-05-26 04:34:27.134654','2018-05-26 04:34:27.134783',831,'2018-05-26',11,11,931),(0,0,1,'2018-05-26 04:53:59.086953','2018-05-26 04:53:59.087079',836,'2018-05-26',11,11,941),(0,0,1,'2018-05-26 05:13:36.613181','2018-05-29 03:26:21.777595',841,'2018-05-26',11,11,936),(0,0,1,'2018-05-26 05:28:53.301593','2018-05-26 05:28:53.301717',846,'2018-05-26',11,11,946),(0,0,1,'2018-05-26 06:10:17.128789','2018-05-26 06:13:16.186360',851,'2018-05-26',11,6,951),(0,0,1,'2018-05-26 06:31:01.224072','2018-05-26 06:31:01.224200',856,'2018-05-26',11,11,956),(0,0,1,'2018-05-26 06:37:04.413369','2018-05-26 06:37:04.413496',861,'2018-05-26',11,11,961),(0,0,1,'2018-05-26 06:53:49.374020','2018-05-26 06:53:49.374155',866,'2018-05-26',11,11,966),(0,0,1,'2018-05-26 07:22:55.265042','2018-05-26 07:22:55.265170',871,'2018-05-26',11,11,971),(0,0,1,'2018-05-26 07:45:06.715533','2018-05-26 07:45:06.715705',876,'2018-05-26',11,11,976),(0,0,1,'2018-05-26 07:58:51.237761','2018-05-26 08:09:01.750620',881,'2018-05-26',11,6,986),(0,0,1,'2018-05-26 08:10:21.201209','2018-05-26 08:10:21.201334',886,'2018-05-26',11,11,981),(0,0,1,'2018-05-28 02:05:14.998049','2018-05-28 02:05:14.998178',891,'2018-05-28',11,11,996),(0,0,1,'2018-05-28 02:12:16.005209','2018-05-28 02:12:16.005333',896,'2018-05-28',11,11,991),(0,0,1,'2018-05-28 02:26:27.830966','2018-05-28 02:26:27.831092',901,'2018-05-28',11,11,1001),(0,0,1,'2018-05-28 02:35:54.872039','2018-05-28 02:37:06.365091',906,'2018-05-28',11,11,1006),(0,0,1,'2018-05-28 02:51:29.201652','2018-05-28 02:51:29.201777',911,'2018-05-28',11,11,1011),(0,0,1,'2018-05-28 03:07:10.976275','2018-05-28 03:07:10.976463',916,'2018-05-28',11,11,1016),(0,0,1,'2018-05-28 03:15:18.477324','2018-05-28 03:15:18.477448',921,'2018-05-28',11,11,1021),(0,0,1,'2018-05-28 03:20:12.389128','2018-05-28 03:20:12.389255',926,'2018-05-28',11,11,1026),(0,0,1,'2018-05-28 03:35:03.746819','2018-05-28 03:35:03.746945',931,'2018-05-28',11,11,1031),(0,0,1,'2018-05-28 03:37:26.290025','2018-05-28 03:37:26.290153',936,'2018-05-28',11,11,1036),(0,0,1,'2018-05-28 03:53:04.784082','2018-05-28 03:53:04.784208',941,'2018-05-28',11,11,166),(0,0,1,'2018-05-28 04:00:51.838988','2018-05-28 04:00:51.839110',946,'2018-05-28',11,11,1041),(0,0,1,'2018-05-28 04:13:05.902627','2018-05-28 04:13:05.902754',951,'2018-05-28',11,11,1046),(0,0,1,'2018-05-28 04:38:41.745384','2018-05-28 04:38:41.745509',956,'2018-05-28',11,11,1051),(0,0,1,'2018-05-28 04:50:21.041533','2018-05-28 04:50:21.041663',961,'2018-05-28',11,11,1056),(0,0,1,'2018-05-29 02:06:24.466568','2018-05-29 02:06:24.466694',966,'2018-05-29',11,11,1061),(0,0,1,'2018-05-29 02:16:58.075298','2018-05-29 02:16:58.075465',971,'2018-05-29',11,11,1066),(0,0,1,'2018-05-29 02:40:45.392688','2018-05-29 02:40:45.392819',976,'2018-05-29',11,11,806),(0,0,1,'2018-05-29 03:01:33.900033','2018-05-29 03:01:33.900163',981,'2018-05-29',11,11,1071),(0,0,1,'2018-05-29 03:13:48.338152','2018-05-29 03:13:48.338278',986,'2018-05-29',11,11,1076),(0,0,1,'2018-05-29 03:36:57.649447','2018-05-29 03:36:57.649573',991,'2018-05-29',11,11,1081),(0,0,1,'2018-05-29 03:52:52.025644','2018-05-29 03:52:52.025772',996,'2018-05-29',11,11,1086),(0,0,1,'2018-05-29 04:05:53.094882','2018-05-29 04:05:53.095011',1001,'2018-05-29',11,11,1091),(0,0,1,'2018-05-29 04:19:55.598179','2018-05-29 04:19:55.598305',1006,'2018-05-29',11,11,1096),(0,0,1,'2018-05-29 04:48:47.879742','2018-05-29 04:48:47.879869',1011,'2018-05-29',11,11,951),(0,0,1,'2018-05-29 05:03:48.722398','2018-05-29 05:03:48.722528',1016,'2018-05-29',11,11,1101),(0,0,1,'2018-05-29 05:12:17.927993','2018-06-07 02:43:58.735285',1021,'2018-05-29',11,11,1106),(0,0,1,'2018-05-29 05:27:08.619967','2018-05-29 05:27:08.620095',1026,'2018-05-29',11,11,1111),(0,0,1,'2018-05-29 05:35:29.866904','2018-05-29 05:35:29.867033',1031,'2018-05-29',11,11,1116),(0,0,1,'2018-05-29 05:42:05.066339','2018-05-29 05:42:05.066465',1036,'2018-05-29',11,11,1121),(0,0,1,'2018-05-29 05:51:27.763273','2018-05-29 05:51:27.763444',1041,'2018-05-29',11,11,1),(0,0,1,'2018-05-30 02:11:20.180484','2018-05-30 02:11:20.180616',1046,'2018-05-30',11,11,1136),(0,0,1,'2018-05-30 02:25:40.336264','2018-05-30 02:25:40.336410',1051,'2018-05-30',11,11,881),(0,0,1,'2018-05-30 02:43:50.114089','2018-05-30 02:43:50.114220',1056,'2018-05-30',11,11,1141),(0,0,1,'2018-05-30 03:00:45.939595','2018-05-30 03:00:45.939759',1061,'2018-05-30',11,11,1151),(0,0,1,'2018-05-30 03:08:43.416472','2018-05-30 03:08:43.416615',1066,'2018-05-30',11,11,1146),(0,0,1,'2018-05-30 03:22:33.088882','2018-05-30 03:22:33.089015',1071,'2018-05-30',11,11,1156),(0,0,1,'2018-05-30 03:23:12.590199','2018-05-30 03:23:12.590331',1076,'2018-05-30',11,11,1161),(0,0,1,'2018-05-30 03:29:39.680614','2018-05-30 03:29:39.680741',1081,'2018-05-30',11,11,1166),(0,0,1,'2018-05-30 03:40:41.234311','2018-05-30 03:40:41.234443',1086,'2018-05-30',11,11,1171),(0,0,1,'2018-05-30 03:49:10.844901','2018-05-30 03:49:10.845030',1091,'2018-05-30',11,11,1176),(0,0,1,'2018-05-30 04:31:28.982163','2018-05-30 04:31:28.982288',1096,'2018-05-30',11,11,1011),(0,0,1,'2018-05-30 04:51:59.100508','2018-05-30 04:51:59.100636',1101,'2018-05-30',11,11,826),(0,0,1,'2018-05-30 05:05:44.609594','2018-05-30 05:05:44.609726',1106,'2018-05-30',11,11,1181),(0,0,1,'2018-05-30 05:21:43.269478','2018-05-30 05:21:43.269605',1111,'2018-05-30',11,11,1186),(0,0,1,'2018-05-30 05:36:02.138132','2018-06-07 05:16:47.100471',1116,'2018-05-30',11,11,1191),(0,0,1,'2018-05-30 05:54:12.109844','2018-05-30 05:54:12.109972',1121,'2018-05-30',11,11,1196),(0,0,1,'2018-05-30 06:05:29.173340','2018-05-30 06:05:29.173466',1126,'2018-05-30',11,11,1206),(0,0,1,'2018-05-30 06:11:05.425680','2018-05-30 06:11:05.425809',1131,'2018-05-30',11,11,1201),(0,0,1,'2018-05-30 06:19:42.682924','2018-05-30 06:19:42.683051',1136,'2018-05-30',11,11,1211),(0,0,1,'2018-06-07 02:36:56.977235','2018-06-07 02:36:56.977364',1141,'2018-06-07',11,11,466),(0,0,1,'2018-06-07 02:57:41.440075','2018-06-07 02:57:41.440201',1146,'2018-06-07',11,11,606),(0,0,1,'2018-06-07 03:12:21.383481','2018-06-07 03:12:21.383647',1151,'2018-06-07',11,11,1216),(0,0,1,'2018-06-07 03:52:52.073137','2018-06-07 03:52:52.073262',1156,'2018-06-07',11,11,1226),(0,0,1,'2018-06-07 04:11:53.441080','2018-06-07 04:11:53.441205',1161,'2018-06-07',11,11,1231),(0,0,1,'2018-06-07 04:23:06.729186','2018-06-07 04:23:06.729314',1166,'2018-06-07',11,11,846),(0,0,1,'2018-06-07 04:45:27.827315','2018-06-07 04:45:27.827445',1171,'2018-06-07',11,11,1236),(0,0,1,'2018-06-07 05:10:01.864177','2018-06-07 05:10:01.864303',1176,'2018-06-07',11,11,1241),(0,0,1,'2018-06-07 05:23:36.401036','2018-06-07 05:23:36.401162',1181,'2018-06-07',11,11,1246),(1,1,1,'2018-06-14 18:52:35.579255','2018-06-14 18:52:35.579408',1182,'2018-06-14',12,12,676),(1,2,1,'2018-06-17 17:57:10.923960','2018-06-17 18:31:46.421299',1183,'2018-06-17',12,12,1257),(1,3,1,'2018-09-04 10:53:48.894770','2018-09-04 12:20:53.327297',1184,'2018-09-04',6,6,1260),(1,3,1,'2018-09-04 10:54:39.598907','2018-09-04 10:54:39.599015',1185,'2018-09-04',6,6,1260),(1,1,1,'2018-09-04 11:11:29.359151','2018-09-04 11:11:29.359252',1186,'2018-09-04',6,6,1262),(1,1,1,'2018-09-04 11:33:43.071416','2018-09-04 11:33:43.071517',1187,'2018-09-04',6,6,1263),(1,2,1,'2018-09-04 11:37:18.277088','2018-09-04 11:37:18.277192',1188,'2018-09-04',6,6,1264),(1,3,1,'2018-09-04 11:52:32.109256','2018-09-04 11:56:18.182446',1189,'2018-09-04',6,6,1265),(1,1,1,'2018-09-04 12:11:58.070617','2018-09-04 12:11:58.070719',1190,'2018-09-04',6,6,1266),(1,2,1,'2018-09-04 12:33:02.262368','2018-09-04 12:33:02.262536',1191,'2018-09-04',6,6,1268),(1,4,1,'2018-09-04 12:44:40.169214','2018-09-04 12:44:40.169316',1192,'2018-09-04',6,6,1269),(1,4,1,'2018-09-04 13:02:01.170629','2018-09-04 13:02:01.170730',1193,'2018-09-04',6,6,1267),(1,1,1,'2018-09-04 13:17:17.019384','2018-09-04 13:17:17.019489',1194,'2018-09-04',6,6,1270),(1,3,1,'2018-09-04 13:36:16.100765','2018-09-04 13:36:16.100872',1195,'2018-09-04',6,6,1271),(1,3,1,'2018-09-04 15:23:59.319299','2018-09-04 15:23:59.319398',1196,'2018-09-04',6,6,1272),(1,1,1,'2018-09-04 15:47:06.697932','2018-09-04 15:47:06.698038',1197,'2018-09-04',6,6,1273),(1,3,1,'2018-09-06 10:04:04.251097','2018-09-06 10:04:04.251202',1198,'2018-09-06',6,6,1278),(1,2,1,'2018-09-06 10:15:32.018526','2018-09-06 10:15:32.018633',1199,'2018-09-06',6,6,1279),(1,3,1,'2018-09-06 10:34:29.390984','2018-09-06 10:34:29.391088',1200,'2018-09-06',6,6,1280),(1,5,1,'2018-09-06 10:52:58.592852','2018-09-06 10:57:04.682550',1201,'2018-09-06',6,6,1281),(1,1,1,'2018-09-06 11:19:46.630753','2018-09-06 11:21:53.225376',1202,'2018-09-06',6,6,1282),(1,4,1,'2018-09-06 11:36:58.760833','2018-09-06 11:36:58.760984',1203,'2018-09-06',6,6,1284),(1,3,1,'2018-09-06 11:55:53.865958','2018-09-06 11:55:53.866068',1204,'2018-09-06',6,6,1283),(1,5,1,'2018-09-06 12:35:23.186272','2018-09-06 12:35:23.186373',1205,'2018-09-06',6,6,1286),(1,1,1,'2018-09-06 13:12:06.324172','2018-09-06 13:12:06.324301',1206,'2018-09-06',6,6,1287),(1,2,1,'2018-09-06 13:23:57.525715','2018-09-06 13:24:40.692760',1207,'2018-09-06',6,6,1289),(1,1,1,'2018-09-06 13:27:46.929374','2018-09-06 13:27:46.929487',1208,'2018-09-06',6,6,1288),(1,1,1,'2018-09-06 13:42:51.335084','2018-09-06 13:42:51.335185',1209,'2018-09-06',6,6,1290),(1,1,1,'2018-09-06 13:57:34.921969','2018-09-06 13:57:34.922070',1210,'2018-09-06',6,6,1291),(1,1,1,'2018-09-06 14:08:08.769308','2018-09-06 14:08:08.769413',1211,'2018-09-06',6,6,1292),(1,2,1,'2018-09-06 14:19:52.668584','2018-09-06 14:19:52.668711',1212,'2018-09-06',6,6,1293),(1,1,1,'2018-09-06 14:29:43.014858','2018-09-06 14:29:43.014961',1213,'2018-09-06',6,6,1294),(1,1,1,'2018-09-06 14:43:43.737046','2018-09-06 14:43:43.737148',1214,'2018-09-06',6,6,1298),(1,1,1,'2018-09-07 10:04:31.956917','2018-09-07 10:04:31.957023',1215,'2018-09-07',6,6,1299),(1,2,1,'2018-09-07 10:11:27.573577','2018-09-07 11:10:14.661682',1216,'2018-09-07',6,6,1300),(1,1,1,'2018-09-07 10:26:29.949130','2018-09-07 10:26:29.949235',1217,'2018-09-07',6,6,1301),(1,1,1,'2018-09-07 10:38:21.271470','2018-09-07 10:38:21.271574',1218,'2018-09-07',6,6,1302),(1,1,1,'2018-09-07 10:55:54.163495','2018-09-07 12:21:32.387616',1219,'2018-09-07',6,6,1303),(1,2,1,'2018-09-07 11:08:14.704648','2018-09-07 11:09:52.576703',1220,'2018-09-07',6,6,1304),(1,1,1,'2018-09-07 11:19:53.906528','2018-09-07 11:19:53.906635',1221,'2018-09-07',6,6,1305),(1,1,1,'2018-09-07 11:38:54.538434','2018-09-07 11:38:54.538533',1222,'2018-09-07',6,6,1306),(1,1,1,'2018-09-07 11:56:42.545587','2018-09-07 11:56:42.545709',1223,'2018-09-07',6,6,1307),(1,2,1,'2018-09-07 12:00:09.733097','2018-09-07 12:09:41.033407',1224,'2018-09-07',6,6,1308),(1,1,1,'2018-09-07 12:09:14.743841','2018-09-07 12:09:14.743950',1225,'2018-09-07',6,6,1309),(1,1,1,'2018-09-07 12:42:25.578657','2018-09-07 12:42:25.578764',1226,'2018-09-07',6,6,1310),(1,1,1,'2018-09-07 13:05:06.094417','2018-09-07 13:05:06.094519',1227,'2018-09-07',6,6,1311),(1,1,1,'2018-09-07 15:11:50.829328','2018-09-07 15:11:50.829430',1228,'2018-09-07',6,6,1312),(1,1,1,'2018-09-07 15:29:29.514650','2018-09-07 15:29:29.514754',1229,'2018-09-07',6,6,1313),(1,4,1,'2018-09-07 15:49:08.548437','2018-09-07 15:49:08.548542',1230,'2018-09-07',6,6,1314),(1,1,1,'2018-09-08 10:06:40.538301','2018-09-08 10:06:40.538419',1231,'2018-09-08',11,11,1317);
/*!40000 ALTER TABLE `visit_visit` ENABLE KEYS */;
UNLOCK TABLES;

--
-- Table structure for table `visit_visitpayment`
--

DROP TABLE IF EXISTS `visit_visitpayment`;
/*!40101 SET @saved_cs_client     = @@character_set_client */;
/*!40101 SET character_set_client = utf8 */;
CREATE TABLE `visit_visitpayment` (
  `is_active` tinyint(1) NOT NULL,
  `created_on` datetime(6) NOT NULL,
  `modified_on` datetime(6) NOT NULL,
  `id` int(11) NOT NULL AUTO_INCREMENT,
  `visit_amount` int(10) unsigned DEFAULT NULL,
  `created_by_id` int(11) DEFAULT NULL,
  `modified_by_id` int(11) DEFAULT NULL,
  PRIMARY KEY (`id`),
  KEY `id` (`id`)
) ENGINE=InnoDB AUTO_INCREMENT=6 DEFAULT CHARSET=utf8mb4;
/*!40101 SET character_set_client = @saved_cs_client */;

--
-- Dumping data for table `visit_visitpayment`
--

LOCK TABLES `visit_visitpayment` WRITE;
/*!40000 ALTER TABLE `visit_visitpayment` DISABLE KEYS */;
INSERT INTO `visit_visitpayment` VALUES (1,'2018-06-13 19:16:48.323465','2018-06-13 19:16:48.323617',1,500,12,12),(1,'2018-06-17 17:56:58.664374','2018-06-17 17:56:58.664485',2,0,12,12),(1,'2018-09-04 10:54:34.734192','2018-09-04 10:54:34.734295',3,600,6,6),(1,'2018-09-04 12:43:22.811865','2018-09-04 12:43:22.811964',4,400,6,6),(1,'2018-09-06 10:52:49.237425','2018-09-06 10:52:49.237544',5,800,6,6);
/*!40000 ALTER TABLE `visit_visitpayment` ENABLE KEYS */;
UNLOCK TABLES;
/*!40103 SET TIME_ZONE=@OLD_TIME_ZONE */;

/*!40101 SET SQL_MODE=@OLD_SQL_MODE */;
/*!40014 SET FOREIGN_KEY_CHECKS=@OLD_FOREIGN_KEY_CHECKS */;
/*!40014 SET UNIQUE_CHECKS=@OLD_UNIQUE_CHECKS */;
/*!40101 SET CHARACTER_SET_CLIENT=@OLD_CHARACTER_SET_CLIENT */;
/*!40101 SET CHARACTER_SET_RESULTS=@OLD_CHARACTER_SET_RESULTS */;
/*!40101 SET COLLATION_CONNECTION=@OLD_COLLATION_CONNECTION */;
/*!40111 SET SQL_NOTES=@OLD_SQL_NOTES */;

-- Dump completed on 2018-09-08 10:20:59
